:020000041000EA
:1000000000B5324B212058609868022188439860DF
:10001000D860186158612E4B002199600221596106
:100020000121F02299502B49196001219960352056
:1000300000F044F80222904214D00621196600F024
:1000400034F8196E01211966002018661A6600F04E
:100050002CF8196E196E196E052000F02FF8012189
:100060000842F9D1002199601B49196000215960AB
:100070001A491B48016001219960EB211966A021F2
:10008000196600F012F800219960164914480160C1
:100090000121996001BC002800D000471248134993
:1000A000086003C880F30888084703B5996A0420EC
:1000B0000142FBD001200142F8D103BD02B5186610
:1000C0001866FFF7F2FF186E186E02BD00000240BE
:1000D000000000180000070000035F00212200005C
:1000E000F4000018222000A00001001008ED00E03C
:1000F00000000000000000000000000074B24E7A12
:1001000000200420F7010010CB010010CD010010E9
:10011000C9010010C9010010C9010010C901001077
:10012000C9010010C9010010C90100103D330010C1
:10013000C9010010C9010010D1320010B533001000
:10014000C1010010C1010010C1010010C101001067
:10015000C1010010C1010010C1010010C101001057
:10016000C1010010C1010010C1010010C101001047
:10017000C1010010C1010010C1010010C101001037
:10018000C1010010C1010010C1010010C101001027
:10019000C1010010C1010010C1010010C101001017
:1001A000C1010010C1010010C1010010C101001007
:1001B000C1010010C1010010C1010010C1010010F7
:1001C000EFF30580103800BE00BE00BE00BE00BECA
:1001D00000BE00BEF2EB887180C60310A0C60310FB
:1001E0003802001090A31AE700201E49086006C8D4
:1001F00081F3088810471C480068002801D00020BF
:10020000F3E70DA40ECC002902D000F012F8F9E7B4
:100210001649174A002000E001C19142FCD115495E
:100220008847154988471549884700BEFDE701C939
:1002300001C29A42FBD37047A0C60310C000002041
:10024000C0080020A0CE03100000042000000420FD
:10025000A0CE0310001004200010042000000000B5
:100260007047000008ED00E0000000D0C00800204A
:10027000F8110120591500109902001051150010B5
:1002800010B5044C200001F093FAFA20800002F02F
:1002900033FAF7E76884031000B583B001F03CFA45
:1002A000022001F029FD012001F02EFC084B8022E4
:1002B000019301230749520000930748002302F0ED
:1002C000A3F803F05BFF02F011F9044800F03EF8D8
:1002D000141100207884031081020010848403101C
:1002E00010B54024074A83009A181268C000544091
:1002F000C0222240044C1B191A60044BC0184160F4
:1003000010BDC04604C0014004D00140004001407F
:100310000123D0228340120693629361084A83002E
:100320009A1811684022514080320A400549C000A5
:100330005B181A60044BC018052343607047C04621
:1003400004C0014004D00140004001400FB400B59A
:10035000084883B001F02CFA049B002B07D005A9B4
:100360001800019101F0BEF8034801F021FA0120C4
:1003700001F0D0F8A08403107484031010B5014874
:10038000FFF7E4FFB084031070B58C461600EFF35E
:10039000108472B60F490B68002BFCD0BFF35F8F3F
:1003A0006346DB08C5180722C05C63461A40012378
:1003B00093401A000240034207D118432870BFF34C
:1003C0005F8F0A6084F3108870BD61463000FFF7CC
:1003D000BDFFC0462C0100D0044A1078431CDBB29C
:1003E000172B00D9102313707047C0464802002015
:1003F0000021044B044ABFF35F8F02C39342FAD13A
:100400007047C046000100D0800100D0084B094A67
:100410001360094A1360094A1360094A1360094AC4
:100420001360094A1360094A1360094A1360704750
:100430008080808000E400E004E400E008E400E064
:100440000CE400E010E400E014E400E018E400E054
:100450001CE400E01F2318401E3B8340002905D008
:10046000C021044A4900535013607047802201495B
:100470008B50FAE700E100E010B5EFF3108C72B694
:100480000F4A1368002BFCD0BFF35F8F0D4B103069
:100490009B6880001B580C4A934201D099420CD1B2
:1004A000084B9B681950BFF35F8FBFF35F8F00222B
:1004B000034B1A608CF3108810BD00F0A1FDC046FC
:1004C000240100D000ED00E0C1010010024BC9186A
:1004D000890001607047C0464000003470B5114C7F
:1004E000114DAC420FD2FF262368002B0CD0FFF732
:1004F00073FF01002000FFF7E9FFA680BFF35F8FC5
:100500000834AC42F0D370BDFFF766FF0100200055
:10051000FFF7DCFF2671BFF35F8F0834AC42E3D3F3
:10052000F1E7C046B8080020C00800200A4B19684F
:10053000EFF3108072B60A68002AFCD0BFF35F8F19
:100540001B68BFF35F8F00221A6080F3108840BFE2
:10055000002000217047C04610110020F0B5DE4693
:1005600057464E464546E0B585B0EFF30583032276
:100570001A40B34B91005F58012393409B4602926F
:100580005A468846AF4B1A60AF4B03935B46AF4861
:1005900043630823FE5E002E37DABB881BB2002BB4
:1005A00000DBA4E0BB79002B00D0E5E00823F95E76
:1005B000002920DB4B007A695B18DB00D3189D68AB
:1005C000DC686B1C00D104E1A04801004144826A50
:1005D0000B69AE1A9B1A9E4215D30123026A029838
:1005E00083401A420FD0994800F054FB8C4202DC41
:1005F000CCD18542CAD940BF05B0F0BCBB46B2469B
:10060000A946A046F0BD0D61EDE77A6973009146F9
:100610009B19DB0099444B469C68DD6800F03AFB6F
:100620008D42BADC00D1F6E0002D00DADBE04A466C
:100630004B4652691B699246039A934200D1CCE023
:100640004A460821785E5288000451461043984774
:10065000009001910099019A0B00134300D1C2E070
:1006600013000A00002B00DBD9E020002900801ACB
:1006700099414B469860D96000229B5E002B00DABE
:100680008BE75D007C69EA18D200A2180094946898
:10069000D268A2468A4200DD7FE702D1844200D9B7
:1006A0007BE70824A4463B81BC44009C00972F00B4
:1006B0006546B4463E0006E05E00F218D200A2187D
:1006C0009768D268BA468A4207DC00D1B4E0F318D2
:1006D000DB00E518E35E002BEEDA66464A46009F33
:1006E00013802E80BB881BB2002B00DA5AE73A69D0
:1006F000EFF3108172B61368002BFCD0BFF35F8F4D
:100700000123BE885B42BB8036B23B69BFF35F8F7B
:1007100000221A6081F31088002E00DA42E73B00C5
:1007200008333A0099467D6973009B190824115FCC
:10073000DB004846EB18002913DB9C680093A446B5
:10074000DC6806E0A34240D00023F95E38000029AF
:1007500006DB4F007F18FF00EF19FB68A342F1DDB5
:10076000009B068000201E5E1980002EDCDA170038
:10077000BB79002B00D119E70023BB710823F95E78
:100780004B1C00D137E73D000835AC467C6903E0DF
:1007900084464B1C00D109E74B005B18DB00E018D6
:1007A0000A00E15E43881BB2002BF1DA01256D429D
:1007B000EE178560C66008257B5F9342E9D06346EB
:1007C00019803B8903803A81E3E7BB686345BBD965
:1007D000C6E7631C00D0F7E605E7534650461B69A1
:1007E0009847002823D14B461B883A693B81EFF399
:1007F000108372B611680029FCD0BFF35F8F4946A1
:100800007A880A803A697E80BFF35F8F0021116089
:1008100083F31088C1E6844200D805E7BDE60B48A3
:1008200000F038FA009B019CC018614121E7534653
:100830000CCB009201930DE7824500D847E74CE7C7
:10084000800F00203C7005405D0500100040054011
:1008500070B52D4C2569002D04D00A212B48FFF7D7
:1008600035FE70BD2A4E0321294800F009FAE660E2
:10087000FFF7B2FD274B0322C018D02322701B06BE
:100880001B6801216370244B8000A3600F2320614B
:100890000220638063694942A18019800231198670
:1008A00047311D83585218315A5275325C3999526A
:1008B00018320131995218320131995218320131EE
:1008C0009952083518329D52023118329952183215
:1008D000013199521832013199521832013199522D
:1008E0001832013199521832013199520B4B0C498F
:1008F000DC6001303562FFF7BFFD01210320FFF707
:10090000A9FD084B1D60A8E7580200201011002027
:100910000040054040000034FFFF1000800F002021
:100920005D0500103860054070B582B000920193FB
:1009300001000269EFF3108472B61368002BFCD03B
:10094000BFF35F8F0223C85E0D6900283FDB4A6951
:10095000430016001B18DB00D218F35A4B80BFF37C
:100960005F8F00232B6084F31088069B1361079B25
:100970005361009B019C9360D460538801335B04F6
:100980005B0C1D1C002B20D0ACB20304558023430C
:100990000D69EFF3108C72B62C68002CFCD0BFF3FD
:1009A0005F8F8C88148088800A69BFF35F8F002076
:1009B00010608CF310880A7801309040CA680849AA
:1009C00052181060180002B070BD0125DCE7BFF3BB
:1009D0005F8F00232B6084F31088013BF2E7C04651
:1009E0003C20000010B543890A1493421ADD5300DD
:1009F0009B184269DB00D3180469EFF3108C72B6C0
:100A00002268002AFCD0BFF35F8F5A88090494B291
:100A1000090C8A4208D00369BFF35F8F00221A6075
:100A20008CF31088002010BD094A22435A8001230C
:100A300002698371BFF35F8F002111608CF310880E
:100A4000027804499340C268012052181360EAE713
:100A50000080FFFF3C200000F0B5C64600B582B024
:100A6000040000F01FF9FA2206000F002000002306
:100A70000021920000F0B4FC8019794104000D1EA1
:100A800002DA01242E4D644206267642F717361903
:100A90006F41AF4214D811D000F004F932003B008E
:100AA000121A8B41002B15DC002B46D020002900A8
:100AB00000F002F902B080BCB846F0BDA642EBD906
:100AC0000026002700F0EEF832003B00121A8B419E
:100AD000002BE9DD00F0E6F832003B00121A8B41F2
:100AE000002B0ADB00230193164B320000931648BB
:100AF0003B00FFF719FF0130D8D000233900B04682
:100B00009C46124A1248536A994204D8966A46454E
:100B1000CCD29942CAD10668EFF3108772B6336817
:100B2000002BFCD0BFF35F8F0368BFF35F8F664677
:100B30001E6087F3108820BFE5E7002AB6D0C9E71A
:100B4000FFFFFF7F2D0500105802002000400540E8
:100B500010110020F0B5CE46474680B504000D00C8
:100B600085B0EFF305838946002B32D1404E3368C0
:100B700083422AD03F4FFB683A7898461800039288
:100B800000F088F8039A131D42469B009B582200F0
:100B90001B1A9C462B00121A8B41190000231000CF
:100BA0008B4225DC22D020BF334B586A48452BD3DB
:100BB000401B9A6A431E98410023A2425B4118439E
:100BC00005B0C0BCB946B046F0BD73688B42D1D108
:100BD000E9E7294900204B6AAB42F1D38A6A5B1BE3
:100BE000591E8B41A24240411843E9E78445DAD9B6
:100BF00000F058F822002B00121A8B41002B05DA66
:100C00001D4A536A4B4529D20020D9E7002301939E
:100C10001A4B2200009338002B00FFF785FE0028B6
:100C2000EEDD154B30C65A6A4A4515D39B6AA3427E
:100C300010D301003800FFF7D5FE0F4A0020536A99
:100C40004B45BDD3926A5B1B591E8B41A24240416A
:100C50001843B5E74A45ECD120BFEAE70020926A85
:100C60005B1BA24240415A1E93411843A8E7C0466D
:100C70005002002058020020004005402D050010C1
:100C800010B5024A0248FFF77FFB10BDC084031075
:100C9000000D00200300416A0A00986A596A8A42DE
:100CA000FAD17047034B596A0A00986A596A91420F
:100CB000FAD1704700400540064A536A9942FCD871
:100CC00007D1044B02E05A6A914202D19A6A9042DB
:100CD000F9D8704700400540F8B5DE464E46454617
:100CE0005746E0B505008B4618000A99914600F07A
:100CF000E5FA0A9B6C001E026419304BA400E4184C
:100D0000636880469E4200D966602F1FFBB29A46F8
:100D1000012B2FD9C0238022294FAD009B01795987
:100D20001201E3181A6000291BD14B4622685B01AF
:100D30005340E022134080225201A2181360534610
:100D4000012B2FD9802380229B01E31812011A6006
:100D5000434666607B51F0BCBB46B246A946A046FE
:100D6000F8BD786900F0AAFA013043001B18033B74
:100D7000FDD2DAE75B46012BCCD1C02303229B01D5
:100D8000E3181A60023AA3681A42FCD04A46236864
:100D900052015A40E023134080225201A218084F0A
:100DA0001360AD0058460323216841400B40136097
:100DB00001228240A3681A42FCD0C3E700800040B1
:100DC000040D0020F0B5D6464F46464644009846EE
:100DD0002418324BA400E41863688A469146C0B5D3
:100DE000FF2B02D880235B006360061FF6B2012E42
:100DF0002FD9C02380222A4F85009B0179591201E7
:100E0000E3181A6000291BD14B4622685B0153404E
:100E1000E022134080225201A2181360012E30D923
:100E2000802380229B01E31812011A6080235B005B
:100E3000636043467B51E0BCBA46B146A846F0BD6C
:100E4000786900F03BFA013043001B18033BFDD2E8
:100E5000DAE75346012BCCD1C02303229B01E318D0
:100E60001A60023AA3681A42FCD04A46236852012B
:100E70005A40E023134080225201A218084F136009
:100E8000850050460323216841400B401360012236
:100E90008240A3681A42FCD0C2E7C04600800040EE
:100EA000040D0020014B8000C0587047040D002045
:100EB000F0B5C646040000B52348160098460D005C
:100EC00000F0FCF90100300000F0F8F94346069A02
:100ED0001B04120313439C4623680600002B22DBED
:100EE0001A4B1B48E218531E9A4180235242120BA0
:100EF0009B011203D218174B1A60174B1A6013008C
:100F000001688B43FBD12122144B2560E318A660B6
:100F10001A602268002AFCDA6246E26008221A603F
:100F200080BCB846F0BD3F2322681340AB42D7D106
:100F3000A3681B051B0D8342D2D1EE22E368D202C7
:100F400013406345CCD1EBE7001BB7000040FDBF69
:100F500008C0004000E0004000F000400430000005
:100F60008023024A9B000B43D362704700800540F8
:100F7000002310B50100988A1B8B984710BDC0460E
:100F8000162310B5010018885B88984710BDC0462D
:100F9000F8B54746CE4680B50F1E18D014239946A3
:100FA000043304000025012698464B461888434622
:100FB00021681B88984701C4431E984101350640AB
:100FC000AF42F2D13000C0BCB946B046F8BD0126F0
:100FD000F8E7C046AA23064A1B0113608D235B0075
:100FE000D3600449044B19605368002BFCDA704746
:100FF0000040024000B0FA00006002407047C04666
:1010000010B50148FFF7A2F9E484031070B5074D4D
:10101000074EB54209D20024013E761BB6080136C0
:1010200008CD01349847B442FAD170BD288403102A
:1010300064840310054B064A06491A60064A074BAA
:101040001A6010000B689843FBD1704700E0004025
:10105000BFCDFBFE08C00040FE7F3C0000F000401A
:10106000044BDB6C002B03D18022034BD2021A60AD
:101070007047C046000011504C201150044A054BE7
:101080001A60054A1368DB018033FBD17047C04604
:10109000FFFFFF0100F0004008C000404022034B6A
:1010A0009A675A671A67DA667047C04600F00140CF
:1010B00010B5FFF79DF910BD70B52749274E284D93
:1010C000761AB4082200302C00D930222800920071
:1010D00000F0FAF92F2C3BD823002A3B214A052B9C
:1010E0001BD93020AE197107001B2600CB0F002939
:1010F00002DAA1006A50661CC01AE3189B0041087E
:10110000EB18C900C9181A605A6008338B42FAD12B
:10111000012303421CD098438419A300EA50631CA6
:101120002F2C15D09B00EA50A31C2E2C10D09B0016
:10113000EA50E31C2D2C0BD09B00EA50231D2C2CD5
:1011400006D09B00EA50631D2B2C01D09B00EA5077
:10115000054B9D6070BDC04600010010C00100102D
:1011600000000020C101001000ED00E0002310B5D8
:10117000294C82B0A367FFF72DFF0122274B1A608D
:10118000636C012BFCD10322254B1A60224A936B1E
:10119000012BFCD1013300930121224A2248043360
:1011A000FFF786FE052301210093204A2048FFF720
:1011B0007FFE0022022104201E4BFFF703FE0022C7
:1011C000012105201C4BFFF7FDFD00220021072017
:1011D0001A4BFFF7F7FD002200210820174BFFF7FD
:1011E000F1FD8023DB000093002200210920134B36
:1011F000FFF772FD0022104B00210620FFF7E2FDF1
:101200000420FFF74FFE0E4900F058F801000020BF
:10121000FFF7A6FE02B010BD008000403CB00040C9
:1012200030B00040002F685900800240008C864793
:1012300000C00240001BB70040597307006CDC027D
:1012400040420F0001480421014B18477002002062
:10125000910F0010014B5B681847000070020020DE
:10126000014B9B681847000070020020124A936FE0
:101270009B0815D29066D166002905D0FFE7FFE7ED
:10128000FFE7516F106F704704B580210906C21740
:101290005140002800D0C84337F0BEF8002104BDFB
:1012A000F0B5146E556E576F166FFFF7E3FF1466B7
:1012B000556657671667F0BD000000D0114A936F5E
:1012C0009B0813D210665166002905D0FFE7FFE79F
:1012D000FFE7516F106F704704B5002801D0002060
:1012E000C04337F099F8002104BDC046F0B5146E34
:1012F000556E576F166FFFF7E5FF14665566576713
:101300001667F0BD000000D010B50148FFF71EF8C9
:10131000F0840310132370B51D78012D19D014DD4E
:101320001D48FFF72DFE06001C48FFF729FE1C4C48
:1013300080223100200000F0C7F8022D06D01948A5
:10134000FFF716FE184B186070BD154C174BA364C1
:10135000F5E7174B124C23606360A360E3602361E1
:101360006361A361E36123626362A362E362236357
:101370006363A363E36323646364A364E364236537
:101380006365A365E36523666366A366E366236717
:101390006367A367E367D9E753440000534600003F
:1013A000400A00204C3300000C100020B513001040
:1013B0000913001007B5604601880A0A0230DF2AC7
:1013C000FAD1C9B2820804D30288408800041043CD
:1013D00000E00068014A5050039007BD400A002019
:1013E00051434343C9188C46110C83B24B4310B48C
:1013F000040C614392B280B2504362431C041B0C44
:10140000001910BC59411304120CC0185141614419
:101410007047000010B50148FEF798FF7484031070
:10142000132310B51C781148FFF7AAFD012C0BD02F
:1014300004DD010080220E4800F046F80D48FFF759
:1014400097FD0D4B186010BD094C0100542220007F
:1014500000F03AF822002000084980320368002B8F
:1014600000D1016004309042F8D1E7E75346000014
:10147000101000204C3300000C1000201514001038
:1014800010B5040036F034FB002804D0034B0419D7
:101490009C4200D810BD0248FEF758FF000004200F
:1014A0000885031010B536F02DFB10BD014804214E
:1014B000014B184780020020910F0010014B1B6860
:1014C0001847000080020020014B5B6818470000AD
:1014D0008002002010B5002800D110BD00F01EF9D8
:1014E000FBE7C04610B5094A0300146884B0002C1D
:1014F00008D0012200910648524203A9A0470120CA
:1015000004B010BD00F054F90020F9E73C0D0020B4
:10151000D514001000BEFDE77047C046094A1368A5
:10152000002B06D008491818884208D81060180007
:101530007047064B0449181813608842F6D90123F6
:101540005B42F4E7380D002000000420F811012070
:1015500010B5FFF7DFFFC04670B5FFF757FD074D29
:10156000074EB54209D20024013E761BB60801366B
:1015700008CD01349847B442FAD170BD6484031099
:1015800068840310030010B5080011001B68984719
:1015900010BDC046F8B5437D07000D001600002BB6
:1015A00038D0002A1ADD0B780A2B18D00020012E23
:1015B00009D0012421006B5C01340A2B1AD0B442FB
:1015C000F8D1864203DD311A3B6828189847AD19D7
:1015D000013D2B780D3B5A4253413B75F8BD037DCD
:1015E000002BE3D102210E483B689847012EEED034
:1015F0000120DEE76B1E5B5C0D2BE0D0884203DA36
:10160000091A3B6828189847054802213B68984703
:101610002000D4E70368110028009847DEE7C046A1
:101620000C860310F0B54646D6464F46C0B582B08C
:1016300090461C0006000D00FFF734FB00232F4AE4
:1016400012184B41002B02DA01222D4B52422D4938
:1016500008008A4636F0D8FE81466B1C03D1300064
:1016600036F046FD0500002C27D0274F274B1C687D
:10167000002C18D04346002B21D1254B984602E080
:101680002469002C0FD02368002BF9D043461B6837
:10169000002B01D09C42F3D120002A003100B84732
:1016A0002469002CEFD14B46002B23D1280002B037
:1016B000E0BCBA46B146A846F0BD164FD6E7144B7B
:1016C000984602E02469002CEDD02368002BF9D065
:1016D00043461B68002B01D0A342F3D12A003100FE
:1016E0002000B8476B460A222000DA71D91D093A5A
:1016F000B847E7E7504636F07FFED7E740420F0095
:10170000FFFFFF7FB8080020951500102C0D00206A
:10171000340D00208515001000207047F0B5CE462E
:10172000474680B583B06B460600DD1D2870FFF785
:10173000B9FA0023194A12184B41002B02DA012290
:10174000174B524217490800894636F05DFE164B8A
:1017500080461C68002C14D0144F02E02469002C31
:101760000FD02368002BF9D03B68002B01D09C429E
:10177000F4D1200001222900FFF70CFF2469002C7E
:10178000EFD14346002B05D1300003B0C0BCB946B1
:10179000B046F0BD484636F02FFEF5E740420F0058
:1017A000FFFFFF7FB80800202C0D0020340D002023
:1017B00070B5040036F09CFC0123010005000122F5
:1017C0002000FFF72FFF084B1C68002C06D0636831
:1017D000002B05D098472469002CF8D1280070BD53
:1017E0002469002CF3D1F9E72C0D0020F0B5454613
:1017F00080463C4B4E4643445A1E9341DE46574674
:101800008022E0B55B421B0C92021B049B18364AF7
:1018100083B01360354A8946354913601D000A6854
:101820009543FBD10620FFF73DFB43465A68022350
:101830001A4000922F4A8026424413604B4682464B
:10184000D90D580201920B0002000224760006E036
:10185000924506D3023412184B41B44201D0002BFA
:10186000F6D080272602361B7F0002E0361B012FB0
:1018700036D031005046BB46013FFFF71FFD814582
:10188000F4D2594661433D0243461C611B68FF2266
:101890006B40802512026D0113404544164A2B60AF
:1018A000009B4244136002204346019C5B68206019
:1018B0004446266807246640C83434402C6003241C
:1018C000034013600D4B43441C6010605046FFF70B
:1018D000F5FC03B0F0BCBB46B246A946A046F0BD3D
:1018E0002100D1E70000FCBF00E0004000F0004014
:1018F00008C0004004300000042000002420000044
:1019000010B5EFF3108C72B60A4B9A688300D0586A
:10191000814205D0084A90420AD3084A904207D231
:10192000044A9268D150BFF35F8F8CF3108810BDCA
:10193000FFF766FB00ED00E0C0010010D4010010CD
:1019400070B5204C20492068FFF750FF0221236822
:101950001E485A681818016018680A40CD31814342
:1019600080200125400118180160194912205B18D8
:101970001A600121FEF7B4FC01211320FEF7B0FC30
:10198000144C2088FEF7C4FC2A002388D0249A40F7
:10199000114E2406308862626261FEF7B9FC2A00AB
:1019A00033880E4E9A400023F05E62626261431CEF
:1019B00006D0FEF7ADFC0022B35E9D406562656116
:1019C00070BDC0469802002080F0FA02043000008A
:1019D00004200000940200209202002090020020C7
:1019E000F0B5DE4657464E464546E0B5037887B02B
:1019F000002B77D0013B1D003E4BD02701933E4B7F
:101A0000441C02933D4B3F069B46012398460133FD
:101A1000994603E0013DEDB2FF2D63D04046A21C84
:101A2000019903926278237800920A884446904094
:101A3000B86104A8C37102984E4603889C40BC61FB
:101A40005C4620684C46426822402D4C03191E60BB
:101A50008024C7260368B246734064010836011922
:101A600033400B60274B7F24C3181A6004ABD91D89
:101A7000012236F0B1FC0298009A03884046984053
:101A80007861584614404A4600681D49436813402F
:101A9000421849461160514602684A408021490176
:101AA000164042181660174E8219039E13603100CB
:101AB000220036F091FC4046019B34191B88984067
:101AC0006B461B7878615BB2002BA3DA2078661C2A
:101AD000FF2800D1F530013DEDB2FEF7BDFF340027
:101AE000FF2D9BD107B0F0BCBB46B246A946A0462D
:101AF000F0BDC0469402002092020020980200200F
:101B0000043000000420000000230321F0B585B05C
:101B100002AA93710A006B4B02401A706A4B0424AC
:101B20001B781D00A543012D0DD068490020095EDA
:101B3000022A24D0032A0BD1022B00D0ABE0602371
:101B400002AA937187E0800713D4604801800321C3
:101B5000012A00D176E0022B00D198E0042B00D1BD
:101B6000A7E0C82202A88271012B12D18020802216
:101B700011E056490D800121022A00D078E0022BA5
:101B800007D0042B00D19AE0082202A88271012B11
:101B9000ECD0A02080224E4B18804E4B1A804E4A2B
:101BA0004E4B12881A804E4B1980012422004D4B57
:101BB000D02500931B8821009A4036232D06AA6168
:101BC00002AAD371484A494E1388022799403068C7
:101BD0000192A961464942684318C7211F60036802
:101BE0003A404B4008310B408021490141180B60BD
:101BF000404BC3181A6002ABD91D012236F0ECFB32
:101C00002000019A3A491388984068613068CF26CD
:101C10004218C7214368176002683B404A40802150
:101C20004901164042181660324A02A98218136010
:101C30000631012236F0D0FB009B1B889C406C6172
:101C400005B0F0BD022B1ED0042B2CD0A82202A878
:101C50008271012B14D0A02080221E4B18801C4BB7
:101C60001A801D4A1E4B12881A801C4B19809CE753
:101C7000032A00D06CE7682202A88271012BEAD106
:101C800080208022E9E7A02302AA9371E3E7BE3314
:101C900002AA93717DE7042BEDD102AA5C33937104
:101CA000A0205022D9E702AA9C339371A020502291
:101CB000D3E702AABC339371A02050226BE7A02087
:101CC000502268E7F4110120F5110120EC110120E8
:101CD000EA110120EE110120E8110120F01101208C
:101CE000F2110120940200209202002098020020AC
:101CF0000430000004200000F0B5012585B0040088
:101D0000FFF71EFE2A006A4ED02733883F069A400E
:101D1000684BBA61009300229B5E5A1C0AD02A00CD
:101D20009A400520BA61FEF797FE009B00229B5E59
:101D30009D407D616048FFF753FE002C00D193E089
:101D4000012C00D1A2E0052C0FD0042C26D05B483A
:101D5000FFF746FE5A48FFF743FE022C30D0594B9E
:101D600000201C70FFF7D0FE16E08022564B57482B
:101D70001A80574B1A80FFF733FE0222554B50480A
:101D80001A80554B01321A80FFF72AFE01224D4B73
:101D900002201A70FFF7B8FE05B0F0BD50224A4B82
:101DA0004E481A804A4B50321A80FFF719FE18220B
:101DB000484B43481A800022474B1A80FFF710FE19
:101DC0000125C02302AA93712A003388D0279A40A4
:101DD00036233F06BA6102AAD3712A00404B022182
:101DE00000931B889A40BA613E4A3F4B10680192AB
:101DF000C3184268196003680A40C5314B40083176
:101E00000B408021490141180B60384BC3181A6000
:101E100002ABD91D012236F0DFFA2800009B022117
:101E20001B88019A9840304B78611068C31842684B
:101E3000196003680A40C5314B4008310B408021CE
:101E4000490141180B60294BC3181A6002AB991D58
:101E5000012236F0C1FA338800209D40194B7D6184
:101E60001C70FFF751FE97E72148FFF7B9FD0222EA
:101E7000184B13481A80184B013A1A80FFF7B0FD2F
:101E8000104B00201C70FFF73FFE85E780220E4BB1
:101E90000E481A800E4B1A80FFF7A2FD02220D4B4E
:101EA00007481A800C4B01321A80FFF799FD56E75C
:101EB00094020020900200207C8603105C860310B0
:101EC00010860310F5110120EA1101204C86031041
:101ED000EE110120E8110120EC1101203C860310D5
:101EE000920200209802002004300000042000002C
:101EF0006C860310F0B5C64600B5040001F03CFA4C
:101F0000364A374E1368013313603368002B34D0E0
:101F1000344BE26A98461B68002B28D0324D334977
:101F20000B6801330B606364314B1968914200D236
:101F30001A6093009B189B00E9184A68A260906899
:101F40000700E060201D78609060EA58616101320E
:101F5000EA5001F01DFA43461B68002B04D0336899
:101F6000DA6AE36A9A4211D380BCB846F0BD33689E
:101F7000DB6A9342D2D83460D0E734601368012B17
:101F800007D0184BE26A9846174DC8E701F0E8F908
:101F9000EAE7154D2F00380001F08CFA154B143785
:101FA000BB42F8D1144B9846180001F083FA134F46
:101FB000380001F07FFA124801F07CFA114801F074
:101FC00079FA114801F076FA4246104B1A60104B2C
:101FD000E26A1F60034B9846A1E7C0461C1100202F
:101FE000940F0020AC110120A80F00202811002020
:101FF0002C1100200C100020581101206C11012020
:1020000098110120C4110120B01101209C0F002063
:10201000A00F0020F8B54746CE460400264B80B5F9
:102020001E68264B264D1B6889461F00254B1B68E2
:1020300028689846043001F073FA631C18D02B68A6
:1020400034195C60A64208D929684046043101F081
:102050004DFAC0BCB946B046F8BD29683800043115
:1020600001F044FA184B1A68A242F2D91C60F0E75A
:102070004B46002B0CD12A68731E53609E42E3D856
:1020800029683800043101F031FA0F4B1B68E0E792
:102090000E4B29685A688A6090682968C860296868
:1020A000043141602968043191602A6853611A68DB
:1020B00001321A60CDE7C046D81101209C0F0020E4
:1020C000940F0020A00F00208C110120B0110120DE
:1020D000F8B5CE464746950080B5804628000E00EC
:1020E000994601F0B7F8071E00D187E0782001F08B
:1020F000B1F8041E00D17EE078220021FFF7DEF95E
:102100002A00A52138002763FFF7D8F9236B043D87
:102110005D1907239D43002E4BD034223378A354FE
:10212000002B43D073780132A354002B3ED0B378F8
:102130000132A354002B39D0F3780132A354002B81
:1021400034D033790132A354002B2FD0737901326C
:10215000A354002B2AD0B3790132A354002B25D0ED
:10216000F3790132A354002B20D0337A0132A354E7
:10217000002B1BD0737A0132A354002B16D0B37AF4
:102180000132A354002B11D0F37A0132A354002B57
:102190000CD0337B0132A354002B07D0737B013268
:1021A000A354002B02D04223B27BE25443230022EB
:1021B000E254089E042E1CD8201DE662E66401F05D
:1021C00085F92000183001F081F905239B1BA361DC
:1021D0004A46414628002461646201F0B1F8099B37
:1021E0002060002B00D01C602000C0BCB946B04667
:1021F000F8BD0426E0E7380001F038F80024F3E7E2
:10220000F0B5C646124B00B59846124D124F134E0C
:1022100014E001F0B1F8FB68DC68201D01F080F9E2
:102220003368013B33602B68013B2B6001F0B0F851
:10223000206B01F01BF8200001F018F82B68002B30
:10224000E7D143461B68012BF8D901F089F8F5E77F
:10225000A80F002020110020C41101201C11002013
:10226000F0B55746DE464E4645465E4BE0B51F6824
:1022700083B001371F60002F66D05B490B689F4217
:1022800077D35A4B98461B681B68002B00D1A3E0FC
:1022900000239C46564B45469A46564B564C99460B
:1022A000634600934B468C46B946019338E010686C
:1022B000013810609A6A002A0FD0D969186A8860BC
:1022C000D9694160180051681830814200D175E029
:1022D000002110689962013810600199D86A0A6873
:1022E000904200D908604746820012189200A11857
:1022F000486898608668DE6077608760A05859619A
:102300000130A05052461068DA6AC36A93429B417A
:10231000009A5B421A432B6800921B68002B55D031
:102320002B68DB68DB685A6891454AD39968D8689E
:102330005A698860996841605068191D88468842CA
:10234000B5D1D8685060B2E7284B2C4A196810689C
:10235000186011602A490A6801320A601A68126816
:10236000002A25D1012320495B420B600B689F4264
:1023700087D200239C461E4B1F4C9A465346012091
:102380001B68204AD96A12688B005B189B00E358CF
:102390009842804113005A1E9341404218436346BD
:1023A000184303B0F0BCBB46B246A946A046F0BDF8
:1023B0001B680D49DB681B680B605FE7186A50609B
:1023C00086E76146009B0A609C46D7E761469446D3
:1023D00001235B420B60D1E79C46054B064C9A46B5
:1023E000F6E7C046D81101208C1101209C0F002077
:1023F000940F00202C110020A80F0020A00F002017
:1024000090110120E411012010B582B0059C0194C7
:10241000049C0094FFF75CFE002804D0FFF76AFDDF
:10242000012002B010BD01204042FAE7F8B50400D7
:1024300000F0A2FF254E002C42D0201D01F070F8C4
:10244000A36A271D002B03D02000183001F068F884
:102450001F4A204D1368013313603368A34221D013
:102460002B681D4A1368013B13601C4B1A681268E5
:10247000002A13D01B68DB681A68194B1A6000F039
:1024800087FF206B00F0F2FE200000F0EFFE2B68CB
:10249000002B02D03368A34214D0F8BD104B013A90
:1024A0001A60ECE72B68002BDBD039000D4801F0F7
:1024B00011F80D4A13680133136000F069FFE6E775
:1024C0003468BAE700F04CFFE7E7C046940F0020FD
:1024D00028110020AC1101201C1100209C0F0020AD
:1024E0008C110120C41101202011002010B50024FE
:1024F00086B01022002102A8FEF7E0FF114B8022D7
:102500000293114B114801930094002302A9FFF795
:10251000DFFD002805D0FFF7EDFC00F055FE012897
:1025200003D00B4B1B6806B010BD72B60122094BDD
:1025300052421A60084B1860084B1C6000F066FF9E
:10254000EFE7C04649444C458411012001220010A8
:10255000B88603108C110120AC110120D811012084
:10256000024A1368013313607047C04624110020EB
:10257000F8B5DE46454657464E46E0B500F0FCFE4F
:10258000534D2B68013B2B602B68002B00D082E061
:10259000504B1B68002B7ED04F4F3B68002B00D167
:1025A00092E04E4BAB4618004D4B4E4C99464E4B6D
:1025B0009A46FB68DB68DE69196A9A6AB160DE696F
:1025C0004E601900566818318E4200D175E0002126
:1025D00099621168013911609E68D9685A69B160C1
:1025E0009E684E6051681E1DB14263D0116801396A
:1025F0001160D96A0268914200D901608A005218BC
:102600009200A1188C46496899608D68DD606E6003
:102610008E6061465961A1580131A1504A46116846
:10262000DA6ACB6A9A4240D9534601221A603B6863
:10263000002BBED12D4B5D461A681268002A3FD090
:102640001B68DB681A682A4B1A602A4E3468002C13
:1026500017D0330001272E001D0008E0FFF700FE11
:10266000002801D053461F60013C002C08D033687D
:10267000002BF3D02B68013C01332B60002CF6D1EA
:102680002C6053461B68002B05D0154B01241B689A
:1026900000F066FE00E0002400F07AFE2000F0BCAE
:1026A000BB46B246A946A046F8BD3B68002B00D009
:1026B0007FE7BFE7D968516098E7196A516086E7FC
:1026C0000B4B013A1A60C0E7074B9A46BDE7C0467C
:1026D000241100201C110020981101202C11002031
:1026E000940F0020A80F0020E41101209C0F00206F
:1026F0008C11012094110120F0B5C646040000B5EC
:1027000000281DD0154A136801331360144B154D72
:102710001E68154BA4191B689846144B1F6828683F
:10272000043000F0FDFE2B6829685C600431A6428D
:102730000BD9380000F0DAFEFFF71AFF002801D1AC
:1027400000F00EFE80BCB846F0BD404600F0CEFE64
:10275000074B1A689442EFD21C60EDE72411002069
:10276000D8110120940F00209C0F0020A00F002002
:102770008C110120014B18687047C046D811012008
:10278000064B10B51B68002B02D1FFF769FD10BD89
:10279000034A0020136801331360F8E72411002076
:1027A00094110120234B30B51B68002B03D001226C
:1027B000214B1A6030BD204A204C13602368204909
:1027C0009C4662469B009A1892008A58002A2BD198
:1027D00063465A1E9300981880000858002811D1AB
:1027E00063469A1E9300981880000858002809D163
:1027F0006346DA1E9300981880000858002801D11B
:10280000013A93009B189B00C818844665464068AF
:1028100008334068C9186860884207D0094BC1680E
:10282000196022601B68C5E76246EBE7E8686860EC
:10283000F4E7C04624110020E41101202C110020EF
:10284000A80F0020940F0020F0B5C6460D001E4CC6
:1028500000B52168183100F049FE1C4B1E681C4B66
:102860001B681F001B4B1B6820689846043000F053
:1028700057FE6B1C15D023682168AD195D600431CB
:10288000AE4205D9404600F031FE80BCB846F0BDEE
:10289000380000F02BFE104B1A689542F5D21D60EF
:1028A000F3E70E4B21685A688A6090682168C86017
:1028B00021680431416021680431916022685361CC
:1028C0001A6801321A60E0E7940F0020D811012045
:1028D0009C0F0020A00F00208C110120B0110120BE
:1028E000F8B54746CE462A4C43688846216880B5ED
:1028F000CB619D6821680D6221681831696021688B
:102900001831996023689862036801330360214B92
:10291000002A1ED01B68204B1B68204B1B682068B8
:10292000043000F0FDFD1E4B21685A688A609068F3
:102930002168C860216804314160216804319160D8
:10294000226853611A6801321A60C0BCB946B046A9
:10295000F8BD1E68104B1B689946104B1F68206815
:10296000043000F0DDFD43469D19236821685D6059
:102970000431AE4208D8484600F0B8FD094B1A6849
:102980009542E2D21D60E0E7380000F0AFFDDCE7E1
:10299000940F0020D81101209C0F0020A00F0020D0
:1029A000B01101208C110120C36870B5DB68D869B3
:1029B000196A9A6A8160D8694860180051681830AD
:1029C000814245D000219962116801391160274A7E
:1029D0001268002A2ED19868D9685A69816098686F
:1029E0004860191D8C465168614534D01168013921
:1029F00011601F4AD96A1068814227D866468A004A
:102A00001C48521892008418616899608D68DD60D6
:102A10006E608E6081585C6101318150164A0020E1
:102A20001168DA6ACB6A9A4203D90122134B01304A
:102A30001A6070BD124A5168D9618C681C6260606E
:102A4000886011689A6201311160E7E71160D5E78B
:102A5000196A5160B6E7D96851601168013911608F
:102A6000034AD96A10688142C8D9EFE724110020CF
:102A70002C110020A80F0020940F0020E411012049
:102A800098110120034B1B680360034B1B684360D4
:102A90007047C04690110120D8110120F8B50D00F3
:102AA000040000F069FC114A2B681168581C1AD008
:102AB0000F4E2768B44636686068B74208D088422F
:102AC00006D8002301242B6000F062FC2000F8BD32
:102AD0000E1AB342F5D95B1A1B182B6063461B68AC
:102AE0002360136863600024EEE7C046D81101201C
:102AF000901101200122014B1A607047E41101205E
:102B0000014B18687047C046940F0020F8B5041EAA
:102B100022D0204DC26A2B68DB6A9A4215D28369A3
:102B2000002B04DB2B68D96A05235B1A83619300B1
:102B30009B18194A9B001600D31862699A420DD05F
:102B40002B680120DB6AE36205E02B68C06CDB6A5E
:102B5000984280414042F8BD0020FCE7201D00F073
:102B6000DFFC2B68271DDA6A0C4BE26219688A4287
:102B700000D91A6093009B189B00F1184A68A26064
:102B80009068E06047609760F2586161013201200F
:102B9000F250E0E7940F0020A80F00202C11002035
:102BA000F8B5041E08D0036DC16AC26C013B036511
:102BB000914201D0002B01D00020F8BD071D043048
:102BC00000F0AEFC0523E26C9B1AA3610B4BE262A2
:102BD00019688A4200D91A60930009499B189B0022
:102BE000C8184268A2609568E5606F609760CA582F
:102BF000606101320120CA50DFE7C0462C1100207D
:102C0000A80F002070B5041E08D0C36C8B4206D3F9
:102C1000E26A9A4202D0216D012905D070BDE26AB4
:102C20000B009A42F7D1F9E7A169E362002902DBC0
:102C30000521CB1AA36193009B18104A9B00150035
:102C4000D31862699A42E9D1201D00F069FC0C4B4F
:102C5000E26A1968261D8A4200D91A6093009B18FF
:102C60009B00E9184A68A2609068E0604660966040
:102C7000EA5861610132EA50D0E7C046A80F00204F
:102C80002C110020034B1868002802D0036D01337B
:102C900003657047940F0020F8B504004746CE4600
:102CA000254D1A342B68A600F35880B588460700D6
:102CB0009146002B01D1002A1CD100F05DFB2B684E
:102CC000A400E658002E05D04346002B0ED000226B
:102CD0002B68E25000232868C0197430037000F09C
:102CE00057FB3000C0BCB946B046F8BD2B68721E19
:102CF000E250EFE7114A13680133136000F03CFB28
:102D00002B68F358002B04D000F042FBFFF730FC97
:102D1000D3E701222B68DB1974331A7000F038FBFB
:102D200001214846FFF776F9FFF722FC0028C4D1BD
:102D300000F016FBC1E7C046940F002024110020CC
:102D4000F8B51E0004000D00170000F015FB069BEF
:102D5000002B05D01A002B001A339B001B5913605F
:102D600002226319743319781A70C9B2032E14D071
:102D70000FD8012E41D0022E04D1AD006519AB6EE3
:102D80000133AB6601290DD0012400F001FB2000C6
:102D9000F8BD042EF6D1022935D01A35AD002F51D9
:102DA0000129F1D1A168E26863698A60A168201DE8
:102DB00051605A68824228D01A68013A1A60144B4E
:102DC000E26A19688A4200D91A60930011499B1877
:102DD0009B00CD186A68A2609668E660706090609B
:102DE000CA5865610132CA500B4B1B68DA6AE36A44
:102DF0009A42C9D200F0B4FAC6E7AD006519AB6ECD
:102E00003B43AB66BEE70024BFE7E2685A60D3E706
:102E10002C110020A80F0020940F0020F0B5574679
:102E20004546DE464E46E0B5D24FD34AB846434605
:102E30009246D24A8BB0019228221B6893461D68A5
:102E4000CF4CD04F002D67D1FFF78AFBFFF792FCE4
:102E50003B688146834200D9F6E053461B683860E0
:102E60001A6853425A414B462068E91A01F022F988
:102E7000FFF77EFB002800D13AE11022002106A8CE
:102E8000FEF71CFB3D000022206806A900F094FD1F
:102E900000283BD0069B002B75DB089E002EF2D04D
:102EA0007369002B02D0301D00F03AFBFFF762FC83
:102EB0002B68070098426FD3069B2F60092BE2D83E
:102EC000019A9B00D3589F465B46F05C01235A460B
:102ED0000343B3540799B26936618B187360BB42E0
:102EE00000D9A6E0791A8A4236D8410700D502E116
:102EF000012398435B46F0543000336A9847002220
:102F0000206806A900F058FD0028C3D143461B687D
:102F10002F001D68002D97D0DB681D68FFF720FB90
:102F2000FFF728FC3B688146984200D28CE038606D
:102F3000854200D801E1002295E75B460122F35C5F
:102F400013435A46B354079B3661DA19B361726072
:102F5000BA4273D8002B96D05346311D186800F042
:102F6000C5FA90E75B460122F35C93435A46B3549B
:102F700089E75B46F35C9A0700D4B5E001229343EE
:102F80005A46B3547FE7079B099908989847069BD0
:102F9000002B00DA77E780E743461B681A68002AAF
:102FA00040D00422029691460395049405900BE0CC
:102FB000012293435A46A354236A2000984743466C
:102FC0001B681A68002A29D0DB68DC681E68271D88
:102FD000380000F0A5FA5B464A46E35C1A42E7D0A7
:102FE000A3692461F518F64365609E4209D3EE4358
:102FF000236A20009847A3692461ED186560B342F5
:10300000F5D953463900186800F070FA236A200099
:10301000984743461B681A68002AD5D1029E039D33
:10302000049C059F5246414612680A60524613604E
:1030300042E7B94202D9994200D856E74346311DCA
:10304000186800F053FA1EE743461B681A68002A06
:103050003FD04A460397A14602920BE001229343D8
:103060005A46AB542B6A2800984743461B681A6897
:10307000002A2AD0DB68DD681F682C1D200000F0C4
:103080004FFA5B460422EB5C1A42E7D0AB692D6134
:10309000FE18FF436E609F420AD33700FF432B6A3E
:1030A00028009847AB692D61F6186E60BB42F4D9D1
:1030B00053462100186800F019FA2B6A2800984737
:1030C00043461B681A68002AD4D1029A4C4691469E
:1030D000039F5246414612680A60524613604B46AF
:1030E0003B60FFF745FAC8E6300000F0BFF8CAE6DB
:1030F00000F036F9C1E6A1463C0007E0E31A9A4227
:1031000014D8336A300098473B00B269D71877600B
:103110003661BC42F2D29C4201D2BB42F1D9434655
:10312000311D18684C4600F0E1F9E5E65346311DC3
:1031300018684C4600F0DAF9DEE6FFF719FA434664
:103140001B68DB68DE68331D1800029300F0E8F9A5
:103150005B46F35C5A0707D4012293435A46B354A3
:103160003000336A984788E622002B004C4691468F
:1031700011E0C046980F0020A40F0020BC86031069
:10318000DC11012088110120E31A9A4214D8336A15
:10319000300098472B00B26936619D187560A542D2
:1031A000F2D9A34201D9AB42F1D94346029918683A
:1031B0004C4600F09BF9D3E75346029918684C46F9
:1031C00000F094F9CCE7C04670B582B000F0D4F8B6
:1031D000174C2368002B12D000F0DAF82368002087
:1031E000002B0AD0134B8022019303231249009332
:1031F000124800235200FFF707F902B070BD104ECD
:10320000300000F057F90F4D280000F053F90E4B35
:1032100000221E600D4B10210A201D6000F090F965
:1032200020600028D8D00A4900F090FED4E7C046BC
:10323000DC110120E01101206C8503101D2E00100F
:103240003011012044110120980F0020A40F00200C
:103250006485031010B50400FFF782F92000FEF723
:103260000FF90400FFF784F9200010BD10B5041E0B
:1032700006D0FFF775F92000FEF714F9FFF778F98B
:1032800010BDC0460000000000000000000000006B
:103290000B4A13681868203080F30988022080F3F5
:1032A0001488BFF36F8F3FBCAE4608BC04BC62B647
:1032B0001847C046C046C046C046C046C046C04685
:1032C000940F00200000000000000000000000003B
:1032D000EFF30980164B1A6820381060F0C044469E
:1032E0004D4656465F46F0C00D221207146E556ECD
:1032F000566F176F3038F0C008B572B6FFF752FA44
:1033000062B60CBC116808681030F0C8A046A94627
:10331000B246BB4680F309880D2212073038F0C848
:103320001466556656671767F0C81847C046C0460A
:10333000940F002010B5FDF721F8C0467047C04635
:1033400010B58024031F64041C60043B196003490A
:10335000043B1960143B40381A6010BD353300102F
:103360008022044B52051A60BFF34F8FBFF36F8F5B
:103370007047C04604ED00E072B6044A136801339A
:103380001360BFF34F8FBFF36F8F7047181100208A
:10339000034A1368013B1360002B00D162B67047EB
:1033A00018110020EFF3108072B6704780F3108878
:1033B0007047C04610B5FFF7F5FF0400FFF7E0F9CE
:1033C000002803D08022034B52051A602000FFF72B
:1033D000EDFF10BD04ED00E0002310B5084A094CD4
:1033E000052023601360FDF75DFDFA218900FDF7DC
:1033F00065FF054B013818600723236010BDC046E8
:1034000018E000E010E000E014E000E0FF22134BC1
:103410001204196810B50A431A60FF2219681206CF
:103420000A431A600E490E20FEF76AFA0D490F2072
:10343000FEF766FA0C490B20FEF762FAFFF7CCFFA5
:1034400000220A4B1A60D0221206094B12681A7029
:10345000FFF71EFFFFF7A6F9FCF790FF20ED00E055
:10346000D1320010B53300103D3300101811002088
:103470009C02002010B5FCF7AFFF054A054B8018F1
:103480008000186000F00AF8034B186010BDC046B9
:1034900040000034900F00208011012010B51C2046
:1034A000FFF7D8FE041E03D0002308C000F002F886
:1034B000200010BD0300083301224360C360036194
:1034C00000235242826003607047C04600230361BC
:1034D0007047C04643689A684B608A605160996043
:1034E00003680861013303607047C04630B50500CA
:1034F0002B0008680C000833421C0DD019005B68D3
:103500001A688242FAD963609C602B68A16001331B
:103510004C6025612B6030BD29694B68F3E7C046DC
:103520000369416882688A6051605968814205D0A8
:103530000022026118680138186070475A60F7E786
:10354000F8B505000E001700002840D0030C0A0C47
:10355000002B41D1002A2FD13000684303005133A2
:1035600035D85030FFF776FE041E30D00300002E11
:1035700030D12360E5632664FFF7FEFE216CE36B28
:1035800022684B43D018A06000205B1A6260D218FA
:10359000E260FF234422A0632000A3540132A3541D
:1035A0001030FFF787FF20002430FFF783FFFFF77D
:1035B000EFFE4C23E7540BE0131CA9B2B2B24A430E
:1035C00080B29BB24343120C9B181B0CC4D0002446
:1035D0002000F8BD5033CCE7002AF8D1081CECE7F6
:1035E000F0B5CE464746050080B585B098460192B5
:1035F0008946FFF7C1FEAA6BEB6B9A427BD342462A
:103600000023022A00D1EBE02E002436019A002A82
:1036100000D1FAE0002B00D1DEE0FFF7B9FEFEF7A3
:103620009FFFFFF7A9FE4422AB5C5BB2013301D1DF
:103630000023AB544522AB5C5BB2013301D10023C4
:10364000AB54FFF7A5FE01A902A8FFF727FA00284F
:1036500000D0DEE0FFF790FEAA6BEB6B9A426DD0D4
:10366000FFF796FEFFF788FE4523EC5C64B2002C62
:1036700004DC11E0013CE4B2002C0DD06B6A002B9D
:103680000AD03000FFF790F90028F3D0013CE4B2F3
:10369000FFF730FA002CF1D14523FF22EA54FFF75F
:1036A00077FEFFF769FE44232F00EC5C103764B20D
:1036B000002C04DC11E0013CE4B2002C0DD02B699D
:1036C000002B0AD03800FFF76FF90028F3D0013C37
:1036D000E4B2FFF70FFA002CF1D14423FF22EA54A1
:1036E000FFF756FEFEF744FFFFF746FEAA6BE96BB5
:1036F000012391428AD92A6CAC6B002A00D173E075
:103700004346002B00D0F1E049466868FDF7DCFE37
:103710006B682A6CA9689B186B606A6A01348B42DB
:1037200001D32B686B60AC63002A65D1FFF730FED4
:10373000012005B0C0BCB946B046F0BD2F0010371F
:10374000FFF726FE38000199FFF77EF8FFF714FE19
:103750004523EC5C64B2002C04DC11E0013CE4B2D3
:10376000002C0DD06B6A002B0AD03000FFF71CF93B
:103770000028F3D0013CE4B2FFF7BCF9002CF1D1F2
:103780004523FF22EA54FFF703FEFFF7F5FD44232C
:10379000EC5C64B2002C04DC11E0013CE4B2002CCF
:1037A0000DD02B69002B0AD03800FFF7FDF8002858
:1037B000F3D0013CE4B2FFF79DF9002CF1D1442392
:1037C000FF22EA54FFF7E4FDFEF7D2FE002800D006
:1037D0008AE7FFF7C5FD87E702A8FFF753F91CE763
:1037E0002A6CAC6B002A5AD12E680134002E72D09C
:1037F0006B6AAC63002B99D028002430FFF7D4F813
:10380000002893D0FFF7ACFD90E7FFF7C1FD002043
:103810008FE7FFF7B1FD45232E00EC5C243664B240
:10382000002C04DC11E0013CE4B2002C0DD06B6AEA
:10383000002B0AD03000FFF7B7F80028F3D0013C86
:10384000E4B2FFF757F9002CF1D14523FF22EA54E7
:10385000FFF79EFDFFF790FD44232E00EC5C103631
:1038600064B2002C04DC11E0013CE4B2002C0DD069
:103870002B69002B0AD03000FFF796F80028F3D010
:10388000013CE4B2FFF736F9002CF1D14423FF22CA
:10389000EA54FFF77DFDFEF76BFE002049E749463D
:1038A000E868FDF711FEEB682A6C29689B1AEB604B
:1038B0008B4202D2AB689B1AEB606B6A002C04D07F
:1038C000AC63002B00D131E796E70122AA63002BFD
:1038D00000D12BE790E7A868FFF762F96B6AAE604A
:1038E000AC63002B88D100288CD11FE74946E868DB
:1038F000FDF7EAFDEB682A6C29689B1AEB608B42A6
:1039000005D342466B6A022AD8D00134D8E7AB68A7
:103910009B1AEB60F5E7C04670B506005020FFF734
:1039200099FC041E2DD0002501230060C3630564AB
:10393000FFF722FD216CE36B22684B43D0185B1A22
:103940006260D218E260FF234422A060A563A35402
:103950000132A354230010331800FFF7ABFD2300FE
:1039600024331800FFF7A6FDFFF712FD4C230022B9
:10397000E654002100232000A5602560E560FFF7E4
:103980002FFE200070BDC04670B504008568FFF7AB
:10399000B7F80023854201D0180070BDE368013BF1
:1039A000E360002B01D00123F6E700220021200074
:1039B000FFF716FE0123EFE7F0B5CE4647460500B8
:1039C00080B585B089460192FFF7D6FCAC6B002C20
:1039D00000D01DE1019B002B00D1C8E02E0002A801
:1039E000FFF750F844272436FFF7D2FCFEF7B8FD66
:1039F000FFF7C2FCEB5D5BB2013301D10023EB5555
:103A00004522AB5C5BB2013301D10023AB54FFF71D
:103A1000BFFC01A902A8FFF741F8002856D1FFF723
:103A2000ABFCAB6B002B00D0A9E0FFF7B1FC24236B
:103A30009846A84440460199FEF706FFFFF79CFC14
:103A40004523EC5C64B2002C04DC11E0013CE4B2E0
:103A5000002C0DD06B6A002B0AD04046FEF7A4FF65
:103A60000028F3D0013CE4B2FFF744F8002CF1D178
:103A70004523FF22EA54FFF78BFCFFF77DFC44232C
:103A8000EC5C343B984664B2A844002C04DC11E0A2
:103A9000013CE4B2002C0DD02B69002B0AD040462B
:103AA000FEF782FF0028F3D0013CE4B2FFF722F8D2
:103AB000002CF1D14423FF22EA54FFF769FCFEF702
:103AC00057FD00284AD1FFF74BFC47E0FFF754FCB5
:103AD0004523EC5C64B2002C04DC11E0013CE4B250
:103AE000002C0DD06B6A002B0AD03000FEF75CFF73
:103AF0000028F3D0013CE4B2FEF7FCFF002CF1D12A
:103B00004523FF22EA54FFF743FCFFF735FC10235F
:103B10009846EC5DA84464B2002C04DC11E0013C42
:103B2000E4B2002C0DD02B69002B0AD04046FEF7E2
:103B30003BFF0028F3D0013CE4B2FEF7DBFF002C92
:103B4000F1D1FF23EB55FFF723FCFEF711FDFFF743
:103B500013FCAB6B002B0AD0FFF71AFCFFF70CFC31
:103B6000AC6B002C54D1019B002B00D03CE7FFF73D
:103B70000FFC002005B0C0BCB946B046F0BDFFF751
:103B800007FCFFF7F9FB4523EC5C213B984664B248
:103B9000A844002C04DC11E0013CE4B2002C0DD060
:103BA0006B6A002B0AD04046FEF7FEFE0028F3D0D9
:103BB000013CE4B2FEF79EFF002CF1D14523FF2229
:103BC000EA54FFF7E5FBFFF7D7FB4423EC5C343BFB
:103BD000984664B2A844002C04DC11E0013CE4B235
:103BE000002C0DD02B69002B0AD04046FEF7DCFEDE
:103BF0000028F3D0013CE4B2FEF77CFF002CF1D1A9
:103C00004423FF22EA54FFF7C3FBFEF7B1FCA5E70C
:103C10002A6C002A08D0E968AB688918E9609942E3
:103C20000BD24846FDF750FC2B69013CAC63002BDE
:103C300006D1FFF7ADFB01209CE72968E960F0E7BA
:103C400028001030FEF7B0FE0028F2D0FFF788FB06
:103C5000EFE7C046F0B5CE464746050080B585B0D3
:103C60000191FFF789FBAB6B002B00D040E1019B7A
:103C7000002B00D12BE102A8FEF704FF00232E0049
:103C8000994644272436FFF783FBFEF769FCFFF7CC
:103C900073FBEB5D5BB2013301D10023EB55452291
:103CA000AB5C5BB2013301D10023AB54FFF770FB77
:103CB00001A902A8FEF7F2FE00285AD1FFF75CFB2B
:103CC000AB6B002B00D0B1E0FFF762FB2B68002B41
:103CD00000D104E124239846A84440460199FEF708
:103CE000B3FDFFF749FB4523EC5C64B2002C04DC18
:103CF00011E0013CE4B2002C0DD06B6A002B0AD01D
:103D00004046FEF751FE0028F3D0013CE4B2FEF736
:103D1000F1FE002CF1D14523FF22EA54FFF738FBD6
:103D2000FFF72AFB4423EC5C64B2002C15DD343B26
:103D30009846A84403E0013CE4B2002C0DD02B6966
:103D4000002B0AD04046FEF72FFE0028F3D0013C9E
:103D5000E4B2FEF7CFFE002CF1D14423FF22EA5457
:103D6000FFF716FBFEF704FC002855D1FFF7F8FA21
:103D700052E0FFF701FB4523EC5C64B2002C04DC4D
:103D800011E0013CE4B2002C0DD06B6A002B0AD08C
:103D90003000FEF709FE0028F3D0013CE4B2FEF744
:103DA000A9FE002CF1D14523FF22EA54FFF7F0FAD7
:103DB000FFF7E2FAEC5D64B2002C15DD10239846A3
:103DC000A84403E0013CE4B2002C0DD02B69002B89
:103DD0000AD04046FEF7E8FD0028F3D0013CE4B2EB
:103DE000FEF788FE002CF1D1FF23EB55FFF7D0FA48
:103DF000FEF7BEFBFFF7C0FAAB6B002B0AD1FFF753
:103E0000C7FA4B46002B5AD1002005B0C0BCB946BA
:103E1000B046F0BDFFF7BCFAFFF7AEFAAB6B002B74
:103E200066D1019B002B00D02DE750E0FFF7B0FAE0
:103E3000FFF7A2FA4523EC5C64B2002C15DD213BB0
:103E40009846A84403E0013CE4B2002C0DD06B6A14
:103E5000002B0AD04046FEF7A7FD0028F3D0013C16
:103E6000E4B2FEF747FE002CF1D14523FF22EA54CD
:103E7000FFF78EFAFFF780FA4423EC5C64B2002C63
:103E800015DD343B9846A84403E0013CE4B2002C25
:103E90000DD02B69002B0AD04046FEF785FD002887
:103EA000F3D0013CE4B2FEF725FE002CF1D144230F
:103EB000FF22EA54FFF76CFAFEF75AFBACE7FFF774
:103EC0005BFA696A002905D1A868FEF79BFEFFF737
:103ED0005FFA99E705212B6B1B68C91AF4E7FFF716
:103EE0004BFAA868FEF712FE8146FFF751FAF1E699
:103EF000013BAB632B68002B0FD02B69002B03D148
:103F0000FFF746FA012080E728001030FEF74CFD4D
:103F10000028F5D0FFF724FAF2E7FEF7B3FEA86019
:103F2000EBE7C04670B5856804000E00FEF7E8FDBB
:103F3000854205D031002000FFF78CFE002803D019
:103F40000120E3680133E36070BDC04610B500296D
:103F500043D0554B5A68904200D18EE01A68002A2F
:103F60003CD0DA68904200D19CE09A68002A54D094
:103F70005A69904200D193E01A69002A53D0DA6955
:103F8000904200D180E09A69002A52D05A6A904249
:103F900057D01A6A002A58D0DA6A904200D175E0E8
:103FA0009A6A002A57D05A6B904200D170E01A6B7F
:103FB000002A56D0DA6B904200D16BE09A6B002A4F
:103FC00055D05A6C904267D01A6C002A57D0DA6CE0
:103FD000904263D09A6C002A30D010BDDA689042CB
:103FE00060D05A6990425BD01A00DC69A0424BD085
:103FF0005C6AA04225D0DC6AA04247D05C6BA0423C
:1040000046D0DC6BA04245D05C6CA04244D0DC6C56
:10401000A04243D011605060DFE75A6990423FD020
:104020001A000832E1E7DA6990422DD01A00103206
:10403000DEE75A6A904204D01C4ADCE748331A0093
:10404000E8E70422D2009A18E4E7DA6A90421DD029
:104050001A002032D2E75A6B904219D01A00283247
:10406000CFE7DA6B904215D01A003032CCE75A6CA9
:10407000904211D01A003832C9E70022E2E7DA6C28
:1040800090420BD00A4AC5E70322DBE70522D9E7B5
:104090000622D7E70722D5E70822D3E70922D1E78E
:1040A0000222CFE70122CDE7400B0020580B002071
:1040B000800B002070B5050016000C00FFF75CF9BE
:1040C0004422AB5C5BB2013301D10023AB544522E7
:1040D000AB5C5BB2013301D10023AB54FFF758F95D
:1040E000AB6B002B42D0FFF747F94523EC5C64B281
:1040F000002C14DD2E00243603E0013CE4B2002C39
:104100000DD06B6A002B0AD03000FEF74DFC002862
:10411000F3D0013CE4B2FEF7EDFC002CF1D14523D5
:10412000FF22EA54FFF734F9FFF726F94423EC5C49
:1041300064B2002C14DD2E00103603E0013CE4B222
:10414000002C0DD02B69002B0AD03000FEF72CFC80
:104150000028F3D0013CE4B2FEF7CCFC002CF1D1F6
:104160004423FF22EA54FFF713F970BD2800320000
:1041700021002430FEF7B4FBB5E7C04670B5234CF0
:104180002379002B41D1902200219200200001F0E0
:10419000B1F92000C9210830890000F011FD20008C
:1041A000A2214830490000F00BFD194B0122A36603
:1041B0002823E254253BE365AD33164823636B3B6C
:1041C000636700F0FFFE00F0B5FF04F037FF01F079
:1041D0009FFE00F0A7FF00F043FF00F0C1FA13F0CC
:1041E000ADF800F075FA01F0A3FE04F055FD07F0FC
:1041F0005BFA04F08FFA04F08FFB0021002007F037
:1042000017F813F035FD0123237170BD400D002018
:10421000D4C3B2A1CDAB341270B5174CA823200083
:104220000126B030E65400F02BFDAC23E558002801
:104230000AD0002D04D1AA25635D002B15D070BDD6
:10424000280000F05BFFFAE7002D03D0280000F003
:104250004FFFF4E7AA26A35D002BF0D00022002038
:10426000064904F0D1FCA555E9E7002200200349E6
:1042700004F0A2FC6655E2E7400D0020C5460010A0
:10428000F8B543680500002B38D01E4E300000F012
:10429000F7FC041E31D0102709E022682B689A42EF
:1042A00012D02100300000F0F3FC041E25D0A542FE
:1042B000F7D0636B002BF0DA5C23E35C1F42F0D095
:1042C00022682B689A42ECD16368002BE9D06A68B7
:1042D0009342E6D12100300000F0AAFC6369002B74
:1042E00001D020009847200001F0C4FDFFF794FFA3
:1042F000300000F0C5FC041ED9D1F8BD8368002B46
:10430000C3D1FAE7F00D0020F8B5056B0400466A4A
:10431000C76A002D1ADA6420F31BDA179B18534082
:10432000A9055843890DFCF7C9FFAA00920D930017
:104330009B185B00984200D987E02D03AD0DAB00C0
:104340005B195B000500984200D27CE02563E56BB9
:10435000002D18DA6420F31BDA179B185340A905C7
:104360005843890DFCF7AAFFAA00920D93009B18F1
:104370005B0098425DD82D03AD0DAB005B195B006F
:104380000500984253D3E563A56B002D18DA64202D
:10439000F31BDA179B185340A9055843890DFCF706
:1043A0008DFFAA00920D93009B185B00984234D8B1
:1043B0002D03AD0DAB005B195B00050098422AD3BD
:1043C000A563256C002D18DA6420F61BF317F61888
:1043D0005E40A9057043890DFCF770FFAA00920D9D
:1043E00093009B185B0098420BD82D03AD0DAB00DA
:1043F0005B195B000500984201D32564F8BD1D00E0
:10440000FBE718002D03AD0DAB005B195B00050049
:104410009842F2D2F3E71D00D2E718002D03AD0D4C
:10442000AB005B195B0005009842C9D2F3E71D00A1
:10443000A9E718002D03AD0DAB005B195B0005006B
:104440009842A0D2F3E71D0080E718002D03AD0DC0
:10445000AB005B195B000500984200D376E7F2E7FA
:10446000F8B5DE46574645464E46A9220121E0B53D
:10447000934FBB5C4B40BB54B0239846B844404676
:1044800000F0FEFB041E47D05C250126206D01F0E4
:1044900029FD635D1E4200D074E0636B1B186363EB
:1044A00001F00CFDA82300222065FA54635D1E4232
:1044B00062D1A932BA5C5907C90F91425CD004217C
:1044C000324092008B4313436355626B91461A0747
:1044D00028D44A46002A4FDBDB066FD52000FFF7C1
:1044E00013FFE368002B01D0200098475C220821CD
:1044F000A35C20000B43A354FFF7C2FE636B9946F5
:10450000002B12DAA823FB5C002B35D0404600F0CC
:10451000B7FB0400002CB9D1F0BCBB46B246A9469B
:10452000A046F8BD4B46002B26DB236B9A464B4535
:1045300042DA6363236A20009847A36A0100834636
:1045400083420FD06368A062002B01D02068984797
:10455000A823FB5C002BD9D1A368002B06D05946B9
:1045600020009847A823FB5C002BCFD1636B226B04
:1045700053456DD093422EDA2100404600F088FB6F
:104580000400C7E7606D01F0ADFCA36D5A1C00D1BB
:1045900086E7834200D983E7626B0521D31A1B1893
:1045A0006363A9230122FB5C5340625D9B000B40C7
:1045B0008A431343635573E7CA46BBE7A369002BDD
:1045C00000D18BE720009847636A1B186362E36A97
:1045D0001B18E36282E75C208146205C616C8446A4
:1045E00080073BD5002953D0E16B8A465C21082027
:1045F0008C46615C8143604621540021934200DD7A
:10460000991A236CC91A53466163002BB4D05C23FA
:10461000E15C5A3B18000B40084202D1A16B4942B1
:104620006163012101209B07DB0F4B4003405C21AC
:104630005B009C46635C01308343604603436354E4
:10464000636AE16AE362534661622363E26393E76C
:10465000510049458EDD4B4663638BE7E06B824634
:10466000002905D0481CC1D0013961640029BDD1A1
:10467000514600290CD00821604688430100484675
:104680002154934218DD216C9B1A5B1A6363BEE7C9
:104690002100404600F0CCFAFFF7BEFD2369002B55
:1046A00001D0200098476369002B01D02000984773
:1046B000200001F0DFFB25E7236C5B426363A6E784
:1046C000400D002010B50020FFF7CAFE10BDC04607
:1046D000F8B51F4C6021200000F072FA250000227E
:1046E00021211C4800F0D4FCAC26A8230127B03DB2
:1046F000A8512000EF5400F0C3FAAC5900280ED0A6
:10470000002C08D1AA242B5D002B19D0A82200214F
:10471000114B9952F8BD200000F0F0FCF6E7002C98
:1047200003D0200000F0E4FCF0E7AA26AB5D002BEC
:10473000ECD000220020094904F066FAAC55E5E708
:1047400000220020054904F037FA2F55DEE7C04665
:10475000F00D002061440010400D0020C5460010FF
:1047600010B50421014800F02BFA10BD500F0020B5
:1047700070B504000D001600002823D0002922D0B7
:10478000002A21D0002313600B600378413B192BD2
:104790001BD8437800203A2B13D1A07802220021A5
:1047A0002D280CD131E0402A0FD08B005B185B0024
:1047B0001918531CE05C30392D2808D01A00002845
:1047C000F1D170BDFEE7FEE7FEE70020F9E7402BE0
:1047D000FBD00800931CE15C2E2913D0E3180022C3
:1047E00040340DE0A3420DD091008918490031609A
:1047F0001A780133303A5218326019782E2901D0D4
:104800000029EFD128600120DBE70020373BE2E7F9
:10481000F0B54646D6464F468046C0B592460E1E77
:1048200051D00C788946002C30D1324D280000F050
:1048300027FA011E05D148E0280000F029FA011EE0
:1048400043D00F683B78A342F6D1BB68002B03D05E
:1048500038009847002821D03C69002C39D04346C5
:104860005F607B6801331BD0524649463800A04741
:10487000431E03332BD8434618607B68002B11D1AD
:104880000020E0BCBA46B146A846F0BD4B783A3BA2
:104890005A425341CB1801339946C6E70130F0E73D
:1048A00043461B60102001F0D3FA4346986000286D
:1048B00008D07B6801330ED001235B420360DB1814
:1048C0004360DDE7FEE70B20DBE70320D9E70D209F
:1048D000D7E70920D5E70100021D0C313000FFF7B2
:1048E00047FF0028F3D0434600229B681A609A6075
:1048F000C6E7C046500F002070B50400406800288D
:104900001DD04369002B1CD02168984763680500BF
:104910005B68002B0DD0A06800280AD0013306D0B8
:10492000C368002B03D0180001F0A4FAA06801F0BE
:10493000A1FA002323606360A360280070BD0B25EB
:10494000FBE70925F9E7C046F0B5454657464E4610
:10495000DE46E0B58846060092461D0087B0002B73
:1049600001D000232B607068002800D17DE04768EB
:104970008469002F16D1002C00D174E004AB31689B
:104980000497009342465346A0470700002D01D0EC
:10499000049B2B60380007B0F0BCBB46B246A9466A
:1049A000A046F0BD002C5ED0036A9C46002B5AD076
:1049B00000230493B3689A68DC6819689146A3469B
:1049C0008A4218D200234A463168E04757454ED202
:1049D000706804AB31680093876953464246B84714
:1049E0000700002FD2D1049B9A46B2680027936833
:1049F00053449360CAE75B689A42E3D8981A01333C
:104A0000421C591A9146891A7B1C51D0D14553D268
:104A10004A464046594400F027FDB36870685A681A
:104A2000036A31681C0001320023A04700234C4672
:104A300005935346424670681B1B81691219039304
:104A40001C0005AB0291904631680093A74247D203
:104A50002300029CA0470700059B4B44534500D907
:104A600053460493BDE7092794E70B2792E75B467B
:104A7000002B29D000237068059305AB31680093A3
:104A800083695A461C003B00A04707004846B268AD
:104A9000106005994B1E1B18536052468A4205D878
:104AA00059464046049200F0DFFC9AE70A00F7E717
:104AB000924501D98246A9E752464046594400F042
:104AC000D3FC5346049390E7B36838001C0001F010
:104AD000B5F9B368E060DB689B46002BCAD1FEE7FE
:104AE0003B005A46029CA047B26807005368013356
:104AF00013600599481EC3185360039B8B4200D96D
:104B00000B001B04594640461A0C00F0ADFCA3E70D
:104B100030B50400406883B0002823D04368056A9C
:104B2000002B0ED0002D1BD0436A002B18D0012A79
:104B300010D0022A18D0002A01D1A3689960002061
:104B400006E0002D0CD0246813000A002100A847BD
:104B500003B030BDA268002093685B189360F7E74C
:104B60000920F5E70B20F3E723680A009C4602239F
:104B70006146A8470028EBD160682168436A01AA12
:104B800098470028E4D1A368019A9A60E0E7C046FC
:104B900010B5040000F08EFD002807D10CE02F2B8B
:104BA0000AD05C2B08D00138002805D0235C2E2BBE
:104BB000F5D10130201800E0004810BD74840310C6
:104BC00000234360836003310333994301607047DE
:104BD00010B504000068083001F030F900280CD04E
:104BE00000222368C2506268C1184A60002A00D0BF
:104BF000D050A3686060002B00D010BDA060FCE71F
:104C000010B504000068083001F018F900280CD035
:104C100000232268111D4350A3688350002B00D04D
:104C200058506368A060002B00D010BD6060FCE7A6
:104C300010B500280FD04268036891420CD08468F8
:104C4000CA58A14210D0181D0958002A00D011508E
:104C5000002900D0CA5010BDC9184A684260002A15
:104C600009D00021D150F6E78260002A05D0D21881
:104C700000235360EFE78260EDE74260EBE7C04658
:104C8000002800D040687047002800D08068704736
:104C90000368C918486870470368C8587047C04619
:104CA000F0B5C64600B5914224D0002A25D003684D
:104CB000D458A446A1421DD04468A14227D084689C
:104CC000A1422CD0CC581D1D271E4E5900D0665134
:104CD000002E00D0F7506446002C35D065461C1DD0
:104CE0002600295100293BD06446CC50002A3BD0F5
:104CF000D1508A5180BCB846F0BD002848D08368A6
:104D00009C469942F6D044680368A142DAD1CC1897
:104D100064684460002C2ED00025E550DBE7CC58B9
:104D20008460002C29D0A046984444460025656044
:104D30006446002C25D065461C1D260029510029FB
:104D4000D2D10021D150D5E7002925D0CC501C1D4F
:104D5000A446002A0BD0D1506346CA504160C9E72F
:104D6000002AEED18260C5E78A518160C2E70A510C
:104D700081604160BEE78460ADE744606446002C1A
:104D8000D9D100290AD06446CC501C1DA446E2E7C4
:104D90000029AFD00368FFDE002AE9D00024D450F8
:104DA0004160A7E7F8B5051E27D04068002824D049
:104DB000010000260DE0AF68C158B84215D00029A7
:104DC00000D08C50002C1DD0E15001F053F8200091
:104DD00069682B681A1D84588842ECD16C60002CDD
:104DE0000CD0E65001F046F8F1E7A96000290CD09C
:104DF0008E5001F03FF8002CE9D1F8BDAC6001F015
:104E000039F8FAE701F036F8F7E76960F1E7C046EC
:104E100000280EDA03006933FF3318B21B04F9D4FB
:104E2000592812DC1A4B4000C05A1A4B98422AD01B
:104E30007047B42252009042F2DB6938FF3883B2E7
:104E400000B29342F9D25928ECDD03005A3B9BB2E1
:104E5000592B06D8B4231B1A0D4A9BB25B00985AF3
:104E6000E3E70300B43B9BB2094A592B06D85B0029
:104E7000985A084B984209D04042D9E7B4235B00C6
:104E80001B1A9BB2F3E780200002D1E70248CFE76C
:104E9000E4870310FF7F00000080FFFF802370B5D0
:104EA0005B020400984225D380235B04984234D3EC
:104EB00080235B0598423DD28023DB0498425DD37A
:104EC0003D4B020D9B5C9B011D0019002000FCF76F
:104ED000F5F96B1CC01843081D0019002000FCF7F1
:104EE000EDF96B1CC018400803004343A34206DDE4
:104EF000013804E0FF2803D82F4B185C000970BD6F
:104F000080235B01984221D38023DB01984240D368
:104F1000294B020A985C0130E6E780235B03984244
:104F20001ED38023DB0398423ED3234B020C985CB4
:104F30000301D1E78023DB0598421AD31F4B984227
:104F400037D81D4B020E9B5C1B02BDE78023DB00A4
:104F5000984218D3184B0209985C80080130C3E7C7
:104F60008023DB0298421AD3134B020B985C830018
:104F7000B2E7114B820D9B5CDB01A5E70E4B820C67
:104F80009B5C5B01A0E70C4B8208985CC008013079
:104F9000AAE7094B8209985C40080130A4E7064B58
:104FA000820A985C430097E7034B820B985CC3002E
:104FB00092E70348A3E7C046E48603100000FEFF23
:104FC000FFFF0000014BD8667047C046400D00202F
:104FD0005A3003B202040ED56933FF3318001BB2F6
:104FE0000204F9D4592B12DC1A4A5B00985A1A4B66
:104FF00098422AD07047B42252009342F2DB693BB8
:10500000FF3B98B21BB29042F9D2592BECDD030062
:105010005A3B9BB2592B06D8B4231B1A0D4A9BB29C
:105020005B00985AE3E70300B43B9BB2094A592B53
:1050300006D85B00985A084B984209D04042D9E7FD
:10504000B4235B001B1A9BB2F3E780200002D1E778
:105050000248CFE7E4870310FF7F00000080FFFFD6
:1050600010B50A4C1C212000FFF7AAFD01222300E5
:105070000021783B22738732995018329A58002ABF
:1050800002D0A4315858904710BDC046B80D00203A
:10509000F0B5C646154D060000B528000F00904635
:1050A000FFF796FD041E20D00123866000265B4298
:1050B00003610760466100F001FF43460122E3609F
:1050C000237E60601343237601222B00EA73783B32
:1050D00087329E5018329A58002A02D0A42158587C
:1050E0009047200080BCB846F0BDFEE7B80D002018
:1050F000002802D0012343617047FEE710B5002865
:105100000CD000228821064B42615A50A0329A5896
:10511000002A02D01C315858904710BDFEE7C04607
:10512000400D002010B5024814F050FF10BDC046DD
:10513000680F002070B50F4CFC25200014F046FFCE
:105140008021260049020C4800F044FCF13E143452
:10515000FF3E6D00042170512000FFF731FD20005B
:10516000FFF74EFD041E04D0705900F0C7FC20600C
:1051700070BDFEE7300F00203011002070B5050033
:10518000104C200014F03AFF26002900A06800F01F
:10519000BBFCF13E0500FF3E00280CD000F012FCE5
:1051A000FE235B00F258801880229200F050B35822
:1051B000834205D3B350200014F040FF280070BD97
:1051C0000300F7E7300F0020F0B5C6460600184C84
:1051D00000B520000F0014F011FF300000F0F2FBCA
:1051E0002500310080463A00A06800F09DFDF13DA9
:1051F0000600FF3D002811D0FE2743467F00E859F6
:10520000C01AE851300000F0DDFB8022EB5992001B
:10521000C018AB58E851834207D3AB50200014F0BC
:105220000DFF300080BCB846F0BD0300F5E7C04676
:10523000300F0020F8B505000F4C200014F0DEFE02
:10524000280000F0BFFB270006002900A06800F03E
:10525000E3FCFE23F13F5B00FF3FFA580023B2421C
:1052600000D9931BFE22054852008350F130FF30D5
:1052700014F0E4FEF8BDC046300F0020400D0020C1
:105280000323F0B557464E46DE4645461C00E0B5C2
:10529000044007000E0087B00B409C4260D0202ADB
:1052A00050D91500213D6D096C1C64010C190B7857
:1052B00003704B7843708B788370CB78C3700B7915
:1052C00003714B7943718B798371CB79C3710B7AFD
:1052D00003724B7A43728B7A8372CB7AC3720B7BE5
:1052E00003734B7B43738B7B8373CB7BC3730B7CCD
:1052F00003744B7C43748B7C8374CB7CC3740B7DB5
:1053000003754B7D43758B7D8375CB7DC3750B7E9C
:1053100003764B7E43768B7E8376CB7EC3760B7F84
:1053200003774B7F43778B7F8377CB7F2031C377A6
:105330002030A142BBD16D01203A78197119521B5E
:10534000203020318A180B780131037001309142EE
:10535000F9D107B0F0BCBB46B246A946A046F0BDA5
:10536000002C48D1202A3CD903000B435B0756D1BF
:1053700003001F335B1A3E2B51D91300213B5C09FC
:105380000134A346002488468446A1460390049134
:10539000059343469868D9681C685D680090019140
:1053A0001E695F699869D96963461C605D60009CED
:1053B000019D1E615F619C60DD609861D961012380
:1053C00099441F3398449C44D945E2D303980499E7
:1053D000059B5B095B01203AC018C918D21A20301E
:1053E0002031002AB5D08A180B78013103700130C2
:1053F0008A42F9D1ADE7002AABD00B780370032CB9
:105400002ED0012AA5D04B784370012C24D1022A3A
:105410009FD08B78033A837003310330A2E71300E7
:1054200005000C00213B5F0901377F01CF19266879
:105430002E6066686E60A668AE60E668EE602669FB
:105440002E6166696E61A669AE61E6692034EE611F
:105450002035A742EBD1BCE702300231023A81E7A6
:1054600001300131013A7DE710B504000F2A03D95C
:10547000FFF706FF200010BD002AFBD00B78037059
:10548000012AF7D04B784370022AF3D08B788370CF
:10549000032AEFD0CB78C370042AEBD00B790371C9
:1054A000052AE7D04B794371062AE3D08B798371C3
:1054B000072ADFD0CB79C371082ADBD00B7A0372BD
:1054C000092AD7D04B7A43720A2AD3D08B7A8372B7
:1054D0000B2ACFD0CB7AC3720C2ACBD00B7B0373B1
:1054E0000D2AC7D04B7B43730E2AC3D08B7B8373AB
:1054F000C0E7C046032370B516001A00050002403D
:1055000018420ED0002E37D00170032A47D0012E4A
:1055100032D04170012A45D1022E2DD0A970033E10
:105520000335202E22D90B020A045B189B180A06A9
:105530009B183200213A1F2A1FD968071DD1520932
:105540009446541C00202A0001301360536093607D
:10555000D360136153619361D36120328442F3D8E5
:1055600063465B012035F61AED18203E002E03D06D
:1055700032002800FBF7A2FF70BD5209501C944670
:105580002A0040012818136053609360D3601361B0
:1055900053619361D36120328242F4D1E0E7013557
:1055A000013EBEE70235023EBBE7C04670B50400CF
:1055B000884234D38B18984231D8531E884227D85A
:1055C000002A23D0062B00D86CE008002043800777
:1055D00068D1601A0138022864D900209508AD000E
:1055E0000E5826500430A842FAD182420ED01A1A20
:1055F0000D18095C944622181170834206D06B780E
:1056000053706346012B01D0AB789370200070BDBE
:10561000002AFBD0CA5CE254013BFBD2F6E70F2A1A
:1056200003D92000FFF72CFEF0E7002AEED00B781C
:105630002370012AEAD04B786370022AE6D08B7877
:10564000A370032AE2D0CB78E370042ADED00B7972
:105650002371052ADAD04B796371062AD6D08B796B
:10566000A371072AD2D0CB79E371082ACED00B7A66
:105670002372092ACAD04B7A63720A2AC6D08B7A5F
:10568000A3720B2AC2D0CB7AE3720C2ABED00B7B5A
:1056900023730D2ABAD04B7B63730E2AB6D08B7B53
:1056A000A373B3E70023C85CE05401339A42FAD1F4
:1056B000ACE7C04610B50378002B04D0013032F0BF
:1056C00017FD013010BD0020FCE7C0460378002B19
:1056D00005D10BE043780130002B05D001310A7869
:1056E0009A42F7D0981A70474A78FBE70A78F9E7A8
:1056F00070B503780600002B4BD0013032F0F8FC77
:10570000851C280000F09AFB041E40D00F2D05D9FF
:105710002A003100FFF7B4FD200070BD337803701C
:1057200073784370022DF7D0B3788370032DF3D0D4
:10573000F378C370042DEFD033790371052DEBD0CE
:1057400073794371062DE7D0B3798371072DE3D0C8
:10575000F379C371082DDFD0337A0372092DDBD0C2
:10576000737A43720A2DD7D0B37A83720B2DD3D0BC
:10577000F37AC3720C2DCFD0337B03730D2DCBD0B6
:10578000737B43730E2DC7D0B37B8373C4E70024B0
:10579000C2E7012000F052FB041EF8D033780370FA
:1057A000BAE7C046431870B51A1D1C00C646944699
:1057B00003220F330C3400B593439C4200D0FEE724
:1057C000436893435D1AA84688442E1F984500D02D
:1057D000FEE7634665465B68134033436B60934363
:1057E0000B2B07D9436813400B4343606B68032BB3
:1057F00001D8FEE7FEE7022193431B191A68043B18
:105800000A435A6001221D606B68604613436B6057
:1058100040BCB04670BDC046032370B54C6806005E
:105820000D009C437F2C15D80022A41053011B1996
:105830009B00F318D96B00290BD0A960EE60CD60F6
:10584000290003200B3181432800083088420CD006
:10585000FEE7FEE72000FBF7FDFC1A231B1ADC40E5
:1058600019222023121A5C40E0E7DD6301231800AF
:105870009040A3403169920001433161B6187269CA
:105880001343736170BDC046F8B54B6806000C0049
:10589000D90718D50320190081430530844610002C
:1058A000A4441030674681420FD2032B0CD93B1F12
:1058B0005B1802215A6838008A435A6001226368E3
:1058C00093436360F8BDFEE7FEE711002000FFF799
:1058D00069FF6368032B10D903250222AB43FB1831
:1058E000043B1C6043680100134343603000FFF732
:1058F00093FF63681900A943D7E7FEE7F0B5464672
:10590000D6464F464C68C0B50D000600032C0BD997
:10591000082303229C4623008C4493436344E146BE
:105920001F1F042B01D1FEE7FEE77B68D90705D4D2
:105930002800E0BCBA46B146A846F0BD93439A465B
:105940007F2B29D91800FBF785FC1A2351461B1A17
:10595000D9402023192259408846121AFB68002B8F
:1059600017D0B868002815D0C3609860530143442D
:105970009B00F318D96BB94212D0043454446C60C4
:10598000032C08D903239C434B461B19043B1D6081
:10599000CEE7FEE7FEE7FEE79B1098460022DDE734
:1059A000D863B042E9D1012341461F008F409000E7
:1059B00030184169B9434161DFD1934032699A435C
:1059C0003261DAE7002803D003230838406898439F
:1059D0007047C0460323F0B51A004646D6464F46E8
:1059E00004008846C0B50240184200D079E0026148
:1059F00000218060C06028221430FBF75FFD20008A
:105A000020230021012699463C3030E001239A46AC
:105A100004604D464A01D3190F339B00E318EF1B76
:105A20001C605C609C60DC601C615C619C61DC6192
:105A30001C625C629C62DC621C635C639C63DC6372
:105A40001C645C649C64DC641C655C659C65DC6552
:105A50001C665C669C66DC661C675C677D08102DB6
:105A60000DD101319C67DC6780300A2911D03700E5
:105A700083081F401E42C9D100239A46C9E713007C
:105A800053442C339B00E31801315C6080300A29B9
:105A9000EDD1174BE6180325164A174B4244AA438B
:105AA00011000C39994216D83368371F2B40134325
:105AB000022293439046013A13437B603900200051
:105AC000FFF7AAFE7B68032B00D8FEE74246AB43F4
:105AD000F3181F605A602000E0BCBA46B146A846E1
:105AE000F0BD034A861800203342F5D10400D2E706
:105AF0003C050000BCFAFFFFF4FF0000014BC0189A
:105B00007047C0463C050000F0B5C646040000B52D
:105B1000002903D1080080BCB846F0BD032303313F
:105B2000994380235B0299424ED20D000C2947D342
:105B30007F292ED801210026AB10B200A218576988
:105B400001225242100098400300380018401F42C2
:105B50000ED123698A4018001040134234D032F02D
:105B600043FC8300E318461E186900282ED0070066
:105B700032F03AFC431E9846730143449B00E318FD
:105B8000D96B0029C6D003204A68824395421ED9AA
:105B9000FEE72800FBF75EFB1A260123301A83403C
:105BA000013B5F193800FBF755FB00210F28B1D0EE
:105BB0003B00311ACB402022013E5340361ABCE74D
:105BC0000C257F29B6D9E4E70021A3E7FEE7CA68E0
:105BD0009446002A0ED08A68002A0CD06046D06015
:105BE0008260DA63A24207D02A002000FFF74CFE51
:105BF00001008FE7FEE7FEE70122404613008340E5
:105C00009F43B300E3185F61002FEDD1B2402369D9
:105C100093432361E8E7C046F0B54F46D646464673
:105C2000C0B50700002926D00B000122083B5C68A4
:105C3000224200D0FEE7032C1CD9032520000439A2
:105C4000A843411802208446654648680B602843F3
:105C500048605868984601001143814659600542E2
:105C600037D01B689846002B0CD05B689A461A42C6
:105C700009D1FEE7FEE700242000E0BCBA46B146A9
:105C8000A846F0BDFEE7032293437F2B2ED80021C8
:105C90009A104346DB68002B24D0404680680028D9
:105CA00022D0C36098604B019B189B00FB18DD6BF2
:105CB000A84528D05346032B15D903214B4640460F
:105CC0008B4353441A1D426005330ED88A43821811
:105CD000506041463800FFF711FE01003800FFF721
:105CE0009BFDC9E7FEE7FEE7FEE7FEE71D001800A3
:105CF000FBF7B0FA1A232A001B1ADA4019212023D5
:105D0000091A5A40C5E7D863B842D3D101231E000F
:105D10009640880038184269B2434261CAD18B402C
:105D20003A699A433A61C5E7F0B54F46D6464646CA
:105D30000C00C0B515000700002950D0002A53D030
:105D40000E00083E7368032B00D8FEE703211800FD
:105D5000033288438A438021804649028A4208D31D
:105D6000854243D801221100194089461A4253D076
:105D7000FEE7DB07FCD491460C2A01D20C2399469E
:105D8000C84543D242460121231F9A46A3581942CF
:105D900005D0023104328B43D2184A4517D229006C
:105DA0003800FFF7B1FE061E0BD02A00454500D98A
:105DB000424621003000FFF757FB21003800FFF773
:105DC0002BFF3000E0BCBA46B146A846F0BD31001A
:105DD0003800FFF793FD7368032B09D8FEE7110025
:105DE000FFF792FE0600ECE7FFF716FF0026E8E754
:105DF00003200221834353445A688A435A607368DC
:105E000001391A00834398468A4372604B46103327
:105E1000984501D22600D4E749463000FFF7C2FC7E
:105E2000022243680100934343603800FFF766FD98
:105E300001003800FFF7F0FC2600C2E710B500288B
:105E400001D1024810BDFFF799F9FBE7A80D00202A
:105E500070B5051E02D1064C200070BDFFF78EF90B
:105E6000041EF9D02A000021FFF744FBF4E7C046E6
:105E7000A80D0020044B10B5984203D0002801D093
:105E8000FFF7D8F910BDC046A80D002010B50A4B89
:105E9000002904D098420BD0FFF796F910BD1C00E2
:105EA000984203D0002801D0FFF7C4F92000F5E79D
:105EB0000800FFF763F9F1E7A80D0020C422084BA2
:105EC00070B59A58002A01D0904770BD0125BC24B6
:105ED000C0329D541859995C0029FAD0F5E7C046A4
:105EE000400D0020C422094B70B59A580600002AC4
:105EF00002D09047801B70BD0125BC24C0329D5448
:105F00001859995C0029FAD0F4E7C046400D0020EA
:105F100010B50548FFF792FF8722044B9200985076
:105F2000002800D010BDFEE704070000400D00204F
:105F300010B520210148FEF743FE10BD780D00206A
:105F4000002806D0436A0B40581A42425041C0B262
:105F50007047FEE7002805D0406A0840431E98417C
:105F6000C0B27047FEE7C046002801D0008D7047E0
:105F7000FEE7C04610B5041E03D08368002B01D095
:105F800010BDFEE73420FFF763FFA060002806D0B5
:105F9000428E034B1A40034B13434386F0E7FEE760
:105FA0003CFCFFFFC303000030B5040083B00028B1
:105FB00017D08368002B15D0DB6A1D00002301AACF
:105FC0001B212000019300F0C7F8A268019B002A62
:105FD0000AD0D3629D4202D0200001F0BDFA03B086
:105FE00030BDFEE71D00E9E7002BF3D02000FFF7EE
:105FF000C1FF019BA268ECE78368002B01D0D86A3F
:1060000070470020FCE7C0468368002B04D0332291
:10601000985C0007800F70470020FCE7F8B504008B
:1060200010F0F4F8002805D0237E9A0713D4DB077C
:1060300000D578E023689D681E00002D00D008354B
:1060400001222100280012F0C1FF012800D0F8BD74
:10605000237E9B0701D50120F9E7236818680028F3
:1060600003D10EE0006800280BD0C368002BF9D0E4
:1060700000222100E2609847237EDA0753D49B0771
:10608000E9D428000022210012F0A0FF0500012819
:10609000DDD1237E9B07DED4206802F0D9FB237E6E
:1060A000071E0CD05A070AD4A3682C3B012B3CD8FE
:1060B00020002760FFF7B2FF0128C8D1237E1B070D
:1060C000C9D4802120688903FFF73AFF0028C2D095
:1060D000A368162BBFD01A3B1B2B03D81D4ADA40EE
:1060E000D307B8D4300002F0CBFB04230025227E76
:1060F000070013432376A8420FD1ACE729003000F4
:1061000002F0AAFB002805D020602000FFF786FFE0
:1061100001289CD10135AF429DD00222237E1A4234
:10612000ECD0012093E7002091E780212068C9018D
:10613000FFF706FF0028C1D0A268162ABED01A3A7F
:106140001B2AB5D8034BD3402B40DBB2002BAFD07A
:10615000237EB4E7FF090F0BF0B5C64600B588B043
:10616000002832D06C46002304920F220393237E32
:1061700000909343019068460291237612F0DAFE74
:1061800010F044F8002805D0237E9A0714D4DB07CA
:1061900000D587E0009B1F009B681E1E01D00833BE
:1061A0001E0001222100300012F010FF050001281E
:1061B00003D1237E9B070AD50125200012F0C2FEE1
:1061C000280008B080BCB846F0BD0125F8E7009B68
:1061D0001868002803D10EE0006800280BD0C368BF
:1061E000002BF9D000222100E2609847237EDA07D5
:1061F00058D49B07E0D430000022210012F0E6FEC4
:10620000060005000128D8D1237E9B07D4D400982E
:1062100002F01EFB237E051E0DD05A070BD4A36887
:106220002C3B012B40D820000095FFF7F7FE05001E
:106230000128C2D1237E1B07BED480210098890388
:10624000FFF77EFE0028B7D0A368162BB4D01A3B08
:106250001B2B03D81F4ADA40D307ADD4380002F015
:106260000FFB04230026227E804613432376B04290
:1062700012D1A1E73100380002F0EEFA002806D072
:1062800020602000FFF7CAFE0500012895D1731C8D
:106290001E00984500D18FE70222237E1A42E9D0E2
:1062A00001258AE7002588E780210098C901FFF7CA
:1062B00047FE0028BED0A268162ABBD01A3A1B2A75
:1062C000B1D8044BD3403340DBB2002BABD0237E9C
:1062D000B1E7C046FF090F0BF0B5DE4657464E4604
:1062E0004546E0B58BB004928B469C220021060007
:1062F000994602F017FA982200210890070082467A
:10630000300002F00FFA99220890040000213000BA
:1063100002F008FA0890002F03D180235B009C4212
:1063200050D0002C00DC0124051E00DC01259A223F
:106330000021300002F0F6F908AB98469B220021BC
:106340000890300002F0EEF94346C0215860020088
:106350008020089BC9051940800581424FD0C0218B
:106360008020C9051140800581422ED07169CB186B
:106370000893B3699B18424653604B46002B13D1D8
:1063800001234F465F40434652460193584623003F
:1063900004990297009512F0B7F90BB0F0BCBB4618
:1063A000B246A946A046F0BD234E21007B42A0196B
:1063B0009A46FAF75BFF29000400A819FAF756FF7E
:1063C0000500DDE7A042ACD1E7E71C491140080019
:1063D00005911B498842C9D080235B05984202DBA6
:1063E000184B1B1A05933000143012F0BBFA059BB2
:1063F00064215843FAF73AFF089B0200B6E70F49B9
:106400001940080005910E498842A8D080235B05F9
:10641000984202DB0B4B1B1A05933000143012F02C
:106420009BFA059B64215843FAF720FF424603007C
:106430005268089093E7C046FFFF0000FFFFFF9FF0
:10644000FFFFFF1FFFFFFF0FF0B5CE4647460D00D1
:1064500080B5EB68AE680A68496889B001330136D7
:10646000041E0092019102920393049605910696F0
:1064700007935DD02000FFF7C7FD02283DD0200024
:1064800002F0E6F9041EF5D1069F0099049B8946A7
:106490003E00029A9F4246DCB8469F4241DB079B82
:1064A0000599039C019894464A4500DDCC46B445C5
:1064B00000DDB44666462E604A4500DA4A4642454B
:1064C00000DA4246AA601A008B4200DD0A00A242AE
:1064D00000DD2200824200DD02006A608B4200DAA9
:1064E0000B00A34200DA2300834200DA0300EB60D2
:1064F00009B0C0BCB946B046F0BD2000002304225C
:106500006946FFF7E9FE200002F0A2F9041EB1D1AE
:10651000069F0099049B89463E00029A9F42BBDD7C
:1065200001E09846BBE71E00B8469F42B7DAF8E79D
:1065300008001C00B0469146B5E7C046F0B51822E9
:1065400083B00021040002F0EDF838220021019010
:106550000600200002F0E6F83C2201900500002130
:10656000200002F0DFF80190800700D5761919228B
:106570000021200002F0D6F8382207000190002107
:10658000200002F0CFF83C220021019005002000FD
:1065900002F0C8F80190C007C01705402000143071
:1065A00012F0E0F9ED19801B401B03B0F0BDC046AE
:1065B000F0B51A2283B00021040002F0B3F83822AB
:1065C000002101900600200002F0ACF83C2201906E
:1065D00005000021200002F0A5F80190400700D539
:1065E00076191B220021200002F09CF8382200219D
:1065F00001900500200002F095F83C220190070070
:106600000021200002F08EF80190000700D5ED195E
:106610002000143012F0A0F9801B401B03B0F0BD25
:10662000F0B504000D00236A4069A169E26983B0F6
:10663000EB6028606960AA6000211A22200002F045
:1066400071F83822002101900600200002F06AF85B
:106650003C22019007000021200002F063F8019025
:10666000400700D5F6192B681B229B192B600021CF
:10667000200002F057F83822002101900600200087
:1066800002F050F83C22019007000021200002F0A7
:1066900049F80190000700D5F619AB6818229B1B3A
:1066A000AB600021200002F03DF83822002101906B
:1066B0000600200002F036F83C220190070000217D
:1066C000200002F02FF80190800700D5F6196B68C2
:1066D00019229B196B600021200002F023F8382258
:1066E000070001900021200002F01CF83C220190DC
:1066F00006000021200002F015F8C007C017EB6863
:106700000640F6199B1BEB6003B0F0BDF0B5DE460A
:1067100057464E464546E0B5040087B001F05CFEA2
:10672000A3688246002B01D000225A621822002161
:10673000200001F0F7FF3822002104900600804677
:10674000200001F0EFFF3C22049005000021200012
:1067500001F0E8FF0490800702D5B446AC44E0465F
:1067600019220021200001F0DDFF3822060000215F
:106770000490200001F0D6FF3C2205000021049087
:10678000200001F0CFFF0023544AC007C017049235
:1067900005933521054004AA2000FFF7DDFC059F85
:1067A0004E4BAD1947440022200003A97F190393E3
:1067B00010F0D4FD002815D0039DA368002B02D053
:1067C000524652425A62454B9D4201D0AF4207DBCE
:1067D000380007B0F0BCBB46B246A946A046F0BDA3
:1067E0002F00F5E7200002F04BF800283AD0AB4626
:1067F0000097250007000024AB68A2001B683849F9
:10680000D6583000FFF7A6FB002825D12B23F35CD8
:10681000DB0621D430003349FFF79CFB002836D13A
:10682000300002F015F8002831D08422002101F058
:1068300079FF049000042AD0336AAA699B1A0133B5
:10684000994621220021300001F06CFF039B049047
:106850004844984212DA03930134A742CCD12C0069
:106860005D46009F039B1D4A5D199342A5D1A26816
:10687000002AADD053465B425362A9E72122002192
:10688000300001F04FFF4B4604901B18E3E7122243
:106890000021300001F046FFFC2304900342CBD0DE
:1068A00011220021300001F03DFF0490002802D0A9
:1068B0000A4B9946C5E73000143012F053F8030034
:1068C0002022434400213000019301F02BFF019B63
:1068D00004909C468444E146B3E7C046010000E0D2
:1068E000010004000100060070B5140082B00A0027
:1068F0000021050001F016FF224A0300904230D02B
:10690000C0228021D205024089058A4202D01800A7
:1069100002B070BD1C4A10401C4A04009042F6D0E0
:10692000280001F095FF002826D0FFF707FE8023FE
:106930005B059C4201DB164B1C1B64216043FAF78C
:1069400095FC202206000021280001F0EBFE212208
:10695000040000900021280001F0E4FE0019331A21
:10696000D5E7002C09D02368002BD0DA2800FFF7E8
:10697000CDFE03002060CAE7FEE72800FFF7C6FE51
:106980000300C4E7FFFFFF3FFFFFFF9FFFFFFF1F65
:10699000FFFFFF0FF0B5DE4657464E464546E0B5D1
:1069A000040087B001F010FDA3688346002B01D0DE
:1069B00000221A621B220021200001F0B3FE3822BF
:1069C0000021049005008146200001F0ABFE3C222E
:1069D000049006000021200001F0A4FE04900007AE
:1069E00002D5AC46B444E1461A220021200001F051
:1069F00099FE38220021049005008246200001F013
:106A000091FE3C22060004900021200001F08AFE45
:106A1000400702D5AC46B444E2460022934B3521F0
:106A200004920593200004AAFFF796FB049F8F4B66
:106A300057440122200003A94F44039310F08EFC19
:106A4000002815D0039DA368002B02D05A4652425D
:106A50001A62864B9D4201D0AF4207DB380007B077
:106A6000F0BCBB46B246A946A046F0BD2F00F5E7F4
:106A7000200001F005FF8122050080460021200052
:106A800001F050FE0490C0B201285FD00026002D16
:106A900046D001972700BB68B2001B687449D558DF
:106AA0002800FFF757FA002835D12B23EB5C9B0613
:106AB00031D428006F49FFF74DFA00280BD1280088
:106AC00001F0C6FE002806D08422002101F02AFE33
:106AD0000490000410D112220021280001F022FEAF
:106AE000F8230490034200D090E0073318406C3B39
:106AF000C340DB0700D489E0EC697B69E41A013408
:106B000023220021280001F00DFE039B0490201891
:106B1000984213DA03930136B045BCD13C00019F83
:106B20004946039B514A5D18934200D08BE7A26807
:106B3000002A93D05B465B4213628FE72322002139
:106B4000280001F0EFFD04902318E3E743460025F9
:106B5000002B44D001972700BB68AA001B6844495A
:106B6000D6583000FFF7F6F9002833D12B23F35C19
:106B70009B062FD430003F49FFF7ECF900280BD1DA
:106B8000300001F065FE002806D08422002101F0CB
:106B9000C9FD049000040ED112220021300001F042
:106BA000C1FDFF2304901840082847DC4A23FF3327
:106BB000C340DB0742D5FC697369E41A0134222221
:106BC0000021300001F0AEFD039B04902018984294
:106BD00014DA03930135A845BED13C00019F51460C
:106BE000039B224A5D18934200D02CE7A368002B38
:106BF00000D133E75A4652421A622FE7222200217F
:106C0000300001F08FFD04902318E2E710220021EC
:106C1000280001F087FD0490002801D0134C6FE795
:106C20002800143011F098FE53462322C418002186
:106C3000280001F077FD0490241861E7102200215C
:106C4000300001F06FFD0490002801D0074CB6E73A
:106C50003000143011F080FE4B462222C41800216F
:106C6000300001F05FFD04902418A8E7010000E067
:106C7000010004000100060070B5140082B00A0093
:106C80000021050001F04EFD224A0300904230D061
:106C9000C0228021D205024089058A4202D0180014
:106CA00002B070BD1C4A10401C4A04009042F6D04D
:106CB000280001F0CDFD002826D0FFF779FC8023C5
:106CC0005B059C4201DB164B1C1B64216043FAF7F9
:106CD000CDFA222206000021280001F023FD232204
:106CE000040000900021280001F01CFD0019331A57
:106CF000D5E7002C09D02368002BD0DA2800FFF755
:106D000049FE03002060CAE7FEE72800FFF742FEC5
:106D10000300C4E7FFFFFF3FFFFFFF9FFFFFFF1FD1
:106D2000FFFFFF0F70B5040082B0012904D00B00F3
:106D3000083B012B00D9FEE70A002000002101F0EA
:106D4000F1FC1D4A0300904208D0C0228021D205E8
:106D5000024089058A4205D002B070BD2000FFF7CD
:106D600019FEF9E7154A13401A001D00144B9A4208
:106D7000F2D0200001F06CFD00281BD0FFF718FCBA
:106D800080235B059D4201DB0E4B5D1B6421684344
:106D9000FAF76CFA222206000021200001F0C2FC62
:106DA0002322050000900021200001F0BBFC4019C7
:106DB000301AD1E7FEE7C046FFFFFF3FFFFFFF9F0E
:106DC000FFFFFF1FFFFFFF0F70B5040082B0022915
:106DD00004D00B000A3B012B00D9FEE70A0020007B
:106DE000002101F09FFC1D4A0300904208D0C02200
:106DF0008021D205024089058A4205D002B070BDCB
:106E00002000FFF783FCF9E7154A13401A001D0024
:106E1000144B9A42F2D0200001F01AFD00281BD03A
:106E2000FFF78CFB80235B059D4201DB0E4B5D1B56
:106E300064216843FAF71AFA202206000021200094
:106E400001F070FC2122050000900021200001F0DB
:106E500069FC4019301AD1E7FEE7C046FFFFFF3F4B
:106E6000FFFFFF9FFFFFFF1FFFFFFF0F10B52A244B
:106E70000122035D1343035501F0AEFC0422035DC0
:106E80001343035501F0B0FC0022392101F078FED4
:106E900010BDC04610B5002803D0143011F05CFDC1
:106EA00010BDFEE710B5002803D0143011F05AFDD4
:106EB00010BDFEE710B5002802D0FFF779FB10BD2A
:106EC000FEE7C04610B5002802D0FFF737FB10BD23
:106ED000FEE7C046002200B5054B83B00092019347
:106EE00035216A46FFF738F9009803B000BDC04667
:106EF000010000E0002300B5054A83B00092019331
:106F000035216A46FFF728F9019803B000BDC04655
:106F1000010000E0F0B5DE4657464E464546E0B576
:106F200097B006008B4692461C0001F0A9FC002891
:106F300000D159E100231D0053463700DA4681464F
:106F4000A0469B46BB68AA001B68D4584346002B4A
:106F500007D080212000C902FEF7F2FF002800D0F0
:106F60003EE16369200053446361A3695B44A3610C
:106F7000E3695344E361236A5B44236201F080FCCC
:106F8000002309900593002800D129E15B46D346F0
:106F90009A46A368059A1B689200D6587369300018
:106FA0005B447361B3695344B361F3695B44F36158
:106FB000336A5344336201F063FC0A90002800D125
:106FC00004E10023069343460C940D950E93B36899
:106FD000069A1B689200D458636920005B44636181
:106FE000A3695344A361E3695B44E361236A5344A7
:106FF000236201F045FC0B90002800D1DBE0002368
:107000000F9607931097A368079A1B689200D558AC
:107010006B6928005B446B61AB695344AB61EB69FE
:107020005B44EB612B6A53442B6201F029FC00287E
:1070300000D1B7E000274B460495814625003C006F
:107040001193049BA2009B681B68D7587B6938008A
:107050005B447B61BB695344BB61FB695B44FB617F
:107060003B6A53443B6201F00BFC002800D192E0E4
:1070700053462E00BA46A0461F00002501905346F5
:107080009B68AA001B68D458636920005B44636155
:10709000A369DB19A361E3695B44E361236ADB193C
:1070A000236201F0EDFB029000286CD000230893CE
:1070B000534613934346159525005C461296149348
:1070C000AB68089A1B689200D358984642465B69A1
:1070D00040461B1953619369DB199361D3691B19EE
:1070E000D361136ADB19136201F0CAFB83460028DF
:1070F0003CD0AA462500002443469B68A2001B689A
:10710000D658736930005B197361B369DB19B361D9
:10711000F3695B19F361336ADB19336201F0B0FB89
:10712000039000281DD000230093B368009A1B68C9
:107130009200D058290043693A005B194361836982
:10714000DB198361C3695B19C361036ADB190362DD
:107150000023FFF7DFFE009A531C039A00939A4224
:10716000E3D10134A345C7D12C005546089B029AB0
:10717000013308939A42A3D1139BA3469A46149BCA
:10718000129E9846159D019B0135AB4200D076E7D3
:1071900035004446BA460134A14500D051E7119B61
:1071A0002C009946079B0B9A013307939A4200D013
:1071B00029E70F9E109F069B0A9A013306939A4275
:1071C00000D004E70E9B0C9C98460D9D059B099AE8
:1071D000013305939A4200D0DBE65346DA469B46DC
:1071E0000135A94500D0ADE617B0F0BCBB46B246AC
:1071F000A946A046F0BDC046F0B54746CE4680B58C
:10720000884689B001210400FEF79AFE002807D0C5
:1072100000239946484609B0C0BCB946B046F0BD07
:10722000200001F0D9FA050001F0DEFA060001F0B5
:1072300061FCA84213D0300001F06AFCA8420ED0D5
:10724000300001F08FFCA84209D0300001F06EFC44
:10725000A84204D0300001F077FCA842D8D1200029
:10726000FEF7CAFE0100E269A069236A6569019020
:10727000029268460A000393009510F02FFF6A46B9
:107280004146404610F046FF230081460028BFD00B
:1072900033200C219A68002A03D0125C0A40082A85
:1072A00045D05B68002BF5D1200001F0D1FA3325E1
:1072B000041EAFD001212000FEF742FE0028A7D116
:1072C000230004AE3200143383CB83C280211B68B9
:1072D000200013604903FEF733FE002819D1230074
:1072E0000C219A68002A03D0525D0A40082A19D05E
:1072F0005B68002BF5D132004146404610F00AFF92
:10730000002800D184E7200001F0A2FA041ED1D1A8
:1073100080E72000FEF770FE01000200300010F050
:10732000DDFEDCE731002000FFF78EF8E3E74146A1
:107330002000FFF789F8B7E7F0B50B6804000D00EF
:1073400087B0834221D0FEF757FE0100E269A069B1
:10735000236A66690390049202A80A0005930296C4
:1073600010F0BCFE230033200C219A68002A03D0C1
:10737000125C0A40082A27D05B68002BF5D16868A8
:1073800002A910F09FFF002802D1012007B0F0BD34
:107390002000FEF7E9FD628DC74392050026920E9C
:1073A00010D00421E568F300ED18EB79194206D1FD
:1073B000AB881F4203D128684368002B0FDB0136DE
:1073C000B242EED80020E1E7200002A9FFF73CF826
:1073D000686802A910F076FF0028D6D0D8E701AA85
:1073E000882111F0A1FE2B685A68002805D1002AD7
:1073F00030DB628D9205920EE1E7002A32DB20003D
:10740000FEF7FAFDA269E369256A6169121A091A91
:10741000C31840190291059002A920000392049319
:10742000FFF7EAFE0028B0D0A368002B05D0332276
:107430009A5C0C231340082B06D0200001F0D4F9ED
:1074400002A901F06BFAA0E70522052102A810F0BD
:1074500045FEF2E79421180001AA11F065FE00280C
:10746000C7D0CCE79421180001AA11F05DFEC6E751
:1074700070B50D0006009168506886B0D368126838
:1074800003900491280002A902920593FFF7B4FE2D
:1074900000283AD0AB68002B05D033229A5C0C232D
:1074A0001340082B35D0280001F09EF902A901F005
:1074B00035FA041E29D002AB0193B2230095184D72
:1074C0009B00F0586A46290001F0E4F9B4239B00C0
:1074D000F058002803D06A46290001F0DBF9B023F8
:1074E0009B00F0586A46290001F0D4F9B1239B00B3
:1074F000F0586A46290001F0CDF9B3239B006A4693
:107500002900F05801F0C6F900E00024200006B080
:1075100070BD0522052102A810F0E0FDC3E7C046BA
:107520003973001070B504000E00002810D001F06F
:107530005BF9050001F030FB002808D0002D09D0D0
:10754000002E06D0320021002800FFF791FF70BD09
:10755000FEE7FEE7FEE7C04630B5040085B0002830
:107560000AD001F041F9050001F016FB00230028C4
:1075700003D1180005B030BDFEE72000FEF73CFD4A
:10758000216AA2698C46E3696169121A091AC31853
:1075900060440091019202930390002D06D06A4648
:1075A00021002800FFF764FF0300E2E7FEE7C04682
:1075B000F0B5CE46474680B504008DB0002800D116
:1075C00093E02B260C23825D13400C2B00D193E01B
:1075D00001F03EF9051E00D18EE0A35D1B0700D42B
:1075E00090E014239C46A4446046E04611F0B4F9B0
:1075F0002B23E35C81465B0700D4C4E0404611F0D6
:10760000B1F90700404611F0A7F981456FD020007D
:1076100001F0EAF8060001F0BFFA002816D02000B9
:10762000FEF7EAFC216AA2698C46E3696169121AD5
:10763000091AC3186044089109920A930B90002E0E
:1076400054D02100300008AAFFF712FFA169606939
:10765000E269236A00900191280004A90292039331
:10766000FEF7DEFF0022684604A910F041FE061E68
:1076700000D1FDE0A3698122DB19013B002120003C
:10768000236201F04FF80890C0B2012800D1E9E070
:1076900063694B44013BE3616A4632212000FEF7F7
:1076A0005BFD22002B212800FEF756FD200001F093
:1076B0009BF8070001F070FA002800D099E02A2218
:1076C0000221A35C40460B43A35404A9002210F0FE
:1076D0000FFE002E01D1002802D0280000F084FE09
:1076E0002000FEF761FC012007E0FEE7FEE74046D0
:1076F00011F038F987428AD100200DB0C0BCB946DC
:10770000B046F0BD012301215B4204AA200004938E
:10771000FFF7B2FA082104AA07002000FFF7ACFA2D
:107720000921060004AA2000FFF7A6FA0300B842C8
:1077300000DD80E09946B34279DBB34200DC8AE0A9
:10774000814500D1C9E001220021200000F0EAFFBC
:107750000890C0228021D2050023024089058A4278
:1077600000D19DE0220020202A3259015378834322
:107770000B43537014239C462B23E35CA444E04644
:107780005B0700D53AE7012302215B4204AA2000EF
:107790000493FFF7A9F80A2104AA07002000FFF7C5
:1077A000A3F80B21060004AA2000FFF79DF80300B0
:1077B000B84237DC1F00B34243DBB34244DD8742AB
:1077C00000D183E002220021200000F0ABFF0890EE
:1077D000C0228021D2050023024089058A424BD075
:1077E000220010202A321901537883430B4353702F
:1077F00008E72000FEF700FC216AA2698C46E369D5
:107800006169121A091AC3186044089109920A930F
:107810000B90002F05D02100380008AAFFF728FEA2
:107820004DE7FEE73B001F00B342C6DA09E0B14670
:10783000B34285DC0FE03B009946B34200DB7CE7B6
:10784000F5E73700B342BADC0A220021200000F03D
:1078500069FF0890BCE708220021200000F062FFC9
:10786000089076E74A46E3699B1A0133636113E7A0
:10787000280000F0B9FDFDE61B4A10401B4A90426B
:10788000AED02B22AA5C5207AAD4022200212800E3
:1078900000F048FF164B0890C3185A4253419FE727
:1078A000114A1040114A904200D15BE72B22AA5C9A
:1078B000120700D556E701220021280000F032FF10
:1078C0000B4B0890C3185A4253414BE70B2200213F
:1078D000200000F027FF08907AE70922002120000D
:1078E00000F020FF089034E7FFFFFF9FFFFFFF1F1E
:1078F000010000C0F0B5CE46474680B583B0060013
:1079000000F0BEFF8146002869D0364B002498461F
:10791000B368A2001B683449D5582800FEF71AFB4B
:1079200000280AD12122002128002F6A00F0FAFE47
:1079300001903818804500DA80460134A145E7D12E
:1079400018220021300000F0EDFE382200210190C5
:107950000500300000F0E6FE3C220190040000210A
:10796000300000F0DFFE0190800700D52D191922AC
:107970000021300000F0D6FE3822070000210190DF
:10798000300000F0CFFE3C220400019000213000C6
:1079900000F0C8FE0190C007C017124B0440E71961
:1079A000984504D04246336ADB1BD31A9846300010
:1079B000FFF7A0FA04003000FFF774FAB268401B2A
:1079C000C01B241A002A01D0526AA4184046A042C3
:1079D00000DA200003B0C0BCB946B046F0BD014B90
:1079E0009846ADE7010000E001000400F0B5CE4686
:1079F000474680B583B0060000F042FF814600286C
:107A000068D0364B00249846B368A2001B683449FE
:107A1000D5582800FEF79EFA00280AD1232200211B
:107A20002800EF6900F07EFE01903818804500DAEA
:107A300080460134A145E7D11B220021300000F02F
:107A400071FE3822002101900400300000F06AFE2F
:107A50003C22019005000021300000F063FE0190FF
:107A6000000700D564191A220021300000F05AFEE8
:107A70003822002101900700300000F053FE3C2224
:107A8000019005000021300000F04CFE01904007FD
:107A900000D57F19114B984504D04246F3691B1B52
:107AA000D31A98463000FFF715FA05003000FFF7AB
:107AB000F1F9B268001BC01B2D1A002A01D0126A0E
:107AC000AD184046A84200DA280003B0C0BCB94651
:107AD000B046F0BD014B9846AEE7C046010000E05D
:107AE00001000400F0B5DE464E4645465746E0B577
:107AF0001B2283B00021060000F014FE3822002172
:107B0000019005008346300000F00CFE3C220190FD
:107B100004000021300000F005FE0190000702D5AE
:107B2000AC46A444E3461A220021300000F0FAFDDE
:107B300038220021019005008246300000F0F2FD5D
:107B40003C22019004000021300000F0EBFD019088
:107B5000400702D5AC46A444E246300000F090FE57
:107B6000071E3FD0204B00249846B368A2001B6834
:107B70001E49D5582800FEF7EDF900280CD16B6995
:107B8000222299460021280000F0CCFD4B460190AE
:107B9000181A804500DD80460134A742E5D1124B1A
:107BA00098451FD0434674695444E41A3000FFF7E7
:107BB00091F905003000FFF76DF95B46C01A534696
:107BC000B268C01A2D1A002A01D0126AAD1A20001C
:107BD000AC4200DA280003B0F0BCBB46B246A9466E
:107BE000A046F0BD024CE1E7FFFFFF1F01000400CB
:107BF000010000E0F0B54E464546DE465746E0B58A
:107C0000836804008946904693B0002B00D186E03B
:107C100032229B5C9B079E0F002B41D000200EF070
:107C2000E7FA0500022E42D0A368002B4FD05B6A12
:107C300020005F42FFF75EFE824681220021200085
:107C400000F070FD1190C0B2012863D0A368002B32
:107C50006BD01B6A5B429B4681220021200000F012
:107C600061FD1190C0B2012837D1A368002B00D16B
:107C7000C5E11A6A04925B8E9B051B0F0193032BCF
:107C800055D9012E00D1BCE1032E00D1A0E128007E
:107C90000EF0C2FA019B0C2800D190E39B074DD156
:107CA00013B0F0BCBB46B246A946A046F0BD0028C2
:107CB00005D1F5E728000EF09BFA051EF0D028004C
:107CC0000EF0BAFA8442F5D1A368002BAFD12000A0
:107CD000FFF710FE00278246AFE72000FFF786FE81
:107CE000A3680490002BC6D1012E00D1BCE1032E65
:107CF00000D105E228000EF08FFA0C281ED12800D2
:107D00000EF08AFAC31E5A425341DBB2029301239A
:107D100001931CE02000FFF7E5FE83469CE700206E
:107D20000EF066FA032605007EE79B4694E7002BDB
:107D3000B6D0012E07D0032E00D170E128000EF03E
:107D40006BFA0328ACD10023019301330293802105
:107D500081224902200000F0E5FC802118221190C8
:107D600049020600200000F0DDFC802119220A9063
:107D700011904902200000F0D5FC80211A220790C2
:107D800011904902200000F0CDFC80211B220990B7
:107D900011904902200000F0C5FC802101220890CA
:107DA00011904902200000F0BDFC8021032249020D
:107DB00005001190200000F0B5FC06901190200005
:107DC000FFF770F803902000FFF764F88021019B13
:107DD00005905B422B400B93029B48225B422B4059
:107DE000200049020C9300F09DFC1190C0B20228C3
:107DF00000D8F8E0F3B20D93019B002B63D0039AF7
:107E0000BB1853441E1E5ED04246A3695360236ACA
:107E1000D3600D9B012B00D129E1089AE3699B1ADD
:107E20005A1B013241468B600A600A9B039A0799EC
:107E3000D31A5B1A0C995B1A5A43310010000E9347
:107E4000F9F714FA069B07000190002B00DD1F00D4
:107E5000002000F037FE83001B185B000120EF2B91
:107E600000DD0AE1874200DC12E1069B002B00DD09
:107E70000193039AB11AA2690F92002900DCE7E08E
:107E8000039B019A1800934200DD10000E9B07002F
:107E90001E1A50467043F9F7E9F941460F9B321A12
:107EA000D2180A9B9B184B60DB19013BCB60A16980
:107EB0008A4200DA8CE10C99226A521A0799561A02
:107EC0009E4200DA63E1029B002B00D1E8E65E46A9
:107ED000059A049BB618F618002E00D1E0E6236A36
:107EE00007995B1A4946CB605B1B01334B606369A2
:107EF0000B60E3698B60099B0899D31A5B1A0B9995
:107F00005B1A5A43310010009846F9F7AFF9069B07
:107F100007000500002B00DD1D00002000F0D2FD51
:107F200083001B185B000120EF2B00DDDDE08542A4
:107F300000DCC4E0069B002B00DD1F00059BF11A4E
:107F40006669002974DD1D00BB4200DD3D0043462B
:107F500004985F1B7843F9F789F9099A3B1A0D9940
:107F60009B19D218012900D1DFE049460A60AD18FB
:107F70006669013D8D609E4200DD5AE10B9BE4691C
:107F8000E41A089BE41AAC4200DB89E64B46002069
:107F90009C6000F097FD83001B185B000120EF2B15
:107FA00000DDAFE14B461B68241A9C4200DB77E6FC
:107FB0004B4600209C6800F085FD83001B185B0089
:107FC0000120EF2B00DDD1E14B46241A1C6067E64F
:107FD000002F00DCA3E01E4200D094E001230193B7
:107FE00000230293B3E680213A222000490200F0E8
:107FF00099FB1190C0B2022800D9FBE650E6049329
:1080000072E61A00032313405A1E9341DBB2029317
:10801000012301939BE6019B1E4200D140E65B4693
:10802000002B00DD8FE6049B002B00DD8BE637E69E
:10803000099BF6180D9B012B00D1F0E04A46E3693D
:10804000089916605B1A0B995B1A013B936027E64F
:108050000A9B07999B1842465360236A5B1A0C9946
:108060005B1A013BD3602EE701230293D0E7099B03
:108070006269D218AB18013BD4E6002000F022FD63
:10808000830018184000A0215030F9F7EFF8E9E616
:10809000002000F017FD012283001B185B000192F5
:1080A000EF2B00DCE5E6002000F00CFD8300181843
:1080B0004000A0215030F9F7D9F80190D9E600200E
:1080C00000F000FD83001B1801275B00EF2B00DC94
:1080D00034E7002000F0F6FC830018184000A021CF
:1080E0005030F9F7C3F8070028E7002000F0EAFC59
:1080F000830018184000A0215030F9F7B7F816E7B0
:10810000002F00DCB6E05B460499DA17D21ACB17D1
:108110005B1A1343DB0F02930123019317E65346C7
:10812000002B00DC77E7019B55E70B995218494675
:108130000A60AA18013A8A606169994200DDA9E0E3
:10814000E469089BE41A944200DBA9E54B46002051
:108150009C6000F0B7FC83001B185B000120EF2B34
:1081600000DDEFE04B461B68241A9C4200DB97E5DC
:108170004B4600209D680A2400F0A4FC60430123C4
:10818000EF2800DD11E1ED1A4B461D6088E54346FE
:108190000020DE6000F096FC83001B185B000120CD
:1081A000EF2B6CDC43465B68321A9A4200DB8AE6AE
:1081B00043460020DE6800F085FC83001B185B004E
:1081C0000120EF2B00DDB3E04246331A53607AE61C
:1081D0000A9B42469C468C446346002053601E0026
:1081E00000F070FC83001B185B000120EF2B73DC98
:1081F0004346DB688019984200DC5CE643465B68D6
:1082000000201E0000F05EFC83001B185A000123B2
:10821000EF2A00DD81E042469B19D3604BE64A46D7
:108220000B9B0899F618E369013E5B1A1660936090
:1082300036E5099B0020F6180E6000F043FC830031
:108240001B185B000120EF2B51DC4B469D6830185A
:10825000A84200DC92E600201E6800F033FC830098
:108260001B1801255B00EF2B00DD89E04B467519DB
:108270009D6083E65346002B00DD44E7CFE60020F7
:1082800000F020FC830018184000A0215030F8F7BF
:10829000EDFF87E7099B0020C9180B9BCD184B46C3
:1082A0001D6000F00FFC83001B185B000120EF2B0A
:1082B00052DC4B469A682D18954200DC40E70020BE
:1082C0000A261D6800F0FEFB70430122EF2862DCE5
:1082D0004B46AA189A6033E7002000F0F3FB8300B6
:1082E00018184000A0215030F8F7C0FF80E70020A8
:1082F00000F0E8FB830018184000A0215030F8F788
:10830000B5FFA2E7002000F0DDFB83001818400055
:10831000A0215030F8F7AAFF44E6002000F0D2FB7D
:108320000A235843A0215030F8F7A0FF030072E75A
:10833000002000F0C7FB0A235843A0215030F8F773
:1083400095FF41E7002000F0BDFB0A235843A02120
:108350005030F8F78BFF05E7002000F0B3FB0A234D
:108360005843A0215030F8F781FFA2E7002000F029
:10837000A9FB0A235843A0215030F8F777FF23E6E2
:10838000002000F09FFB0A235843A0215030F8F74B
:108390006DFF05006AE7002000F094FB7043A02108
:1083A0005030F8F763FF020092E7002000F08AFBEC
:1083B0006043A0215030F8F759FF0300E3E69B0724
:1083C00000D10BE69BE4C0468368002B02D0186AFC
:1083D000404270470020FCE78368002B02D0586AB7
:1083E000404270470020FCE730B5012405008BB007
:1083F000644223000022002102A800940FF052FEE4
:10840000002106A82300002200940FF04BFE10214B
:108410002800FDF795FD002804D0280006AA02A92F
:10842000FFF7E8FB02A80FF04FFE002804D106A8D2
:108430000FF04AFE002809D002A80FF045FE0028E0
:1084400006D106A80FF040FE00280AD10BB030BDBF
:10845000280002A9FFF766F806A80FF035FE0028ED
:10846000F4D0280006A9FFF75DF8EFE7F0B5454620
:10847000DE4657464E46E0B51500428D89B092055E
:108480008C460493920E5FD0A9080B1C1F2900D9BB
:10849000BFE00126DBB2FF219E40634609040B408A
:1084A0009B462A230827C35CB0461F40C3680420AC
:1084B0001600624619000393022400238246BC463C
:1084C00002922000CA791040144240D05046024027
:1084D0006046024334D1FF204A68000402405A45F6
:1084E0002ED147460A685068384229D01068177A5A
:1084F0008146FF2F00D196E0002F21D0BA004A44D8
:108500000192624600209C4605923B00019F02E0DA
:108510000130834211D93A5CAA42F9D14B4680001E
:10852000C358049A136001239846404609B0F0BC32
:10853000BB46B246A946A046F0BD059A634694469E
:10854000013308319E42BCD800239846EDE7320043
:108550000299464680469A42E7D989B20791C943B3
:1085600003980291D900091801204042019005307A
:108570008046FF2000048246AC46086844683442C6
:108580003CD04546CC79254238D155464C6824022A
:10859000240A2540AB4531D1029FA5B2A9463D42F0
:1085A0002CD12404019D240C0394AC4226DD077ACF
:1085B0000468FF2F45D0002F20D005924A46BD0009
:1085C0006519A1460020644606929C463B002F0098
:1085D00002E0013083421ED93D5CA542F9D16346D9
:1085E000A4464C46069D8000A9460059049C059A65
:1085F00020600798484596D00398019001330831D0
:108600009A42BAD801980130431E9841C3B29846A5
:108610008BE71F233DE76346059A0133A4460831E3
:108620009A42AAD8EEE70278002A04D188E7027AB3
:108630000830002A84D09542F9D14368049A136027
:1086400071E720786546002804D1D7E7207A0834FE
:10865000002806D08542F9D16068049CAC462060B1
:10866000C7E70133AC4608319A4286D8CAE7C0460C
:10867000F0B5C64600B50400884615001F00FFF798
:10868000F5FE0600012833D0FF2342461B041A40A2
:108690001300B02D16D91D4A526B002A29D0521949
:1086A000B13A1278D20724D5002B09D0002C20D063
:1086B0003B002A002000218DFFF7D8FE012817D0AB
:1086C0006468F3E7124A525DD207EDD4002B10D153
:1086D0006B1E012B0DD82368002B0AD0012D03D16E
:1086E0000EE01B68002B04D0DA69002AF9D03A604A
:1086F0000126300080BCB846F0BD1B68002BF8D0C6
:108700009A69002AF9D03A60F2E7C046400D00208D
:10871000A8C1031010B514210148FCF751FA10BD8F
:108720005C0D002010B5140084B000280DD0038D1E
:1087300019430023029302ABFFF79AFF012805D0EB
:10874000200010F017FD04B010BDFEE70298FAE714
:10875000F8B505000E00170000281BD01100B04727
:10876000022836D0012813D0AB68002B10D000248B
:108770001A8EA2420CD91B68A200D05831003A00D0
:10878000FFF7E6FF022824D0AB680134002BEFD1BD
:108790000020F8BD002000F05FF9051E19D0B623B7
:1087A0009B00EB580024002B0ED0AF239B00EB580E
:1087B000A200D05831003A00FFF7CAFFB6239B0051
:1087C000EB580134A342F0D8280000F045F9051E0B
:1087D000E5D10220DDE7C046031E04D018005B6827
:1087E000002BFBD17047FEE7F0B5C646040000B58C
:1087F000002822D04368002B03D01C005B68002BAC
:10880000FBD1124B18009846FCF73AFA051E10D01F
:10881000B626AF27B600BF00A95900290ED0002305
:10882000E85902E001338B4208D09A008258A242F4
:10883000F8D1280080BCB846F0BDFEE729004046CC
:10884000FCF726FA051EE7D1F3E7C046480D0020E5
:10885000002800D04068704700280BD080680028AE
:1088600007D0038E002906DB8B4206D903688900F6
:10887000C8587047FEE75918F6D50020F9E7C046FA
:10888000002804D08368002B02D0188E7047FEE7C2
:108890000020FBE7F8B505000E00170000281AD0ED
:1088A0001100B0470138C0B2012813D9AB68002BC2
:1088B00010D000241A8EA2420CD91B68A200D058F6
:1088C00031003A00FFF744FF022803D0AB680134BF
:1088D000002BEFD1F8BD002000F0BEF8051EF9D046
:1088E000B6239B00EB580024002B0ED0AF239B0037
:1088F000EB58A200D05831003A00FFF729FFB62309
:108900009B00EB5801349C42F0D3280000F0A4F8FF
:10891000051EE5D1DEE7C0467047C04630B504000D
:108920000D0089B000284ED0200000F035F9002855
:108930004DD03F23E35C5B0744D4002D4AD0002296
:10894000002320000092019300F094F80138029077
:10895000200000F0A3F8013803906A46290004A81B
:108960000FF0D8FB002832D04023E35C072B05D161
:10897000049A9A430492069A134306933D23E35CB8
:10898000022B2CD03621200004AA00F0F9F801288F
:108990001DD199239B00E358002B4ED0002506E003
:1089A00099239B000135E358ADB29D4229D229019C
:1089B00044310022611804A80FF09AFC0028EFD07F
:1089C000012005E0FEE700F041F8041EACD10020D4
:1089D00009B030BD99239B000120E550F8E7230042
:1089E0006A46443323CA23C3126839211A60992383
:1089F00001229B00E2502000002200F0C1F801207B
:108A0000E6E71F2B16D9012100236A4610681B01D7
:108A1000E3185864506898649068D864D26820005D
:108A20001A6599239B00E1500022392100F0A8F833
:108A30000120CDE7591C04AAE8E7012104AAE5E7D3
:108A4000014B58697047C046400D0020014B9869A2
:108A50007047C046400D002010B5002804D001002A
:108A60000348FCF715F910BD0148FCF709F9FAE7CE
:108A7000480D002000280AD0C02305229B00C35CBB
:108A80001340012B01D0006870474068FCE7024B9F
:108A900098690028F0D1F7E7400D002000280AD09F
:108AA000C02305229B00C35C1340012B01D040680A
:108AB00070470068FCE7024B98690028F0D1F7E79F
:108AC000400D0020002801D080697047024B986952
:108AD0000028F9D18220F8E7400D0020002802D0BC
:108AE0004023C05C7047024B98690028F8D1F9E731
:108AF000400D0020002803D0B2239B00C0587047CF
:108B0000024B98690028F7D1F9E7C046400D0020D4
:108B1000002803D0B4239B00C0587047024B9869CB
:108B20000028F7D1F9E7C046400D0020002803D007
:108B3000B1239B00C0587047024B98690028F7D1B9
:108B4000F9E7C046400D0020002803D0B0239B0069
:108B5000C0587047024B98690028F7D1F9E7C04622
:108B6000400D0020002803D0B3239B00C05870475D
:108B7000024B98690028F7D1F9E7C046400D002064
:108B80001300BA229200944610B584440200604655
:108B900010F0DEF910BDC046002806D09A239B00D5
:108BA000C358D817C01AC00F7047024B98690028E5
:108BB000F4D1F9E7400D002070B5041E14D0BA239B
:108BC0009B009C46C825A44460461300AD00432288
:108BD000060010F009FA6359002B0BD0C8220120BF
:108BE00001339200A35070BD064B9C69002CE6D166
:108BF0000020F8E7230022004421300010F0A8F9FB
:108C00006359EBE7400D0020F8B54746CE46060015
:108C100080B590460F0000282CD0BA239B00F51891
:108C2000280010F001FA441E28D40023994601E0E0
:108C3000013C14D32100280010F0FCF90028F7D0E3
:108C400003689F42F4D143689845F1D12100280080
:108C500010F0FAF94B4601339946013CEAD24946F5
:108C600000290BD0C8229200B3585B1AB3500AD027
:108C7000012004E0074B9E69002ECED10020C0BC2D
:108C8000B946B046F8BD32004421280010F060F922
:108C90000120F4E7400D002010B5024811F0ECF976
:108CA00010BDC046900E002010B5FDF7D1F8002889
:108CB0000CD0A222064B520099580160A421490011
:108CC00098505A5801325A50826010BDFEE7C04693
:108CD000400D002010B5024811F00CFA10BDC0463E
:108CE000900E0020F0B54746CE4680B543688046DA
:108CF0000C00160085B0002B46D0FFF7A1FEFFF751
:108D0000B9FE0700FFF79CFEFFF7C8FE43465D680B
:108D10002B6D012B02D0AB68002B39DD002C02D06B
:108D20002568002D32D0592702E02D68002D2DD066
:108D3000EB5DB34201D0002BF7D12B6D012BF4D1A9
:108D400043465C68002C2FD018239946A94413E0B1
:108D5000236D042B0DD0236D022B02D1E35DB342B2
:108D600007D021004A46684618310FF0D3F9002891
:108D7000DBD12468002C17D0A542E9D1200005B032
:108D8000C0BCB946B046F0BD0029C9D10024F5E702
:108D90002B69013FBB42C1DBEB68002BBEDC6B697A
:108DA00001388342BADBF1E72C00E7E7F0B5C646AD
:108DB0000368040000B5002B03D0186980BCB846D6
:108DC000F0BD14239C468444654628000FF0C4FD82
:108DD000060028000FF0C6FD4C250700615D30003D
:108DE00000F08AF90023804639003000625D00F00F
:108DF00053FA20600028E1D04046A6227843094972
:108E000052008B581B188B50605D0FF043FE0028FA
:108E100001D12368D1E70021206800F099F9236887
:108E2000CBE7C046400D002010B5006800F064FCA0
:108E300010BDC046002802D003230330984370477A
:108E400010B5040008000FF01BFE60430730C00897
:108E500010BDC04610B5FDF70DF810BD10B50330BC
:108E6000FCF7ECFF10BDC046F0B557464E464546F0
:108E7000DE461C001300E0B591465B78427807009F
:108E8000884683B0934200D0FEE700290DD0080049
:108E90000FF062FD8346002C00D18FE020000FF020
:108EA0005BFD584500D169E0FEE78288073BDBB2F5
:108EB0009346032B0AD84A4638691169032B00D11F
:108EC00079E05C4A9B009A58FCF7CEFA002CE5D179
:108ED0004B469B885B45E7D15B46002B00D188E081
:108EE0004B46DB88002B00D183E04B461C695B7846
:108EF000073BDBB2032B03D84F4A9B009B58E41877
:108F00003A89BB88924642467878002A00D172E0BE
:108F1000116856680191994200D382E0FB889E4215
:108F200000D37EE0C31FDBB200223D69032B5CD976
:108F3000534673439B18ED18019B002B49D14346C0
:108F4000DF684B461B8998460FF09AFDB7420EDB4F
:108F50005B4643430733DB109946210028004A460D
:108F60000136FCF781FA55444444BE42F5DD03B0B6
:108F7000F0BCBB46B246A946A046F0BD4A462568AD
:108F800093889D4235D26368D288934231D24A4653
:108F9000507816891469C21FD2B20021032A14D94D
:108FA00073435B18E418002DAAD00FF069FD454308
:108FB000ED086419A4E78022D20085E77B78073B9F
:108FC000DBB2032B00D983E775E71B4992005158A8
:108FD000E6E70FF055FD019B4343DB08ED184346E0
:108FE0005E683B8978789A46A9E7134A9B009A58AD
:108FF0009EE7002484E7F988002B17D0002912D0BF
:10900000C31FDBB23D69032B03D80B4A9B009B585F
:10901000ED184B461B894F1E984600260FF030FD79
:1090200096E700258BE70FF02BFDA0E70025002633
:109030004F1E86E7AC8803109C880310F0B5284DBE
:1090400085B028001C220021FCF754FA254B264E3F
:109050002C0000932B600396EE60DC2300262A0090
:10906000CC3C22492248234FE6501C320433E650C0
:10907000019169600290A8600433100000211C2255
:10908000E750FCF737FAE823009A0199E25002987A
:109090000433E150039A0433E0500433E2500433C4
:1090A000E65038350433E650280004331C220021F2
:1090B000E750FCF71FFA8223009A01995B00E25007
:1090C00002980433E150039A0433E0500433E25031
:1090D0000433E6500433E6500433E75005B0F0BDE6
:1090E0000C0E00205D8E0010358E0010558E001085
:1090F000698E0010418E0010E422044B10B59B587D
:10910000002B01D0984710BD0020FCE7400D002047
:1091100030B5040087B000280BD08569002D09D038
:109120006B69002B03D0002905D02000984707B0B9
:1091300030BDFEE7FEE7C2888388013A013B00921A
:1091400002A800220EF0AEFF6B6902A9EDE7C0464F
:10915000F0B5CE46474680B504000D008BB0002820
:109160005ED003899846838800295AD000200021C8
:1091700002900391013B0493E3882900013B02AA7A
:1091800006A805930EF0C6FF002844D006A80FF0ED
:10919000E3FB00283FDD06A80FF0E4FB00283ADDE2
:1091A000069FA38860789F4200D370E0079BE28807
:1091B000934200D36BE0228900219446C21FD2B2B1
:1091C0002669032A5FD9624653435B18F618002FBD
:1091D00052D10FF055FC814606A80FF0BDFB079F4A
:1091E000099A97420EDC4B4643430733DB109946FE
:1091F00030004A460021FCF77DF9099B01374644BF
:10920000BB42F5DAA369002B43D05B69002B02D087
:109210002900200098470BB0C0BCB946B046F0BD4D
:10922000FEE7C288002B0BD0002A09D043780569DD
:10923000073BDBB2032B03D816499B005B58ED18A4
:109240004346280000215A43FCF754F9A569002D34
:1092500011D06B69002BDED0E288A388013A00921E
:1092600006A800220021013B0EF01CFF20006B69C4
:1092700006A99847CFE7FEE70FF002FC4743FF0837
:109280006078F619A5E70349920051589BE700263C
:109290009FE7FEE79C880310F8B54546DE46574633
:1092A0004E468246E0B51C20884616001D00FCF79D
:1092B000CFFD041E3BD0002D3AD04746374BAB467E
:1092C00099466F43142E4BD0F31FDBB2032B03D808
:1092D00054D18023DB00FF18CC234A46D358002BFF
:1092E00047D0310038009847051E42D05346A3802E
:1092F0004346E3805B462381FF23667022681B029E
:109300001A40274B134323604A46D823D358002BD7
:1093100041D031009847234B20616561E760A3612C
:109320002000F0BCBB46B246A946A046F8BDFEE709
:10933000E4271A4B9946DB59002B29D031005046BF
:109340009847834600281ED14B46DB59002B1FD07F
:10935000310050469847474605004743142EB3D185
:1093600043466D085D434A46CC23D3587F19002BF2
:10937000B7D12000FCF77EFD0024D1E70A4A9B000C
:109380009B58FF18A8E70700434605005F4399E78D
:1093900000279B4696E70020BDE7C046400D002011
:1093A000190030000C0E0020AC880310F8B54546BB
:1093B000DE4657464E46E0B507001C2089469046DB
:1093C0001D00FCF745FD041E39D00A9B002B37D049
:1093D00046469A465E43142D4BD0EB1FDBB2032B5F
:1093E00003D853D18023DB00F6183B68002B48D00C
:1093F0002900300098478346002842D04B46A3807E
:109400004346E38053462381FF23657022681B0295
:109410001A40264B1343D8222360254B9B58002B20
:1094200041D0290098475B4620616361E660A761EF
:109430002000F0BCBB46B246A946A046F8BDFEE7F8
:10944000E4261B4B9B469B59002B29D029004846FC
:109450009847824600281ED15B469B59002B1FD09F
:10946000290048469847434606000A905E43142D5B
:10947000B3D142460A9B5B085343F6183B68002B66
:10948000B6D12000FCF7F6FC0024D1E7094A9B0086
:109490009B58F618A9E7060042460A9056439AE7F9
:1094A00000269A4697E70020BDE7C0461900300025
:1094B000400D0020AC880310F0B5DE4657464E46FE
:1094C0004546E0B58B8882469B46CB881C2083B0FE
:1094D0000D0099464F780E89FCF7BAFC041E48D05F
:1094E000002E47D04B46734398460196142F5BD00D
:1094F000FB1FDBB2032B06D865D03A4A9B009B5872
:10950000C4469C44E04653461B68002B56D03900A5
:1095100040469847061E51D05B46A3804B46E380E9
:1095200030236380019BD8222381192323702E4B83
:1095300067709B58002B51D039009847638852467A
:1095400041462061E1606661A2616A88134330226E
:109550001343EA686380424500D90A002969FBF792
:1095600083FF200003B0F0BCBB46B246A946A0462C
:10957000F0BDFEE7E4221C4B98469B58002B2AD0F6
:10958000390058469847031E01901FD14346E422F4
:109590009B58002B1FD03900584698474B464343F1
:1095A00006009846142FA3D14B4676085E435346D7
:1095B000C4461B68B444E046002BA8D12000FCF749
:1095C00059FC0024CDE78023DB0099E74A4653434A
:1095D000060098468AE79846019387E730230020E3
:1095E000ADE7C046AC880310400D0020F8B54746F3
:1095F000CE4680B504000D0017001E000898002C10
:109600003DD0002900D16578002827D1E422254BE0
:1096100099469B58002B39D029003800984780463E
:1096200000281CD14B46E4229B58002B2ED0290049
:109630003800984702007243142D14D1400870433B
:109640001218E36893421AD3434620006570A7803E
:10965000E6802381C0BCB946B046F8BD8046020012
:109660007243142DEAD0EB1FDBB2032BE9D8032B96
:1096700007D18023DB00D218E3689342E4D20020B4
:10968000E8E709499B005B58D218F5E7142D07D08D
:10969000EB1FDBB2032B03D8002100228846E6E74C
:1096A0000023D2E7400D0020AC88031010B5041E43
:1096B0000ED04388DB060AD58369002B09D05B688E
:1096C000002B01D0406998472000FCF7D3FB10BD68
:1096D000FEE7FEE710B5002809D08469002C07D00A
:1096E000A468002C05D0002A04D0A04710BDFEE7D6
:1096F000FEE7FEE7FEE7C04670B50C0000281FD06D
:1097000083888B421DD9C38893421AD90389417833
:109710009C46CB1FDBB205690020032B02D80A4808
:109720009B00185863465A431218AD18002C05D0F8
:1097300008000FF0A5F94443E4082D19280070BD76
:10974000FEE70025FAE7C0469C880310F8B54546B9
:10975000DE4657464E460400E0B50D00002826D0F0
:109760000369002B24D043889B0619D58088E388A1
:1097700006009846002907D1E4224B4B9B58002B4A
:1097800002D06178984705002389AB425CD06078AD
:109790000FF076F970430730C30899469D4208D20E
:1097A0000020F0BCBB46B246A946A046F8BDFEE785
:1097B000FEE763781F00002D08D1E4223A4B9B5846
:1097C000002B5FD039003000984700E02800424667
:1097D0004243142F5ED0FB1FDBB2032B05D8032BB3
:1097E0005DD032499B005B58D218E3689342D7D3CF
:1097F00063780022073BDBB2032B02D82C4A9B0084
:109800009A5820892369A84222D2414600291AD0B9
:109810000139484369438018891818185E186B424B
:109820009B4600239A46070001004A463000FBF79A
:10983000BDFE2389F81A33005B441E0053460133F2
:109840009A469845EFD825810120AAE7002223698E
:1098500041460029F7D09918981800239A460F001E
:109860004A460600FBF7A2FEBC4623899C4461469B
:109870005346B4460133AC4460469A469845EED808
:109880002581E1E7142FE1D0FB1FDBB2032BDDD8EC
:109890000022A4E74346400858431218A5E7802356
:1098A000DB00D218A1E7C046400D0020AC880310B1
:1098B0009C88031030B5040085B0002808D021230F
:1098C000428800251340202B03D0280005B030BD6E
:1098D000FEE710F045FC05000128F6D10023002228
:1098E00000920193A388013B02936378073B032B0B
:1098F0000FD803920122638813436380A369002B6E
:1099000006D05B69002BE0D0694620009847DCE771
:10991000FEE7E288013AECE7F0B5CE46474680B56F
:1099200004000D0083B0002831D08B880F690093AC
:10993000CA8890464A7801920E89C9681C228946D5
:109940000021FBF7D7FD002E22D0434673439945F3
:109950002BD3009B4A46A3804346E38000236380C9
:1099600019332370134B0199A361DB686170268161
:1099700027616761E260002B01D038009847012021
:109980006B88638003B0C0BCB946B046F0BDFEE74B
:10999000E422094B9B58002B09D001990098984765
:1099A0004346060073439945D3D20020EAE70026D8
:1099B000CFE7C0460C0E0020400D0020F0B54E460B
:1099C000DE4657464546E0B599B0170005AA9146D0
:1099D0001C000B000391494658331A88229E0A80C6
:1099E0009B7883468B703B6B7A6B4B600B89D205FF
:1099F0005B0AD20D5B0213430B81FB6A002B50D034
:109A0000002C33D0304B22689A422FD0239A08ABD7
:109A1000029323CA23C312681A60726831680298DD
:109A2000524249420EF068FBB846274B10AD236006
:109A30006360A360E36002992200404601F08AFC63
:109A40002B002200824683CA83C3126828001A6052
:109A5000726831680EF050FB5346012B10D019B0DC
:109A6000F0BCBB46B246A946A046F0BD239B3A00D7
:109A7000019358464B460399249C0096A047EEE775
:109A80002A00239914A80EF045FB0028D3D014AB6C
:109A9000019342464B4658460399249F0095B84788
:109AA000C9E7239A08AB029323CA23C312681A603A
:109AB000726831680298524249420EF01DFB002C38
:109AC000B2D10CACB0E7C046010000E010B57C227A
:109AD00000210400FBF70EFD0FF05AF8582359221D
:109AE000E05403041B0EA3545A235C210002000E11
:109AF000E054A63323646364625A054B1A40054B55
:109B000013436352044B23677C23236210BDC0467A
:109B100000EFFFFFFF100000010000E0002809D067
:109B200000780300203B5F2B02D9C009400070473A
:109B30000120FCE70320FAE7F0B5454657464E46BC
:109B4000DE46E0B58146884615009A46A9B0002B4E
:109B500006D0896A329A15A801F084FB012806D044
:109B600029B0F0BCBB46B246A946A046F0BD43466C
:109B700047461E8E68375B8E380006930EF0ECFE6B
:109B800008AC230000283EDB07CF07C33A681A6001
:109B9000310020000EF08CFA200006990EF08EFAAB
:109BA000089B0DAA05932F4B83CB83C21B681360C0
:109BB0006368E86883423CDCB346059A11AFB2188B
:109BC000013A0792AA680599914236DC5E4608E0A0
:109BD000A26823689219A260AA68F31823609342CE
:109BE00017DC2A00210038000EF094FA0028EFD08C
:109BF0005346414602934846019700940DAB15AA7F
:109C0000FFF7DCFEE4E72A0083CA83C312681A6008
:109C1000BEE7069963688C46E168E8686144E160E4
:109C20000599634421600799B3466360A16083424C
:109C3000C9DD15A801F09CFB92E7059A069DE16835
:109C40000892079A5B1949196360E160A260834238
:109C5000EFDC1A0052199042FCDA62605218D21AF4
:109C6000E260E6E7B8880310F0B5C64600B58AB0F2
:109C70001D0010AB1E8811AB04001888002D04D104
:109C800080235B009E4200D188E0002301278046AC
:109C90000293039305930693129B049107920891F4
:109CA00009922900320000930197030002A80EF0E8
:109CB00061FC129A29004346009204A832000197E1
:109CC0000EF058FC129A29004346009206A8320072
:109CD00001970EF04FFC129A29004346009208A803
:109CE000320001970EF046FC089B069D1A0004986E
:109CF0000299AB424EDC824248DC8A4241DC22605F
:109D0000AB423ADB834234DB8B4230DB099A079D5E
:109D1000013BA360059813000399AA4223DC834208
:109D20001DDC8B4216DC6360AA420FDB824209DB3A
:109D30008A4205DB013AE2600AB080BCB846F0BD59
:109D40000A00F7E702008A42F4DAF9E72A008242C1
:109D5000EEDAF7E70B006360AA42E7DAF6E7030002
:109D60008B42E0DDF6E72B008342DADDF7E70B00FC
:109D7000CCE703008B42C9DAF9E72B008342C3DA50
:109D8000F7E70A002260AB42BCDAF6E702008A423B
:109D9000B5DDF6E72A008242AFDDF7E7B04200D03A
:109DA00073E7013925606560A160013AC3E7C046E9
:109DB000F0B5CE46474680B581460E0014001F0020
:109DC000A1B0002B3CD0E3685168206892680893EA
:109DD000F36B059006910792002B04D18022336C1F
:109DE0005200934246D020000EF0B6FD804620007F
:109DF0000EF0B8FD31005031F36B0291716C05AD7E
:109E000089B20191316C020089B20091280041466B
:109E1000FFF72AFF2168059B62685B180593069B84
:109E20009B180693079B5B180793089B9B18089346
:109E30004A462900383209A80EF06CF9002804D1EE
:109E400021B0C0BCB946B046F0BDB16A289A0DA891
:109E500001F008FA0128F3D109AB4846019331001B
:109E60000023029700940DAAFFF7A8FD0DA801F0AA
:109E70007FFAE5E7726C05AD9A42B4D1D8E7C046E7
:109E800010B530220021FBF735FB10BDF0B54E4672
:109E90004546DE465746E0B50E00E5B00C9303009C
:109EA000456D0A90706B383311008146119220A8DD
:109EB0001A0016930EF02EF900281AD06423682495
:109EC000F35C1593335DDA081B0719D52868002861
:109ED00000D17AE380210903FCF732F8002800D092
:109EE00071E3F36A17930FE0F86A002801D0FFF7D7
:109EF000DDFB65B0F0BCBB46B246A946A046F0BD4E
:109F000011980EF029FD179048460CF06BF9F36B91
:109F1000119CC5186268216807001EA804950EF000
:109F20002BFD736CB16C18931F9BF26ECB181F93B3
:109F3000002A05D0002903D16168002900DA79E3FD
:109F400000230893336E0C22002125A89B46F7F7C7
:109F5000B5FA336C24AC24936823F35CB06ADB0855
:109F6000089D2373179B5946A3604A460023401956
:109F700000940FF011FC02000A98B04629005E46DA
:109F80008246BB461F9B571927E043468E19986AA5
:109F9000F61B00234A463100C01900940FF0FCFB69
:109FA0001F9B049A38189B184246D26E1F93002AB2
:109FB0000BD0E1498B4208DB1168002905DA1199C1
:109FC000176049685D1A556091604246926A39008F
:109FD000D25D002A00D18CE707005246D26B5B4469
:109FE0009342D2DB159BB346089146460B97022B52
:109FF00001D100F0BAFE032B01D100F0CBFE326D8F
:10A00000736D059214939A4200D8F3E2662440AF30
:10A01000302200213800FBF76DFA335D28ADFB7567
:10A0200038239C46B4446246FD600792338F18A9DA
:10A03000B4310B80937818AAB6321370F36C3200E7
:10A040003B6230AB3B61736F7032FB616723F35C43
:10A050004CA8FB76118846AB198092789A7001F073
:10A0600003F82C23325D18A9D031CA544B469B7D8E
:10A070005BB20D93002B00D1B9E20EF089FD18AB55
:10A08000187203041B0E18AA53725B460002000EDE
:10A090009072002B00D127E76A4618AB1B894E321D
:10A0A000138018AB9B7A149A1293A44B9A4200D156
:10A0B000DAE200239A460E931993A14B10935B4664
:10A0C0000693089AB36A94469C4461469B5C099146
:10A0D000002B00D108E71E9B189A00219B180F93B4
:10A0E0001E930023B046089A1B930B9B38AC9B1A17
:10A0F0000393039B994200D395E1059B8F4A9342BA
:10A1000000D1D4E1089BC9184346986A109B1B688C
:10A11000984783461BAB1DAA1CA909980FF014FE93
:10A1200068234146CB5C1C9A5B060CD55346232A18
:10A1300000D1C6E1012B00D1E8E1022B00D1DDE125
:10A1400000239A460E931D9B484630A90CF000F858
:10A150001C9B1F2B00D8A7E17A4A934200D1A3E1B0
:10A16000794A9A18012A00D89EE1784A9A18032A57
:10A1700000D899E1764A9A18042A00D894E1754AE1
:10A180009A18072A00D88FE1734A9A18102A00D823
:10A190008AE1724A934200D186E1714A934200D12A
:10A1A00082E118AB64331B8802934346186C1E9AF5
:10A1B000C30F1B185B10D31A2B60029B0130D218FF
:10A1C000C30F1B18013A5B109B181F99AB60049BCF
:10A1D0000398CB18013BEB601B9B6960834254D30F
:10A1E00040466823C35C5B07580F9B0021D5A260E3
:10A1F0004A46D3680F98C91813692060C91A1523F5
:10A20000FD20D3560D9AC91A6160891818AB01391F
:10A210000322E160C0180799F7F756F923000A985E
:10A220004CAA00210C9EB04742466823D05C4007F0
:10A23000400F800729D50F9B029A23601E9B0321A4
:10A240009B18013BA3604B46D8681B69C01A4000AD
:10A25000F7F70CF81F9B1622C0184B469A56079921
:10A26000D30F9B185B10C0180D9B6060C01801389D
:10A27000E060FD2018AB0322C018F7F725F9230092
:10A2800000210A980C9E4CAAB047059B2B4A93428A
:10A2900000D1FCE0149A5A4500D9F8E05B4500D89B
:10A2A000F5E0434658331A8818A9B4310A80FD20D6
:10A2B00041469B7818AAB632137018AB03225B3163
:10A2C000C018F7F701F92B0000210A980C9E4CAA40
:10A2D000B0471C9A1F2A00D897E01A4B9A4200D127
:10A2E00093E0194BD318012B00D88EE0174BD318ED
:10A2F000032B00D889E0164BD318042B00D884E038
:10A30000144BD318072B00D87FE0134BD318102B16
:10A3100000D87AE0114B9A4277D0114B9A4274D010
:10A320003B69002B00D1F7E0220043CB43C243CB73
:10A3300043C203CB03C215E000FCFFFFFFFF000098
:10A340005CC203101C060000A1EEFFFFF5E7FFFF53
:10A35000F5DFFFFFD8DFFFFFA1DFFFFFFFFE0000FB
:10A36000FFF800002389002B4CD0E288002A49D056
:10A370000A20215E1E98091852182CA8013A826002
:10A380002C914A4649468346D2680969521A1F9958
:10A3900052180C20215ED21A521A59469B18013BC2
:10A3A0004A60CB60BA6A796A5846524249420DF017
:10A3B000A3FE0022584616990DF0DAFF002808D0B7
:10A3C000F868002805D0002216990DF0D1FF00286A
:10A3D00018D12368002B00D1ADE0237C00215A1E48
:10A3E000172A00D8D5E03B711A2B00D19AE05B46C2
:10A3F0000A98BB600022002339000C9EB0473869E0
:10A400000BF094FE3B69A34264D0029A002A05D067
:10A4100043461B6CD6181E9BF6181E961B99069B6E
:10A420008B4200D965E646460C22002139A8F7F791
:10A4300045F8336C089A38936823F35CDB08237380
:10A44000179BA360069B9B180B9A991A069190463E
:10A450000021934277D1119B1B681E93159B022B01
:10A4600000D183E0032B00D19DE01F9B049A9B1831
:10A470000A9A1F93526C934200DD35E50B9B0893BB
:10A48000069B002B00D12FE543460B9319E653465C
:10A49000022B0FD0079A18A91388B4310B80937838
:10A4A00018AAB632137014E7002302937DE6002346
:10A4B0009B462FE66B464E331B88BB82129BBB75B7
:10A4C00007E7002B39D0012B00D139E600231B9977
:10A4D0009A46A4E700233B6197E7199BCB1A072B09
:10A4E00000D19EE340463A23C35C1293038F684633
:10A4F0004E3003800E9B012B00D096E007235B4279
:10A500009B4400230E9302339A461CE61B99202A93
:10A51000E3D000230E9382E7210048463C610BF014
:10A5200017FE1FE738690BF0CFFD3860002801D116
:10A5300000F0FFFB237C3B7159E71B9B190019932B
:10A5400001239A466BE7B06A0023069940444A46C5
:10A5500000940FF021F90B9B01009846119B804459
:10A560001B681E93159B022B00D07BE70B9BB06AE8
:10A570004A46C01823000FF009FA040011980EF0A3
:10A58000EBF9001BC30F1E9A1B185B109B181E9340
:10A590006BE72389E288F86A0091FFF727F8011E2C
:10A5A0002BD0237C1FE70B9BB06A4A46C0182300C0
:10A5B0000FF0ECF9040011980EF0CEF91E9B001B71
:10A5C0001B181E9351E7325DD20800214F91F16BA9
:10A5D000306C4D9122494CAB4C9099601A73B16A22
:10A5E000726B40A80FF0A0FB409B17938CE40133E3
:10A5F0000D9342E51492059308E5F86A002801D00E
:10A60000FFF754F800232289E1881F32521100938A
:10A61000144852010E33FEF7C9FE011E00D1A3E318
:10A620002389C380F862237CDDE601230E93013386
:10A630009A46F4E69068401AC117401848408021B5
:10A640008900491B4900884200DDB5E311680029F3
:10A6500000DA75E452680891D3181F9372E4C0467B
:10A66000FFFFFF1F280E0020002200230F925A46F2
:10A670009A4609930592089AB36A94469C446146A7
:10A680009B5C0691002B00D12EE41E9B1899B046CE
:10A690005B180E931E9300231B930B9B38AC9B1AE5
:10A6A00003930023039A934200D35CE11BAB1DAAE2
:10A6B0001CA906980FF048FB68234146CB5C1C9A06
:10A6C0005B060CD5232A00D199E15346012B00D11A
:10A6D00047E2022B00D13FE200239A460993484605
:10A6E0001D9B30A90BF034FD1C9A1F2A00D87CE179
:10A6F000CA4B9A4200D178E1C94BD318012B00D83C
:10A7000073E1C84BD318032B00D86EE1C64BD318A6
:10A71000042B00D869E1C54BD318072B00D864E19E
:10A72000C34BD318102B00D85FE1C24B9A4200D123
:10A730005BE1C14B9A4200D157E118AB64331B88EF
:10A74000029343461B6C1E999C46DB0F63445B10CF
:10A75000CB1A2B60029B1F98C91801239C446346A7
:10A76000DB0F634401395B105B18AB60049B039EF5
:10A770001B18013BEB601B9B6860B34259D36823F5
:10A780009B4643465A469B5C5B075A0F9B0023D56A
:10A790000E9BA16023604B46DB680322C0184B462A
:10A7A0001B690799C01A4B465B7D5BB2C01A0D9BB3
:10A7B0006060C0180138E060FD2018ABC018F6F7E3
:10A7C00083FE23004CAA00210A980C9EB047434602
:10A7D0005A469A5C5207520F920729D50E9B029A4D
:10A7E00023601E9B03219B18013BA3604B46D86846
:10A7F0001B69C01A4000F6F739FD1F9B1622C018CE
:10A800004B469A560799D30F9B185B10C0180D9BA7
:10A810006060C0180138E060FD2018AB0322C0184A
:10A82000F6F752FE230000210A980C9E4CAAB0476E
:10A830001C9A5346022B00D1DAE0079918A80B881E
:10A84000B43003808B7818A9B6310B701F2A7BD9DE
:10A85000724B9A4278D0724BD318012B74D9714B3A
:10A86000D318032B70D9704BD318042B6CD96F4BB2
:10A87000D318072B68D96E4BD318102B64D96D4BA6
:10A880009A4261D06C4B9A425ED03B69002B00D15A
:10A890006DE1220043CB43C243CB43C203CB03C28F
:10A8A0002289002A4DD0E388002B4AD00A20215E5D
:10A8B0001E9809185B182CA8013B83602C914B460D
:10A8C00049468346DB6809695B1A1F995B180C20AF
:10A8D000215E9B1A5B1A59464B609B18013BBA6A72
:10A8E000CB60796A5846524249420DF005FC169EEB
:10A8F0000022310058460DF03BFD002808D0F868D2
:10A90000002805D0002231000DF032FD002818D1BA
:10A910002368002B00D139E1237C5A1E172A00D866
:10A9200050E100213B711A2B00D127E15B460A98C8
:10A93000BB600022002339000C9EB04738690BF041
:10A94000F5FB3B69A34265D0029B002B06D01A00A1
:10A9500043461B6C9B181E9A9B181E931B9B059AC3
:10A96000934200D29EE646460C22002139A8F6F713
:10A97000A5FD336C089A38936823F35CDB082373D6
:10A98000179BA360059B9B180B9A991A05919046FB
:10A99000002193420BD0B06A0023059940444A46F7
:10A9A00000940EF0F9FE0B9B010098468044119B29
:10A9B0001B681E93159B022B00D10FE1032B00D1C6
:10A9C0001FE11F9B049A9B180A9A1F93526C934293
:10A9D00001DDFFF789FA0B9B0893059B002B01D142
:10A9E000FFF782FA43460B9345E600230293A8E65D
:10A9F0006B464E331B88BB82129BBB7526E75346C2
:10AA0000002B00D1C4E0012B00D165E600221B9B86
:10AA10009246A4E700233B6196E7C0461C0600006F
:10AA2000A1EEFFFFF5E7FFFFF5DFFFFFD8DFFFFF38
:10AA3000A1DFFFFFFFFE0000FFF800000F9B06995B
:10AA40000622C9182000FAF70FFD0023A37123780E
:10AA500018003038C0B2092800D8CAE1602B01D9EB
:10AA6000203BDBB21A00413A0020052A02D8373BCE
:10AA70001B01D8B263781A00303AD2B2092A00D842
:10AA8000E1E1602B01D9203BDBB21A00413A052AF3
:10AA900002D837381818C0B2A37819003039C9B2B3
:10AAA000092900D8CCE1602B01D9203BDBB21A0088
:10AAB000413A0021052A02D8373B1B01D9B2E3787D
:10AAC0001A00303AD2B2092A00D8B6E1602B01D977
:10AAD000203BDBB21A00413A052A02D8373959180F
:10AAE000C9B223791A00303AD2B2092A00D8A1E1BA
:10AAF000602B01D9203BDBB21E00413E0022052E17
:10AB000002D8373B1A01D2B263791E00303EF6B24A
:10AB1000092E00D889E1602B01D9203BDBB21E0051
:10AB2000413E052E02D8373A9A18D2B20EF004F8F8
:10AB300018AB1872030418AA1B0E00025372000E01
:10AB4000138990726A464E321380C3B21293099BE6
:10AB5000012B00D06CE11C9A0023099302339A4622
:10AB6000BDE51B9B202A18D000220992F7E600239E
:10AB7000210048463C610BF0EBFA91E638690BF096
:10AB8000A3FA00233860002800D0237C3B71CDE677
:10AB900001221B9B92460F93E1E60F99591A072950
:10ABA00000D14BE740463A21415C1291018F684643
:10ABB0004E30018009990129CED00122099201323B
:10ABC0009246CCE600212389E288F86A0091FEF7DC
:10ABD0000DFD011E00D1B0E0237CA3E60B9BB06A03
:10ABE0004A46C01823000EF0D1FE040011980DF063
:10ABF000B3FE001BC30F1E9A1B185B109B181E93FD
:10AC0000DFE60B9BB06A4A46C01823000EF0BEFE7A
:10AC1000040011980DF0A0FE1E9A031B9B181E93B2
:10AC2000CFE6199B09992000C9181A3AFAF71CFCBB
:10AC30000023A371237818003038C0B2092800D847
:10AC4000F0E0602B01D9203BDBB21A00413A002032
:10AC5000052A00D8C9E063781A00303AD2B2092A2E
:10AC600000D8DCE0602B01D9203BDBB21A00413A6E
:10AC7000052A00D8B5E0A37819003039C9B20929EE
:10AC800000D8C9E0602B01D9203BDBB21A00413A61
:10AC90000021052A00D8A0E0E3781A00303AD2B2A9
:10ACA000092A00D8B5E0602B01D9203BDBB21A009D
:10ACB000413A052A00D88CE023791A00303AD2B202
:10ACC000092A00D8A2E0602B01D9203BDBB21E008C
:10ACD000413E0022052E78D963791E00303EF6B23F
:10ACE000092E00D88FE0602B01D9203BDBB21E007B
:10ACF000413E052E65D90DF01FFF18AB18720304F5
:10AD000018AA1B0E00025372000E138990726A4635
:10AD10004E321380C3B212930E9B012B6CD1682369
:10AD20004146CB5C1C9A5B0601D5FFF7E7FBFFF7BA
:10AD3000E8FB00233B71FFF75AFBF86A002801D0BB
:10AD4000FEF7B4FC00232289E1881F3252110093E0
:10AD50003E4852010E33FEF729FB011E04D0238921
:10AD6000C380F862237CDDE5FEE70B00B06A4A464B
:10AD7000791AC01823000EF009FE040011980DF096
:10AD8000EBFD001BC30F1E9A1B185B109B181E9334
:10AD9000FFF735F90B00B06A4A46791AC01823004C
:10ADA0000EF0F4FD040011980DF0D6FD1E9B001B63
:10ADB0001B181E93FFF723F901235B421360FFF773
:10ADC000BFF8373A9A18D2B295E7373B1B01DAB28F
:10ADD00082E737395918C9B26EE7373B1B01D9B240
:10ADE0005AE737381818C0B245E7373B1B01D8B2CD
:10ADF00031E70001C0B23DE601230E9301339A46CC
:10AE00001B99FFF70CFBB218D2B274E71201D2B251
:10AE100062E75118C9B24FE70901C9B23CE71018FF
:10AE2000C0B228E70001C0B215E79219D2B27DE6A0
:10AE30001B9BC2E61201D2B266E68918C9B250E67F
:10AE40000901C9B23BE68018C0B225E6280E0020F1
:10AE5000F0B54746CE4680B58FB09146169A0700AA
:10AE60000D0098461F2A79D9594B9A4276D0594BF2
:10AE7000D318012B72D9584BD318032B6ED9574BCB
:10AE8000D318042B6AD9564BD318072B66D9554BC8
:10AE9000D318102B62D9544B9A425FD0534B9A422D
:10AEA0005CD00B6906AC002B5DD0220043CB43C2C3
:10AEB00043CB43C203CB03C22389002B49D0E28892
:10AEC000002A46D04E460A20215E306809180291B9
:10AED00052184146013A0492CA680969521A7168C7
:10AEE00052180C20215ED21A521A0392696A9B18DA
:10AEF000AA6A013B5242494202A805930DF0FCF8B0
:10AF00003B0038330022190002A81E000DF030FA71
:10AF1000002808D0E868002805D0002231000DF094
:10AF200027FA002815D1069B002B29D0237C00216D
:10AF30005A1E172A26D92B711A2B1AD002AB3800A9
:10AF4000AB60002200232900179EB04728690BF050
:10AF5000EDF82B69A34201D100232B610FB0C0BCD7
:10AF6000B946B046F0BD0C61404621000BF0F0F848
:10AF7000A2E728690BF0A8F82860002824D0237CD9
:10AF80002B71DBE72389E288E86A0091FEF72EFB4C
:10AF9000011E01D0237CCEE7E86A002801D0FEF72D
:10AFA00085FB00232289E1881F325211009310484B
:10AFB00052010E33FEF7FAF9011E04D02389C38033
:10AFC000E862237CB7E7FEE700232B71B6E7C046B3
:10AFD0001C060000A1EEFFFFF5E7FFFFF5DFFFFF16
:10AFE000D8DFFFFFA1DFFFFFFFFE0000FFF800003A
:10AFF000280E0020F0B5CE46474680B58C6B8046C3
:10B00000914697B0002C2AD0542201A8F6F75CFA9A
:10B01000109F012F1ED900230025124E0F9310936D
:10B02000013F23680135B34211D06368B3420ED0AB
:10B03000A368B3420BD0E368B34208D022000BAB45
:10B0400003CA03C303CA03C3404601A9C84708345F
:10B05000AF42E6D117B0C0BCB946B046F0BD90478C
:10B06000F8E7C046FFFFFF7F10B560220021040013
:10B07000FAF740FA2C23FF22E2543433236210BD46
:10B0800010B5040038220021FAF734FAA38E044ADE
:10B090005B0B5B031343A3863823236210BDC046BA
:10B0A000FF0F0000F0B54E46DE4657464546E0B578
:10B0B0000E0005000C220021300087B0FAF71AFAC2
:10B0C000EA682B7C92469946002B32D11369002BFB
:10B0D00026D00CF0ABFE8346534F3800F9F7D0FD75
:10B0E000041E1DD014239846A8442368002B0ED0BC
:10B0F0006368002B0BD0002200214046F9F708FDC1
:10B1000032002900200023689847012839D0210007
:10B110003800F9F7BDFD041EE7D14B46012B5AD08C
:10B120000024200007B0F0BCBB46B246A946A046AA
:10B13000F0BD0CF07BFE4B468346002847D0012B28
:10B14000CAD169460B7153460093A023374F5B0069
:10B150000022F85898460CF0D3FE002850D1142352
:10B160009C46AC44022251466046E046F9F750FB4B
:10B170000028D5D12C4F3800F9F782FD041EB1D13B
:10B180002BE03389002B2CD04B46012BC9D14046F4
:10B19000F9F7B2FB5B46002BC3D06A460123504649
:10B1A0001371FAF7A5FAA0250090059402AB07CE1B
:10B1B00007C31E4E6D006946002270590CF0F2FE66
:10B1C000011E2CD0002270590CF0C2FEA9E7012B01
:10B1D00000D081E7C3E71435A8464046F9F78CFB59
:10B1E0009EE7B58870786B00142801D13381CBE7D6
:10B1F0000DF046FC03006B430733DB083381C3E7E4
:10B2000081460CF00FFF0300083332CB32C64346B1
:10B21000446900224946F8580CF09AFE81E70098EC
:10B22000FAF728FE7CE7C046600E0020400D0020A3
:10B2300070B506000D000A4C1C212000F9F7C0FC77
:10B2400030000CF069FD28000CF0C4FD20000C302B
:10B250000EF0BCFE200014300EF0B8FE70BDC046EB
:10B26000600E0020F0B50D00160087B04C220021C2
:10B270000400FAF73FF9002D50D02800E560FEF7F2
:10B280004DFC334F207438000EF0B8FE0CF070FD0A
:10B29000002810D0B8682064002E02D0B378002BAC
:10B2A00031D16946237C00220B72E36801930CF0D4
:10B2B00027FE051E34D1210020002031FFF7F2FEC9
:10B2C000051E206027D0002E37D005223100201D1A
:10B2D000F6F7FAF828006B68210098470500012866
:10B2E0000BD1E06A002808D04369002B24D0836981
:10B2F000002B21D0237A002B25D138000EF09EFEA2
:10B30000280007B0F0BD210020002031FFF7CAFE61
:10B31000051E2060D9D138000EF090FE0025EFE721
:10B320000CF080FEC368E362036965643800236043
:10B330000EF084FE0125E3E7FEE705220021201D33
:10B34000F6F7BCF8C6E70021FDF7E2FED5E7C046F8
:10B35000740E00208446006810B58468002C04D068
:10B3600013000A006146A04710BD0020FCE7C0465C
:10B37000036870B50400002B1AD00E4B18001D0096
:10B380000EF03CFE2068C368002B01D021009847D6
:10B390000CF0EEFC002808D0206C002805D0616C71
:10B3A000002902D000220CF0D3FD28000EF046FE4A
:10B3B00070BDC046740E002010B50648F9F708FCB1
:10B3C000041E05D01C220021FAF794F8200010BDBD
:10B3D000FEE7C046600E0020016070474160704784
:10B3E00081607047C1607047F0B516009E22C64666
:10B3F00098460E4B5200070000B5985800220CF0FA
:10B40000D1FD051E09D00CF00DFE037A0400C660C4
:10B41000012B06D0434627616361280080BCB846F3
:10B42000F0BD4068FAF764F96060F3E7400D002072
:10B4300070B506000C0082B0002942D00379002BC1
:10B4400009D04978142912D0A088FDF755FE238928
:10B450000500834220D125007379002B04D0697840
:10B460000B000B3B032B2ED8280002B070BD437994
:10B47000002B0FD008000DF00DFB00280AD06388C8
:10B48000DA0707D462781A2A04D09B061DD520005B
:10B49000FEF710FA2500E7E701002000FEF756F955
:10B4A0000128D8D06378E288A1880C480095FDF780
:10B4B0007DFF051E05D0002322000021FEF70AF9BA
:10B4C000CAE70025D0E72C00D4E721000348FDF7A8
:10B4D000F3FF051EC8D0FEF7EDF9C5E7440E0020C6
:10B4E00010239C46F0B5C6468444040000B560466F
:10B4F000E0460EF0C1FD24230122252504263A4F03
:10B50000E2542068002816D0635D002B62D10379D5
:10B510000D2B08D89B00FB589F460200416D083256
:10B5200000F0F8FB2068002306652360FDF7D2FBDE
:10B5300020680028E8D1635D002BE5D140460EF07D
:10B54000AFFDDEE7416D07F073F82068EBE7416D72
:10B550000AF04AFB2068E6E70200416D083200F07D
:10B5600029F92068DFE7416D204AFFF743FD206895
:10B57000D9E70200416D083205F016F82068D2E7DD
:10B580000200416D083205F007F92068CBE70200A0
:10B59000416D083205F024FA2068C4E70200416DCD
:10B5A000083205F0E3F92068BDE70200416D08327A
:10B5B00003F0C2F82068B6E70200416D083202F0DD
:10B5C000E3F92068AFE70200416D083201F074FD35
:10B5D0002068A8E7242300224046E2540EF0BAFD7A
:10B5E00080BCB846F0BDC046C8880310F9090110F8
:10B5F0004523012210B5C254013BC35C0400002B5B
:10B6000005D1200024300EF0DBFC002010BD3030CE
:10B610000EF070FDF5E7C04670B50400236A08001F
:10B620000E00002B1CD101220021FDF75BFB051E43
:10B630000DD03000FDF7BAFB002808D003232B659E
:10B6400025624133E35C002B04D1012001E001209D
:10B65000404270BD200030300EF04CFD0120F8E774
:10B660000020F6E70B79063B012B0AD95A23CA5C66
:10B67000632A04D96422CA54013B633ACA540020A5
:10B6800070474B6D9A6C002AF9D1DA6C002AF6D11A
:10B690002D329A5C9B6F002B03D00E2AEFD0142A18
:10B6A000EDD02F2AE2D9EAE700B583B006F030FBEF
:10B6B0004820FDF7F9FA24220E4B9446C3600E4B46
:10B6C000802203610D4B844483610D4BC063436052
:10B6D00000232030920103620A490B4B0190009233
:10B6E000604603220EF052FC08210848F9F768FA78
:10B6F00003B000BD19B6001065B60010F1B500101A
:10B700007485031078850310E1B40010A80E0020A2
:10B7100070B50A4C05002000F9F7B2FA011E05D1F8
:10B7200009E02000F9F7B4FA011E04D00B78AB420F
:10B73000F7D1486800E0002070BDC046A80E002088
:10B74000F0B5C64600B5550882B04F1B1E000192E9
:10B750008046F9F73DFC7843C4114046F9F758FBA1
:10B7600001237843019AC0119343002C13DD803CE0
:10B770002412621BD2182C19B4603260002813DD29
:10B7800080380012421BD2182D18F560726002B08A
:10B7900080BCB846F0BD80342412621B2C19E41A18
:10B7A000B46032600028EBDC80300012421B2D18A0
:10B7B000ED1AEAE7F0B557464546DE464E464623C3
:10B7C000E0B5D24CCB5C844682460D00A544022BEA
:10B7D00000D81BE1CE6A002E00D117E1096B6B6B1C
:10B7E000994200D112E14423EB5A14AC984623004D
:10B7F00083CA83C3126821001A60624618A83832CF
:10B800000CF088FC0590002800D1FFE0434604932B
:10B81000B34200DD04962B6B6F6B03932B6C002BF4
:10B8200000D177E1EB6AE2686068A168149E18189D
:10B83000F618C91AD31A1F93B423039A1C961D90A5
:10B840001E915B009A4204DB693AFF3A9A42FBDAA6
:10B850000392B4235B009F4203DB693FFF3F9F429B
:10B86000FBDA1022002120A8F5F728FEEA6BA96B6D
:10B87000039B69A8009706F06DFB69AB209330A885
:10B8800000232100A24A06F0F5FB30AB1CA821934F
:10B890000DF062F8002800DDE4E00023059318A80D
:10B8A0000DF060F8029018A80DF056F80690FAF71F
:10B8B000C5FA24AC0600102218A92000F5F704FEF2
:10B8C000282200214CA8F5F7F9FD4623519608AA35
:10B8D000EB5C2132296CFF3213704B945394002996
:10B8E00006D0002256A8FFF7BDFC002800D06FE16B
:10B8F00022202900FF3008AB03222831C018F5F7B9
:10B90000E3FD00239B4647230022EB5C9146DB07C7
:10B9100000D5B6E063680027E360029B002B5CDD86
:10B92000A8463D00069F3A00FF213000F9F7E2FDEE
:10B93000636822683100009720A806F0F1F908AB8F
:10B940002933FF334722187043469B5C463A1A421C
:10B950002BD06368299A934210DB2B9A93420DDC1B
:10B96000002800D194E142AB2200180028A90393DB
:10B970000CF0D0FB002800D0FCE063682D9A9A42BE
:10B9800013DC2F9A9A4210DB08AB2933FF331B7864
:10B99000002B00D143E142AB220018002CA90393F5
:10B9A0000CF0B8FB002800D044E15B46002B05D02A
:10B9B00008AB2933FF331B78002B30D150464BA9FD
:10B9C0000EF062FC6368013501336360E3680133A4
:10B9D000E360029BAB42A6D1454669A806F0CEF9CA
:10B9E00030A806F0CBF9059B002B00D05BE13000BE
:10B9F000FAF740FA2B6C002B02D056A8FFF7B8FCE0
:10BA00004B46002B02D01800FAF734FA8D239B0026
:10BA10009D44F0BCBB46B246A946A046F0BD002FEF
:10BA200018DD4F9A6368516812685B1A4D9949088E
:10BA3000594323689B1AC91800235944C85CF25C17
:10BA400042431212F25401339F42F7D108AB29331B
:10BA5000FF331B78012BB1D108AA29320133FF3201
:10BA60001370ABE71CA80CF07DFF002800DC14E786
:10BA700039AC01232000264A1CA906F0FBFA2294C7
:10BA80000DE7049A1300534318009846FAF7D6F9C5
:10BA90008146002838D04246FF21F9F72BFD0022CD
:10BAA000002310921193049A42A8531E12931393E9
:10BAB00013008046D20FD2185210002310A906F0AE
:10BAC000D9FA002342460B93049B0A92002B00DC18
:10BAD000F0E00797089509964F460025049E04E07C
:10BAE0000135BF19AE4200D1E1E02B000022390040
:10BAF00000960AA806F014F90028F1D132000021BE
:10BB00003800F9F7F7FCEBE7FEE7C046CCFDFFFF96
:10BB1000FF7F0000039A13006933FF33BB4205D057
:10BB20003B006933FF33934200D07BE669A8FFF7FF
:10BB3000A7FA462308A9EA5C8531123BFF31CA54B3
:10BB40002A00298D74AB1980283292781F219A70AF
:10BB50003522049B504675936D4B739369AB9B5C88
:10BB60008B430F210B4369A98B54220069A901F073
:10BB7000A3FA4BE70398299B429A416806930792E0
:10BB8000289B22680391089309920CF0E5FE002897
:10BB900000D1F2E6079A0999AC46531AF3180793B5
:10BBA0000399069BC91A049B5943089BD21A079B09
:10BBB00089184944C5181A7808781218FF2A00D93C
:10BBC000FF221A70013301319D42F4D16546D4E65B
:10BBD000619A002A00D18BE6002000210C900D9183
:10BBE00093880CA8591E0E91D288A96B013A0F9226
:10BBF000EA6B5B08D21AC91A0CF07EFA0CAB4F93B1
:10BC0000619B1A694C9290461A894D925B789146D5
:10BC1000142B6FD008AA1932FF32137071E63A0064
:10BC200000213000F9F766FC022308AA2932FF320E
:10BC30001370B0E603982D9B429A416806930792D1
:10BC40002C9B22680391089309920CF085FE002832
:10BC500000D1AAE6079A0999AC46531AF31807933C
:10BC60000399069BC91A049B5943089BD21A079B48
:10BC700089184944C5181A7808781218FF2A00D97B
:10BC8000FF221A70013301319D42F4D165468CE6E2
:10BC90003A0000213000F9F72DFC022308AA2932CE
:10BCA000FF3213705FE639A806F068F89FE6079F39
:10BCB000089D099E404606F061F86B461A7C4423B5
:10BCC000E95A6B460C20185E28AB9046FFF738FD0A
:10BCD000EA6BA96B28A80CF00FFA44234246E95AF4
:10BCE00038B22CABFFF72CFDEA6BA96B2CA80CF03B
:10BCF00003FA0FE6122308AA1932FF320CA81370B8
:10BD00000CF030FE4B46C44658438444E346FAE503
:10BD1000FF7F0000F0B54E46DE4657464546E0B58B
:10BD20008B6A99B00C0091460790002B06D119B090
:10BD3000F0BCBB46B246A946A046F0BD0200836CEB
:10BD400049465D699E69383214A8049505960CF041
:10BD5000E1F90028EBD07242694214A80CF0CCF94A
:10BD60003023E35CA66A002B00D1D2E0012B00D186
:10BD7000C5E20123002598460A93149841462818E5
:10BD8000F5F774FA43465843149016984146401B01
:10BD9000F5F76CFA43465843169015984146281813
:10BDA000F5F764FA43465843159017984146401BEF
:10BDB000F5F75CFA43465843179014A80CF0CCFDF5
:10BDC0000028B4DB14A80CF0CDFD0028AFDB0A99E5
:10BDD0003000F5F773FA05000003291DF5F76EFA38
:10BDE000012382460993032D01D96B080993484624
:10BDF000E46A0CF0B1FD050048460CF0B3FD854245
:10BE000000DD05006B100093A34200DD0094079C49
:10BE1000A36C1B6858780CF079FEA36C01901B682A
:10BE20001A890F925B78149A0D93169B06929A4288
:10BE300000DD86E001000F98F5F740FA009A4446CD
:10BE400013005343049A0B93069BCB469B18109008
:10BE500002934DE0C31AC81A40430B9B181AF9F716
:10BE60001DF8009B1D1A5B465868059B179FC01A5A
:10BE70004019159EB84200DD3800B04200DA3000AB
:10BE80002100F5F7F3F95B468146D868059BC01A97
:10BE9000401BB84200DD3800B04200DA300021001B
:10BEA000F5F7E4F9814516DC4B46604363430390A4
:10BEB0002100C01A9946F5F7D9F9099B471C9F4202
:10BEC00000DD1F00019B012B00D160E2022B00D19D
:10BED00044E300D96AE1069B9C46029BA444624667
:10BEE0009C46A44463460293169B0692934226DB2B
:10BEF0005B4600991B6802985A189042AADB5B4681
:10BF000098680A00431A0299994216DD401A101ADD
:10BF1000A2E714A80CF0D8F81F2E00D8F7E1E36AC6
:10BF2000002B00D0EEE1C823DB01984200DCE9E100
:10BF30000323022598460A931FE7002593E7A046AE
:10BF4000D946159A179B0392934200DAEFE6019ABD
:10BF50000A9BCB465343009A0E9313005343039A14
:10BF60000893059B44469B18D146029351E0C31A9F
:10BF7000C81A4043089B181AF8F790FF009B1D1A37
:10BF80005B461868049B169FC01A4019149EB8425D
:10BF900000DD3800B04200DA30002100F5F766F924
:10BFA0005B4682469868049BC01A401BB84200DD7D
:10BFB0003800B04200DA30002100F5F757F9824529
:10BFC00019DC5346604363430590019AC01A9A46B0
:10BFD00003195A4321000B92F5F748F9099B471CB6
:10BFE0009F4200DD1F00019B012B00D140E2022B8C
:10BFF00000D1A9E320D8039B9C46029BA44462463F
:10C000009C46A44463460293179B0392934200DA32
:10C010008DE65B4600995B6802985A189042A6DB51
:10C020005B46D8680A00431A0299994202DD401A19
:10C03000101A9EE70025A3E753461193079B51462C
:10C040009B6C039A1868FDF757FB00260300804697
:10C050000021002000223D00A4460E9C1F780132E2
:10C06000C0195F78F6199F781B19C9199542F5D147
:10C070006446802310914946069222005B015B1AB8
:10C0800045469846059B52440C92934232DB0699F2
:10C090000003F5F713F9069907003003F5F70EF9D9
:10C0A000109B069906001803F5F708F90E9B414608
:10C0B0009C46059BA0464C4699460C9A2B786743B4
:10C0C0004B433F0BFF183B0B2B706B7866434B4386
:10C0D000360BF618330B6B70AB7860434B43000B99
:10C0E000C018030B4244AB7065449145E6DAA146A3
:10C0F00044468846079B039A9B6C05991868FDF790
:10C10000FBFA019B05005F4267430300A446002140
:10C110000026002000223C001F780132C0195F7801
:10C12000F6199F781B19C919069F9742F4D10C91F3
:10C13000000306996446F5F7C1F806990700300335
:10C14000F5F7BCF80C9B060006991803F5F7B6F84E
:10C15000022C00D1DFE0032C01D100F0B6FD0E9BD4
:10C1600041469C46059B524698464B46A1461C00BC
:10C170002B7867434B433F0BFF183B0B2B706B78BF
:10C1800066434B43360BF618330B6B70AB7860434A
:10C190004B43000BC018030BAB7063460132ED1A22
:10C1A0009045E5DA23004C46994624E7079B4A462A
:10C1B0009B6C06991868FDF79FFA002205000F99FD
:10C1C00003006143A446A8460C0008910026002005
:10C1D00011003D001F780132C0195F78F6199F7871
:10C1E0001B19C9199542F5D145460003884611002F
:10C1F00064460C92F5F762F80C9907003003F5F7E6
:10C200005DF843460C9906001803F5F757F88023AC
:10C2100052465B019B1A1900089BA0469C46039B53
:10C2200054464A469A462B7867434B433F0BFF18C8
:10C230003B0B2B706B7866434B43360BF618330B76
:10C240006B70AB7860434B43000BC018030B424448
:10C25000AB7065449245E6DA079B039A9B6CA24655
:10C260001868444688460699FDF746FA00220500FC
:10C270000300110000260020A4460C9C1F78013208
:10C28000C0195F78F6199F78C919089FDB1B944283
:10C29000F4D10E9100030C996446F5F70FF80C9950
:10C2A00007003003F5F70AF80E9B0C9906001803F7
:10C2B000F5F704F8089B4A469C46039B414699467D
:10C2C000A04654462B7867434B433F0BFF183B0B6C
:10C2D0002B706B7866434B43360BF618330B6B7041
:10C2E000AB7860434B43000BC018030BAB70634645
:10C2F0004244ED1A9145E5DAA2464446EBE5172E95
:10C3000000D915E60223012598460A9335E5072E44
:10C3100000D82EE5F6E7059A019B94465246EB18A5
:10C32000A2460592444602E00E9A9B1AAD1A49466F
:10C330002A784F4362433F0BBF183A0B2A706A7842
:10C340004E436243360BB618320B6A70AA784843E4
:10C350006243000B8018020BAA702A7805991A70A4
:10C360006A7802315A70AA7805919A708C45DBDAA6
:10C370005446079B039A9B6C11991868FDF7BCF90A
:10C380000F9B01000B9AC018F9F76EF833E6079B74
:10C3900006999B6C4A461868FDF7AEF90F9B06009C
:10C3A000634300251900030000201A780135801826
:10C3B0005B18AF42F9D1884600032900F4F77EFFED
:10C3C00080215746337849010133C91B3778DBB2E6
:10C3D0004A469F420FD0534658434F43000BC01963
:10C3E000030B039FDBB212193370974207DB4644FD
:10C3F00037789F42EFD1039F12199742F7DA079BD4
:10C40000039A9B6C06991868FDF776F94746060073
:10C41000020000230020117801334018D21B9D42F6
:10C42000F9D129000003F4F749FF802251463378FF
:10C4300052010133521A3178DBB24D46994210D085
:10C44000534658435143000B4018030B0399DBB28A
:10C450002D193370A94200DA3DE5F61B3178994277
:10C46000EED103992D19A94200DA34E5F61BF5E760
:10C47000079B51469B6C039A1868FDF73DF9D0461F
:10C4800006000300002500200A991A78013580185B
:10C490005B18AF42F9D15346E718059BBB4220DB3E
:10C4A00029000003F4F70AFF80224946337852013D
:10C4B0000133DBB2521A0DE04B4658435143000B97
:10C4C0004018030B0599DBB23F193370B94208DB02
:10C4D0000A99761831789942EED105993F19B942F7
:10C4E000F6DA079B039A9B6C05991868FDF704F927
:10C4F0000023060002000020674211780133401833
:10C50000D2199D42F9D129000003F4F7D7FE802209
:10C5100031784D464B1CDBB25201022C00D1B1E305
:10C52000032C01D100F082FCA4460A9C521BA046B9
:10C5300055464C46059F00E03178994206D060434D
:10C540005143000B0818030BDBB233704146013531
:10C55000761AAF42F0DAA14664464CE5079B4A469C
:10C560009B6C06991868FDF7C7F8109B002663437B
:10C570005B0008930D9B1B2B00D1FBE100230C9467
:10C5800080461C000025002103880131DA0AAD181D
:10C590005A05DB06DB0EF618089B920EA418C0188D
:10C5A0008F42F1D128034546A046F4F787FE434663
:10C5B00039000C9C0C901803F4F780FE390080467B
:10C5C0003003F4F77BFE8023564629885B019B1BD2
:10C5D00001314A469C46464689B20E9034E0604698
:10C5E000D90A4843804650460C99121941433F20CE
:10C5F000090B41440C9159090140604641435046A2
:10C6000046431F200340604643435046360B8E1975
:10C610000E9948438021000B1B1880200E930C9B21
:10C620000901C9180E9B0001090B1B181B0BC9023D
:10C63000194333181B0B5B011943039B89B22980F3
:10C64000934208DB089BED182B888B42C7D1039BD4
:10C6500012199342F6DA079B06999B6C039A1868A5
:10C66000FDF74AF80023A44600261C00804600255A
:10C67000002103880131DA0AAD185A05DB06DB0E0A
:10C68000E418089B920EB618C01A8F42F1D1280305
:10C690004546A0466446F4F711FE39000C9030037D
:10C6A000F4F70CFE43463900060080271803F4F720
:10C6B00005FE53467F01FF1A3F232A889C4601321C
:10C6C000203B9846494692B20E9034E05046DA0A32
:10C6D0007A4391460C9A091942436046120B4A4428
:10C6E0000C925A0902405046464340460340504689
:10C6F0007A43360B96190E9A7B4350438022000BE7
:10C7000018180C9B1201D21880231B01120B1B1846
:10C710001B0BD2021A4380231B01F3181B0B5B0176
:10C720001A43039B92B20E902A808B4201DAFFF7E4
:10C73000D2FB089BED1A2B889342C7D1039B0919A2
:10C740008B42F6DAFFF7C7FB53461293079B039A17
:10C750009B6C51461868FCF7CFFF0A9B80465A0035
:10C7600010920D9A1B2A00D1EFE1012B01D000F0AD
:10C770001CFC01000025002600200022A4460B8896
:10C780000132DC0A00195C05DB06A40EDB0E36194B
:10C79000ED1802319742F2D1644639000003F4F7F4
:10C7A0008DFD390006903003F4F788FD39000C90B8
:10C7B0002803F4F783FD434619880A9B01310600DC
:10C7C000524689B2012B00D0A5E380254B466D016E
:10C7D000ED1A1F2340469C461397119603888B42FF
:10C7E00036D04E4606994F467143DE0A6E43090B1A
:10C7F00089193F260691590931400C9E69437E43B1
:10C800006746360BB0460E003B404F4680214644FB
:10C810000C96119E6B437E43360B9E19069B0901B5
:10C82000C91880231B019B19090B1B0BC902194353
:10C83000802311960C9E1B019B191B0B5B01194356
:10C84000059B89B2121901809A4205DC0230C5E7C6
:10C85000059B12199342F9DA1900139F079B039A5B
:10C860009B6C00261868FCF747FF109B0C945B42FA
:10C870000693002380461D00002400210388013117
:10C88000DA0AA4185A05DB06DB0EED18069B920E99
:10C89000B618C0188F42F1D120004346390000037A
:10C8A000A8461D00F4F70AFD0C9C39000C903003DB
:10C8B000F4F704FD4346060039001803F4F7FEFCC4
:10C8C0002B885A1C92B2022C00D151E2032C00D1C9
:10C8D000CBE2802749467F017F1A3F218C462039D1
:10C8E00010948846544692464A460B90534537D09A
:10C8F0000D991B2901D15BBA9BB2D90A79438A46AB
:10C9000060460C9956435143090B51440C91590907
:10C9100001407943360B761841460B980B40504343
:10C920007B43000B181880230C991B015B18802196
:10C9300009018A46824451461B0B090BDB020B435B
:10C94000802109018A46B2445146090B49010B4333
:10C950000D990B909BB21B2901D15BBA9BB22B8026
:10C96000069901346D180599A14200DA9FE39A46B1
:10C970002B88BBE700230C9480461C000025002177
:10C98000038801315BBA1A04D20EAD185A05DB06D2
:10C99000DB0EF618089B920EA418C0188F42EFD138
:10C9A00028034546A046F4F789FC434639000C9C11
:10C9B0000C901803F4F782FC390080463003F4F73A
:10C9C0007DFC8023564629885B019B1B01314A462A
:10C9D0009C46464689B211970E9033E05046674612
:10C9E0000C995BBA9BB24143D80A7843090B0918EA
:10C9F0003F200C915909014079431F2750463B4085
:10CA000067464643360B8E190E997B434843000B0D
:10CA1000C718802380200C991B015B1800011B0B99
:10CA20003918090BDB020B433118090B49010B4381
:10CA30005BBA99B22B80039B12190E97934208DBC5
:10CA4000089BED182B888B42C8D1039B1219934287
:10CA5000F6DA079B06999B6C039A1868119FFCF7FE
:10CA60004BFE0023A44600261C0080460025002122
:10CA7000038801315BBA1A04D20EAD185A05DB06E1
:10CA8000DB0EE418089B920EB618C01A8F42EFD145
:10CA900028034546A0466446F4F710FC39000C9084
:10CAA0003003F4F70BFC43463900060080271803D7
:10CAB000F4F704FC53467F01FF1A3F232A889C4663
:10CAC0000132203B9846494692B20E9034E05046DF
:10CAD0000C9A5BBA9BB24243D80A7843120B1218E5
:10CAE00060460C925A090240504646437A43360B40
:10CAF00096190E9A09195043424613407B43000B86
:10CB0000C218802380200E920C9A1B019B180E9A4B
:10CB100000011B0B1218120BDB0213433218120B0D
:10CB2000520113435BBA9AB22B80039B8B4201DA0A
:10CB3000FFF7D1F9089BED1A2B889342C7D1039BCD
:10CB400009198B42F6DAFFF7C6F9012B00D043E250
:10CB500001000025002600200022A4460B88013297
:10CB60005BBA1C04E40E00195C05DB06A40EDB0EA8
:10CB70003619ED1802319742F0D1644639000003AE
:10CB8000F4F79CFB390006903003F4F797FB39006B
:10CB90000C902803F4F792FB4346802519880A9BE2
:10CBA00001310600524689B26D01012B00D02BE203
:10CBB0004B46ED1A3F2340469C4611941397038839
:10CBC000994236D04F465BBA9BB2D90A6943884630
:10CBD00006994C4679436746090B41440691590929
:10CBE00039400C9F694367433C0B0F194C46664321
:10CBF0001F2423406B43360BF618802306991B0134
:10CC00005B18802109011B0B7118090BDB020B4318
:10CC100080210901C919090B49010B435BBA99B27B
:10CC20000380119B0C97D218059B934206DB0230C0
:10CC3000C5E7119BD218059B9342F8DA119C1900A5
:10CC4000079B039A9B6C139F1868FCF755FD109B7C
:10CC50000C945B420693002300261D0080460024AE
:10CC60000021038801315BBA1A04D20EA4185A05B8
:10CC7000DB06DB0EED18069B920EB618C018B94203
:10CC8000EFD109E6521B059D0F00AC4649465546BB
:10CC90000DE048435743000BC019030BDBB20235CC
:10CCA00033707370AC4508DB0A9FF61B3778BB42C4
:10CCB000EFD102357370AC45F6DA079B89469B6C61
:10CCC00041461868039AFFF759FB0E99019B8C4661
:10CCD0005146EA185B00A2465B19069103E06146E3
:10CCE0006D1A521A5B1A4C466743444629783F0B2B
:10CCF00061434C46664344467F18390B2970697876
:10CD0000360B61434C46604344467618310B6970DC
:10CD1000A978000B61434018010BA9702978069C83
:10CD20001170697803345170A9780694917029784C
:10CD3000197069785970A97899700599A142CEDA6D
:10CD40005446079B039A9B6C11991868FCF7D4FC16
:10CD500005000F9E0B9F29003A008019F8F784FB0D
:10CD600070003A0029002818F8F77EFBFFF743F916
:10CD700080214F464901C91B3F27B846203FBC468A
:10CD8000574692464A46A14614003A0010919A45E9
:10CD900038D00D9F1B2F01D15BBA9BB20C9F10990D
:10CDA00067433F0BBA46DF0A4F43414657440C974F
:10CDB0005F090F40109960434F4361460B40109943
:10CDC000000B4B43C01880230C991B015B1880217A
:10CDD00009018A46824451461B0B090BDB020B43B7
:10CDE000802109018A466643360BF619B244514642
:10CDF000090B49010B430D999BB21B2901D15BBA69
:10CE00009BB22B80059F02326B80974204DB069F0A
:10CE10009A46ED192B88BAE723004C469946079BA2
:10CE2000039A9B6C12991868FFF7A8FAA446059F0D
:10CE3000541B55464A4602E00A99761A31789942BF
:10CE400006D050436143000B0818030BDBB233706C
:10CE500003357370B370AF42EEDA079B91469B6C5B
:10CE6000644641461868039A70E780214F4649019D
:10CE7000C91B3F27BC46203FB846574692464A4604
:10CE8000A14614003A001091534538D00D9F1B2F36
:10CE900001D15BBA9BB21099DF0A4F43BA46614693
:10CEA0000C9F604367433F0B57440C975F090F404B
:10CEB0001099000B4F4341460B40109966434B437A
:10CEC000181880230C991B015B18802109018A46E0
:10CED000824451461B0B090BDB020B4380210901E5
:10CEE0008A46360BF619B2445146090B49010B43E9
:10CEF0000D999BB21B2901D15BBA9BB22B80059F78
:10CF000003326B80AB80974200DAC7E0069F9A46F7
:10CF1000ED192B88B8E780254B466D01ED1A1F23CC
:10CF200040469C461194139733E04F46D90A694313
:10CF3000884606994C4679433F27090B41440691A0
:10CF4000590939400C9F694367433C0B0F196446EC
:10CF500023404C46802166436B43360B9E19069B4B
:10CF60000901C91880231B01090BF3181B0BC90207
:10CF7000194380231B01DB191B0B5B011943119B18
:10CF800089B2D218059B0C970180934209DB109B54
:10CF9000C01803888B42C8D1119BD218059B9342BD
:10CFA000F5DA1900119C139F58E406940025002619
:10CFB0000024002103880131DA0AA4185A05DB068F
:10CFC000DB0EED18109B920EB618C0188F42F1D1EF
:10CFD0002000069CFFF7E1FB0694002500260024B4
:10CFE0000021038801315BBA1A04D20EA4185A0535
:10CFF000DB06DB0EED18109B920EB618C0188F42A0
:10D00000EFD12000069CB9E54B46ED1A3F23119065
:10D010009C464046139739E04E4606995BBA9BB250
:10D020007143DE0A6E43090B891966464F46069125
:10D03000590931400C9E69437E43360BB0460E00C1
:10D0400046440C96119E06997E431F273B406B4336
:10D05000360BF61880231B015B1880210901891902
:10D060001B0B090BDB020B43802111960C9E09015F
:10D070008919090B49010B435BBA99B20380059BDF
:10D080001219934200DADAE5109BC01803888B422C
:10D09000C2D1059B12199342F6DAD0E523004C4623
:10D0A0009946079B039A9B6C129918684EE6914625
:10D0B000109CFEF7A0FFC046F0B55746DE464E4630
:10D0C00045463423E0B5CB5C82460F001400BDB06A
:10D0D000022B00D88DE00B6B002B00D189E03523AB
:10D0E000CB5CDB0600D184E010000BF035FC0500C2
:10D0F00020000BF037FC854200DD93E1BB6A6D1028
:10D100009D4200DD8CE123683E6B984663683000E9
:10D110009946A368E1689C463523FB5CDB06DA0E82
:10D120009B0000D472E14346C3180F9333001007ED
:10D1300000D461E16046C31A11933300900700D414
:10D1400051E14B4410933300D20700D448E1AE1BA9
:10D15000C91AF343DB171E402C231291FA5C0833E3
:10D16000FB5C12022D2113432E22795CBF5C090463
:10D170000B433F061F4333002B4341D131AB180013
:10D180000021023A9B46F8F7B5F936970F9F2068C1
:10D19000B846A768109A0297119F6168E3680397E1
:10D1A000029F28AD28908146501E129E319504930F
:10D1B000AF606960E860914200DC87E1721C6A60E0
:10D1C000EB60B34200DB4EE14246013AAA6069607F
:10D1D000EB60C14500DC74E1119B039A0133289395
:10D1E000A368AB60029B934203DB594650460DF0A7
:10D1F0004BF83DB0F0BCBB46B246A946A046F0BDD8
:10D2000052462100383213A80AF084FF0290002809
:10D21000EFD013A80BF0A0FB31AB81469B46180062
:10D220002C220021F8F766F94846F8F707FE5B461E
:10D230000C229861002103900CA8F4F73FF9012318
:10D2400032000FA91FA804F015FF1FAB0C93002D8F
:10D2500000DD19E15B4617AE31961E6223680F9A16
:10D26000EB183697934200DAE9E01B93119AA36812
:10D270005B1B934200DDE0E01D936368109AEB189E
:10D28000934200DAD7E01C93129AE3685B1B934247
:10D2900000DDCEE01BA81E930BF05EFB6368109AC6
:10D2A000E168129F0593069223680F9A07910897E9
:10D2B000A168119F98460B9309920A910497934293
:10D2C00000DCBEE001235A461377059B069A934281
:10D2D00000DD31E11B9B594617931D9B5046B360FF
:10D2E000059B7360069B013BF3600CF0CDFF079B31
:10D2F000089A93420CDB129BE2681B990133179149
:10D300001D995046B16059467360F2600CF0BCFF45
:10D310000F9B119A0999934200DAA2E1884500DD3A
:10D320000EE10A9A04998A4200DB18E222689046CC
:10D330004246013BB3601C9B594673601E9B50469E
:10D340001792F3600CF0A0FF0A9B049A934200DB53
:10D3500072E10299139A159B002900D0F6E017920A
:10D36000B360109A6368D11AA94200DA2900002735
:10D37000002900DC99E0029405951C000491029BB1
:10D380000AE0169B9D4200DC87E0049B0137BB420C
:10D3900000D189E0029B5C68DD68149B3C19ED1BA1
:10D3A0009C4202DA169B9D42EFDC039B4A46180022
:10D3B000FF219846F8F79EF84B46326841460093A5
:10D3C0000CA8230004F0ACFC5B461877149B9C422D
:10D3D000D7DB594650467460F4600CF055FFD0E737
:10D3E000AB195B42B3E6AB195B424B44109333007D
:10D3F000D20700D5ABE6F3E76046AB195B42C31A30
:10D4000011933300900700D59BE6ECE74346A8193B
:10D410004042C3180F933300100700D58AE6EBE7AC
:10D420001D0070E60500BB6A6D109D4200DC6AE6D7
:10D43000F6E713002EE7130025E713001CE713009F
:10D4400013E7B94200DAFCE0059B069A934200DC40
:10D450000BE101235A46089F1377079BBB4259DB18
:10D46000079A089B49E7594650460CF00DFF236880
:10D4700028930F9B013BAB6063686B60049BB342D6
:10D4800000DA6AE1129BA3E628AE00232A002100FD
:10D49000300004F0EFFD0D96DCE65946504675600D
:10D4A000F5600CF0F1FE70E7059D1FA804F066FC26
:10D4B000002D02DD28A804F061FC0398F8F7DAFCDF
:10D4C00097E6594650460CF0DFFE85E65946504631
:10D4D0000CF0DAFE129B049A01336B60E368EB6098
:10D4E000B24207DA226828920F9A013AAA60109A8B
:10D4F0006A606DE6594650460CF0C6FE23682893D4
:10D500000F9B013BAB60109BB7E701235A46137793
:10D5100000230293099B049A934200DA08E74246EB
:10D520000A9B1792B3601C9B594673601E9B504622
:10D53000F3600CF0A9FE0CE7079B089A93428FDA80
:10D540000A9B049A934277DA139A159B059C069FCF
:10D55000E10FF817A7424141079C089FC9B28946CD
:10D56000F80FE117BC42414117921B9AC9B2013A28
:10D5700002919A4200DD1A003000B2600BF0ECF923
:10D58000031E14DD0B98099CC10FE2178442514120
:10D590004A46CFB2002A00D0B9E0002F00D0B6E052
:10D5A000029A002A00D08EE0002F00D08BE01D9B55
:10D5B000139A0133934200DA13001793159B30003E
:10D5C000B3600BF0C9F9071E00DC6EE70A9A0498F5
:10D5D000D117C30F824259414B46C9B2002B4FD1DC
:10D5E00000294DD1029B002B02D1002900D15CE71C
:10D5F0001E9C169B01349C4200DD56E7A9463D0067
:10D600005F46039B2A0098461800FF217460F4606F
:10D61000F7F770FF23003268414600950CA804F02C
:10D620007FFB3900387750460CF02EFE169B0134F4
:10D630009C42E6DD4D4638E7119B01331793A36802
:10D6400070E701235A461377059B069A934200DC44
:10D6500040E6079B089A934200DB01E73A00099BEA
:10D6600058E6884500DC61E66AE7079B089A934222
:10D6700002DB312800DC48E701235A46137729E60C
:10D68000149C1C9BA342ADDDA9465D460491039BFF
:10D690003A0098461800FF217460F460F7F72AFFFB
:10D6A00023003268414600970CA804F039FB29009A
:10D6B000287750460CF0E8FD1C9B01349C42E6DBC9
:10D6C0004D4604998EE71E9A541C169A944200DD2A
:10D6D0006DE705955F461D00039B2A0098461800DC
:10D6E000FF217460F460F7F705FF230032684146BC
:10D6F00000950CA804F014FB3900387750460CF064
:10D70000C3FD169B01349C42E6DD059D4FE7149C4A
:10D710001C9A944200DB43E7059506975D461F007F
:10D72000039B3A0098461800FF217460F460F7F7F5
:10D73000E1FE23003268414600970CA804F0F0FA9D
:10D740002900287750460CF09FFD1C9B01349C4219
:10D75000E6DB3B00059D069F22E7E36838E522688B
:10D76000A368DEE6F0B54E464546DE465746012341
:10D77000E0B50B4089B0904605925A4253410400EF
:10D780004E10F51A4300180099460091039607952C
:10D79000F8F754FB2300634301900693002C00DC50
:10D7A000EEE04B469F1E631B5B009A464B465B4276
:10D7B00029004546984600232A1F9B46631E029770
:10D7C0009244C719049376180020029B009AEB5AE2
:10D7D00004995343039A891800223B528C4201DD7D
:10D7E0004A00AA5A9A1A8B1B002B10DD831E9C46F6
:10D7F000984513D053461B5A60469B1801390022A6
:10D800003B528C42ECDC9A1A8B1B002BEEDC02386C
:10D81000404503D02B8801399B18DDE728004A4694
:10D820000199F7F721FE01239B444D44CA445C450E
:10D83000CAD1069B002B22D0FF2000998001F3F76C
:10D840003DFDFF27A24680460026059D069CBF01A0
:10D8500007E00099F3F70AFD288001360235A64259
:10D860000AD228880028F8D0B842F2D143460136BF
:10D870002B800235A642F4D35446002C0DDD059BC7
:10D88000012C14D1009A1B8853430022002B00DB8B
:10D890009A11019B1A80059B1A800198F8F7EAFA01
:10D8A00009B0F0BCBB46B246A946A046F0BD4A4608
:10D8B000484607999C464B1C5A430292039A8B4652
:10D8C00053425843039048460793631E5843019BB5
:10D8D0004E464B449A460023A1460593A31A1F00C7
:10D8E000531C04909B4461466446B846009A0B88DA
:10D8F00002985343019D079A604406910027002B2C
:10D9000000DB9F112F80002A16DD029F0399C71BA1
:10D910007F5ADF1B5B469B180132994513DD90450A
:10D920001BD00388A419DB19801900270235002BAE
:10D93000E7DA2F80002AE8DC2788DF1B5B469B188C
:10D9400001329945EBDC904507D063460499A41950
:10D950005B5A8019DB190235D0E750460699019BC6
:10D960001A8802330A8089199842F9D10222059B4C
:10D97000824601334746059394449945B3D18CE7D9
:10D98000002B00D058E788E7F0B557464E4645468D
:10D99000DE46E0B515000C00BDB08A6BAB680590A3
:10D9A000486B2968EF6851186E68D218E36B091A42
:10D9B0009E19DB19276B1218361A1B18F80FC0199D
:10D9C000401013931B18013317934023129212181F
:10D9D000013210911692091A321A0139013A119640
:10D9E00014911592E35C0793FD2B01D9FF23079354
:10D9F000059B14A938331A0018A804930AF08AFB6F
:10DA0000002806D13DB0F0BCBB46B246A946A046B0
:10DA1000F0BD0FCD1E92012252421C901D911CA8F8
:10DA200011001F930AF05AFB1CA8A76A0AF094FF82
:10DA300005001CA80AF096FF854200DBAFE01CA899
:10DA40000AF08AFF0500A36A10A898460AF084FF2E
:10DA5000060010A80AF086FF864200DB9BE010A8B3
:10DA60000AF07AFF4610464500DD4646236B9A468B
:10DA7000B244504640434000F8F7E0F906900028D1
:10DA800000D187E06B100893BB4200DD8CE00122DF
:10DA9000109B256B2893139BAA432B93EB0F5B19C9
:10DAA0005B10F11801398A1A9046013310A82A92A6
:10DAB00029930AF051FF4346181A299B289010A871
:10DAC00098460AF04FFF31AB9B4640442B90002311
:10DAD0003200584628A9AF1904F0CCFA012D65D0C0
:10DAE0006B1038000293F8F7A9F90390002F01DCBE
:10DAF00000F045FD0022904606997B008E1E52469E
:10DB0000F6189A4643468946B84609951F000A9278
:10DB10000B940AE0524600214846F7F7EBFC013728
:10DB2000D1445644B84500DC9DE1039D4246FF21A7
:10DB30002800F7F7DFFC5B4600931C683A00434679
:10DB400000212800A0470028E4D0039D02992878EE
:10DB50008001F3F78BFB4B4618804346012B00D125
:10DB600081E168782B784C4683420CD00299800181
:10DB7000F3F77CFB02342080B442D0D001356878C2
:10DB80002B788342F2D1238802342380A642C6D068
:10DB90000135F4E7FEE710A80AF0E4FE62E71CA8EE
:10DBA0000AF0E0FE05004EE7089770E73800F8F746
:10DBB00045F9012303900293002F9BDCF8F75AF9F3
:10DBC000584604F0DBF87F43002F01D000F011FC31
:10DBD0004123E35C0822DB07DD0F00210EA8099535
:10DBE000F3F76CFC002D00D199E214A80AF0B4FE02
:10DBF000F8F724F981462C2200215846F7F77AFCE1
:10DC00005B464A462100A92020AD31959A611D62EC
:10DC10000CAB2C310322C018F3F756FC40235A46B4
:10DC2000E35C14A81375149E0AF096FEC30F1B182C
:10DC30005B109F1914A8159E03970AF093FEC30F5B
:10DC400051461B185B109846169A159BAA60521AEB
:10DC50000132B0446B60BA4200DA3A005344013BEF
:10DC60002092434500DD43462900049A24A8EB6036
:10DC70000AF050FA002800D06CE35146169A179B20
:10DC8000AA60521A03990132EB608A4200DA0A0054
:10DC90005146209242465B1A01320133029293426E
:10DCA00000DA13002900049A24A86B600AF032FA03
:10DCB000002800D0FFE25246149B53442093169B49
:10DCC0009B1AAB60159B6B605344013B434500DDE1
:10DCD00043462900049A24A8EB600AF01BFA0028A6
:10DCE00000D0A0E240235A46E35C13755246149BD1
:10DCF00053442093169B9B1AAB60179BEB609B1AB7
:10DD0000029A0133934200DA13002900049A24A8EE
:10DD10006B600AF0FFF9002800D03FE240235A462A
:10DD2000E35C504613755246169B15999A1AAB60E0
:10DD3000179B51441B1A414500DD02996960434518
:10DD400000DA4346EB60039B01329A4200DA1A0084
:10DD500020922900049A24A80AF0DCF9002800D0B7
:10DD6000A0E15346002B03DD5C1001D000F0C9FC9C
:10DD700050461599149A179B514420921B1A5244ED
:10DD8000414500DD02996960434500DA4346039C42
:10DD9000013A013CEB60A24200DD2200AA602900AA
:10DDA000049A24A80AF0B6F9002800D03FE1149A9A
:10DDB000159B20925244013A6B60A24200DD220082
:10DDC0005344013BAA60434500DD43462900049AC1
:10DDD00024A8EB600AF09EF9002800D0DBE0514651
:10DDE000179A149BEA60521A0299013220938A42D0
:10DDF00000DA0A005344013B6A60A34200DD2300BD
:10DE00002900049A24A8AB600AF084F900287BD189
:10DE100052465146149B53442093169B9B1A159AC5
:10DE2000AB60179B52445B1A424500DC0292029A97
:10DE30006A60434500DA43464A46EB605B46290088
:10DE40009A6124A8049A0AF065F9002800D073E1C9
:10DE5000099B002B00D16BE10698F8F70BF84846B8
:10DE6000F8F708F8CEE50A9B03989A46099D0B9CA3
:10DE7000F8F700F8584603F081FF029B4746012B54
:10DE800000D1B5E2029E38003100069AFFF76AFC25
:10DE90000123B0462B4098443E0043467E43012B6D
:10DEA00026DD002E1FD0FF2041468001F3F7DEF96A
:10DEB000069A730091469944230015004C4602903F
:10DEC000994607E041468001F3F7D0F928800235F2
:10DED000AC4207D028880028F9D0FF28F2D1029B55
:10DEE0002B80F4E74C4641463800069AFFF73AFC8F
:10DEF000002E00D16CE60023069A5900515AD154E5
:10DF00000133B342F9D163E6089A1CA924A80AF0A8
:10DF1000EFF9002800D07BE724A80AF01DFD279B1D
:10DF200007000393249B00220793209BEE680A932B
:10DF3000099B002B00D04BE35B4649469961002FBB
:10DF400000DC65E7249B59462093269B279CAB6009
:10DF500002230B77259BA34200DD59E7039B0A9917
:10DF6000F61A53465E43079B5B1AF618069B9E19EA
:10DF7000002A00D1CFE257465B4659469E6105987C
:10DF80006C60EC600CF080F9259B013CF619A34213
:10DF9000F2DDBA463CE7089A1CA924A80AF0A8F9C1
:10DFA000002800D01BE724A80AF0D6FC6B680022EA
:10DFB0000793249B259F0A93209B03900B93099B17
:10DFC000002B00D0F5E25B4649469961039B002B8C
:10DFD00000DC04E7249B59462093269B259EAB60DA
:10DFE00002230B77279BB34200DAF8E6079B0B99D5
:10DFF000FF1A53465F430A9B5B1AFF18069BDF1903
:10E00000002A00D1A6E25346A2461C005B465946B0
:10E010009F6105986E60EE600CF036F9279B013623
:10E020003F19B342F2DA230054469A46D7E6089ADB
:10E030001CA924A80AF05CF9002800D0B7E624A89F
:10E040000AF08AFC209A249B51469B1A5246013AB8
:10E050004A439B18069A0999D31803930700002393
:10E060004A46002900D0ABE259468A61002F00DC05
:10E070009DE6249A259E2092269AAA6002220A777B
:10E08000279A964200DD92E6002B00D124E2594601
:10E0900005986E60EE600CF0F7F8279B0136B342EE
:10E0A000F5DA84E6089A1CA924A80AF021F90028C8
:10E0B00000D056E624A80AF04FFC5346169A514663
:10E0C000D21A249B01329B1A5246013A4A430999BB
:10E0D0009B18069A0600D71800234A46002900D04C
:10E0E00058E259468A61002E00DC3AE6249A259CC3
:10E0F0002092269AAA6002220A77279A944200DD8B
:10E100002FE6002B00D1C9E1594605986C60EC6000
:10E110000CF0BAF8279B0134A342F5DA21E601237B
:10E12000089A1CA928A803F0A5FF28AB0E935CE56C
:10E1300028A803F023FE8FE6089A1CA924A80AF059
:10E14000D7F8002800D083E624A80AF005FC061EB4
:10E1500000DC7DE6249B259C2093269BAB60279BBF
:10E16000A34200DA74E64F463200FF2138006C60AB
:10E17000EC60F7F7BFF923003900249A00960EA847
:10E1800003F0CEFD5B465946187705980CF07CF8F5
:10E19000279B0134A342E7DAB94659E6089A1CA93D
:10E1A00024A80AF0A5F8071E00D0B7E524A80AF0B5
:10E1B000D3FB0A90002800DCB0E5EB68279E0B93A8
:10E1C000099B002B00D054E25B464A469A61249B8F
:10E1D0002093269BAB60259B9E4200DA9EE50B9B1D
:10E1E0009F1B53465F43069BDF196E60EE604846F7
:10E1F00039780A9AF7F77EF90A9B49460093249AE0
:10E2000033000EA803F08CFD012800D101305B46DD
:10E210005946187705980CF037F8259B013E57446E
:10E22000B342E2DD7AE5089A1CA924A80AF060F856
:10E23000002800D056E524A80AF08EFB6B68070082
:10E240000A93099B259E002B00D0C8E1002800DC22
:10E2500048E55B464A469A61249B2093269BAB6027
:10E26000279B9E4200DD3DE552460A9BF31A53432D
:10E27000069AD3180A930A9B6E60EE6019783A00EA
:10E280004846F7F737F933004946249A00970EA815
:10E2900003F046FD012800D101305B46594618774E
:10E2A00005980BF0F1FF0A9B013653440A93279B14
:10E2B000B342E0DA16E5089A1CA924A80AF018F877
:10E2C000002800D0F7E424A80AF046FBEB680022FF
:10E2D0000B93279B169F0C93249B0A900D93099BED
:10E2E000002B00D05EE10A9B002B00DCE3E45B46E0
:10E2F00049469961249B59462093269B279EAB60F3
:10E3000002230B77259B9E4200DAD4E45346FF1A82
:10E310000D9B01370C99DF1B0B9B5B1A51464B433E
:10E32000FF18069BDF19002A00D198E0230054460D
:10E330009A465B4659469F6105986E60EE600BF009
:10E34000A3FF259B013E3F19B342F2DD5346A2468F
:10E350001C00B0E4089A1CA924A809F0C9FF0028F1
:10E3600000D08AE424A80AF0F7FA259B00220A9339
:10E37000159B169F0B93249B02900C93099B002BDB
:10E3800000D06FE1029B002B00DC76E45B4649463F
:10E390009961249B59462093269B259EAB600223BE
:10E3A0000B77279B9E4200DD67E45346FF1A0C9BC8
:10E3B00001370B99DF1B0A9B5B1A51464B43FF1831
:10E3C000069BDF19002A2AD0230054469A465B4652
:10E3D00059469F6105986E60EE600BF055FF279BD4
:10E3E00001363F19B342F2DA5346A2461C0044E418
:10E3F0007F43002306995A008A5A9209CA5401336E
:10E400009F42F8D1FFF7E4FB1877594605980BF0C7
:10E410003BFF279B01369E4200DD2EE457445246C7
:10E42000390048466E60EE60F7F71EF8029B4946D9
:10E430000093249A33000EA803F072FC5B46012877
:10E44000E2D102221A77E0E71877594605980BF0D7
:10E450001BFF259B013E9E4200DA2CE457445246A6
:10E46000390048466E60EE60F6F7FEFF0A9B4946AB
:10E470000093249A33000EA803F052FC5B46012857
:10E48000E2D102221A77E0E71877594605980BF097
:10E49000FBFE279B01349C4200DD62E43200390020
:10E4A00048466C60EC60F6F7DFFF23004946249A8B
:10E4B00000960EA803F034FC5B460128E4D102224A
:10E4C0001A77E2E71877594605980BF0DDFE279B8F
:10E4D00001369E4200DD6AE43A00039948466E60C8
:10E4E000EE60F6F7C1FF33004946249A00970EA864
:10E4F00003F016FC5B460128E4D102221A77E2E71A
:10E500001877594605980BF0BFFE259B013CA342A6
:10E5100000DD7DE456445246310048466C60EC60B4
:10E52000F6F7A2FF23004946249A00970EA803F0AD
:10E53000F7FB5B460128E3D102221A77E1E718775F
:10E54000594605980BF0A0FE279B0136B34200DA2E
:10E5500045E457445246390048466E60EE60F6F78F
:10E5600083FF039B49460093249A33000EA803F0CF
:10E57000D7FB5B460128E2D102221A77E0E7F7F7E2
:10E5800079FC584603F0FAFB6B10012B00D079E4BC
:10E59000FFF719FB089A1CA924A809F0E9FE3A0024
:10E5A000099B9EE5089A1CA924A809F0E1FE099A96
:10E5B00099E6089A1CA924A809F0DAFE099A02E54E
:10E5C000089A1CA924A809F0D3FE099B039A4BE5DD
:10E5D000089A1CA924A809F0CBFE099AACE4089A71
:10E5E0001CA924A809F0C4FE002F01DCFFF77AFB68
:10E5F00000235A469361249B259F2093269BAB6062
:10E60000279BBB4201DAFFF76DFB0A9BF61A5346C4
:10E610005E43069B9E19079BFF2B13D040236F6020
:10E62000EF60E25C3378594653435A461B12137528
:10E6300005980BF029FE279B01375644BB42EDDAC3
:10E64000FFF750FB5A466F60EF60337859461375F9
:10E6500005980BF019FE279B01375644BB42F1DAAF
:10E66000FFF740FB089A1CA924A809F081FE099A2B
:10E6700088E6089A1CA924A809F07AFE5B469F61E7
:10E68000249B279F2093269BAB60259B9F4201DA0A
:10E69000FFF744FB52460B9B9B1B5343069AD6182D
:10E6A000079BFF2B18D0089A1CA924A86F60EF6065
:10E6B00009F05EFE4023E25C3378594653435A46E4
:10E6C0001B12137505980BF0DFFD259B013F564487
:10E6D000BB42E8DDFFF722FB089A1CA924A86F6063
:10E6E000EF6009F045FE5A46337859461375059890
:10E6F0000BF0CAFD259B013F5644BB42ECDDFFF702
:10E700000DFB5F1EBC46002657460698041963465B
:10E710008246C218030010781978187001331170FE
:10E72000013AA342F7D150460136C019E419B74265
:10E73000EDD1BA46FFF71CFBF0B54E464546DE4626
:10E740005746E0B52C25AFB004904B5D06000C0099
:10E75000022B06D82FB0F0BCBB46B246A946A04655
:10E76000F0BD50689168D36812680F900E92320025
:10E77000109138320EA912A8119309F0CBFC0A901F
:10E780000028E7D03B23E35C1B071A0F0692625D6B
:10E790000592002B00D1CDE03023E75C0133E65C2D
:10E7A0000133E55C23AB984618002C220021F2F7D8
:10E7B00085FE43465F759E75DD75059BFC2B01D973
:10E7C000FF2305930EA80AF0C7F805000EA80AF06B
:10E7D000C9F82A000600854200DD0200A36A521033
:10E7E00003929A4200DD039312A80AF0B5F80023C1
:10E7F000039A82460C930D93002A00DD93E1129A4E
:10E8000016AF1692149A2000BA6042469361FF2315
:10E8100017621375290032003030239700F08CFA0C
:10E820008346002800D171E200239946069B012B04
:10E8300000D862E243460E9A1F61129B9B1A5A4609
:10E8400059001268C918521841464A603A22A65C1B
:10E85000002E00D148E2073AA25CFF2A00D031E244
:10E86000012E05D03822A25C0126FF2A00D0A1E1AA
:10E87000069B022B00D1DAE10F23424613730023DB
:10E880000993039B002B00DCA1E153460024C24600
:10E890000F99B846119A1F000B962AE043465D6017
:10E8A000DD60069B012B60D0022B77D000230893FC
:10E8B0000793514604980BF0E7FC159BB34211DB1C
:10E8C00043465E60DE60069B012B00D1A2E0022B76
:10E8D00000D183E0079B002B00D00EE15146049845
:10E8E0000BF0D2FC0F99119A039B0134A34200DC78
:10E8F000AAE0139B6518161BAB4202DD159BB342C1
:10E90000F2DB3A0048460599F6F7F4FD43464946DE
:10E910001A680CA82B00009703F002FA012800D116
:10E92000013053461877139BAB42B7DD00230893A1
:10E930000793C2E72D33E65C23AB984618002C22E0
:10E940000021E58DF2F7BAFD43465E75DD82A36ACC
:10E95000002B00D031E70EAB23934346059A414686
:10E9600004981A750BF090FCF4E65B46002B14D06B
:10E970000F9B0AA8EA1A5B46196853009B18C9182E
:10E980007923079218180322F2F79EFD5B46079A37
:10E990005B689B5C5246137588E7FEE70A9B089309
:10E9A00000230793099B002B83D00023002F0EDD4B
:10E9B000484609990794CA5CFC2A03D8C45C6243A0
:10E9C0001212C25401339F42F5D18146079C0223A3
:10E9D000524613770A9B089307936AE7089B002B1C
:10E9E00000D07BE7099B002B00D177E70023002FA5
:10E9F0000CDD48460999CA5CFC2A03D8C55C6A4309
:10EA00001212C25401339F42F5D18146534602226D
:10EA10001A7763E75B46002B15D00F9D1968751BAD
:10EA20006B005B19C91879230AA803221818F2F79A
:10EA30004BFD5B4652465B685B5D1375079B002B85
:10EA400000D14BE7D2E7FEE74746D0460B9E069B38
:10EA5000002B00D18DE04046059C0475022B00D1AF
:10EA6000F4E000D9BAE0012340460377039B139DED
:10EA7000C9188D4200DAD8E00399159B541A9C42BC
:10EA800000DD1C00AC4200DA82E05B46002B00D1C6
:10EA9000CAE0059BFC2B00D8EEE079230AAA9B185C
:10EAA0009A464B4622000393049B5C469946934644
:10EAB0000F9E2168AE1B73009B19C9180322504694
:10EAC0007D60FD60F2F700FD4246636841469B5D54
:10EAD0004846013513750BF0D7FBAB45E8DA039BCD
:10EAE000A346002B05D01800F7F7C4F91AA803F0C5
:10EAF00045F9584600F0EAF92CE6069B022B00D8AF
:10EB000074E73A0048460599F6F7F4FC434649464F
:10EB10001A680CA82B00009703F002F9012845D0D1
:10EB20005346187762E7F7F789F981461AAF38003C
:10EB30000023039A0EA903F09DFA129B0C971693DB
:10EB4000149B4A461893434616AF9A611F62424689
:10EB5000FF2320001375290032003030239700F086
:10EB6000EBF8099000287ED1834601268DE60F99A7
:10EB7000119A039B0498C918D21A4346FA60059A61
:10EB800079601A7500234246414693610BF07CFB85
:10EB90004B46002B05D04846F7F76CF91AA803F04E
:10EBA000EDF85B46002B00D1D4E5A2E702235246E4
:10EBB00013771BE7069A022A00D188E00F230B7314
:10EBC00000230993039B0226002B00DD5DE64346EC
:10EBD00005980F99119A1875002309930F23069829
:10EBE0000D300340022B03D8434609981E779861E5
:10EBF000039B139DC9188D4214DB039B159ED21AEB
:10EC0000964200DD1600B542C2DC049B444698469D
:10EC10007D60FD602100404601350BF035FBAE42C2
:10EC2000F6DAB5E70D00E8E7FEE70D0024E70F236D
:10EC3000424613735B460993039B002B16DC0023AB
:10EC400009934346059A0F991A75119A0223404673
:10EC500003774346099898610398139B45189D4292
:10EC6000CBDA1D00C9E7069B012B61D8099B012661
:10EC70009B460023099308E679230AAA9B189A4623
:10EC80004B460393059B994623005C469B460F9E8B
:10EC90002168AE1B73009B19C918032250467D6082
:10ECA000FD60F2F711FC4A46636841469B5D04989B
:10ECB000534342461B12013513750BF0E5FA5D45CF
:10ECC000E5DD0CE7069A022A01D00226D4E55A4671
:10ECD00052680226D318099342460F231373039BED
:10ECE000002B00DDD1E5ACE70F230B73039B002B5A
:10ECF00012DD002301260993C7E5002B00D136E77A
:10ED00004346059A0F991A75119AACE68146012679
:10ED10000F99119A09909AE6434605980F9918752C
:10ED200000230993069B119A022B8FD0012653E7EB
:10ED3000099B9B467EE5C046F0B5CE46474605009A
:10ED4000C37A0F2080B583B018423ED01B071B0F3B
:10ED5000012B38D00E331840032800D9A3E00F0050
:10ED60007B1C5C00E4180323F81C98439C430C3084
:10ED70000019F7F763F8061E4ED003000C34021991
:10ED80000C339046036042608760002F1ED0002441
:10ED9000620012199B1899462B797B431B129C42E7
:10EDA0001ADDA87A411E8A005218AA1811797943EF
:10EDB00009128C4222DA012804D9697A79430912AE
:10EDC0008C422ADDFEE71700CAE70026300003B0B8
:10EDD000C0BCB946B046F0BD4846AB7829786A78E1
:10EDE000017042708370EB7842461355B768013466
:10EDF000A742EBD9726833689046C9E793781078D8
:10EE000051784A46937010705170AA7A013A930073
:10EE10009B18EB18DB78E7E7FEE7E21A1002C91A45
:10EE2000801AF2F723FAFF270740C0436B792A784C
:10EE3000C0B242437B439B181A02D218D201D218A7
:10EE4000D20DD3B202009C466978AB7941437B4333
:10EE50005B181902C918C901A878C918EB79504381
:10EE60007B431B181802C018C001C018C90DC00D83
:10EE7000C9B20192C0B2624609F05EFE494603047F
:10EE8000087000021B0E000E4B7088702B7A019ADE
:10EE90005F43EB785343FF183B02DB19DB01DB19BF
:10EEA000DB0DDBB2A0E786204000F6F7C7FF061EA9
:10EEB000B2D0CC229446B444624633007260402201
:10EEC0000C33E04640273360B26060E710B5F6F7D8
:10EED000D1FF10BDF0B5DE4657464E464546E0B57B
:10EEE00093B00C900F930CA81FAB1F78209E0E922E
:10EEF0000D911D9C09F030FD80460CA809F032FDF3
:10EF00005823F25A0390130A9946D3B201935A2315
:10EF1000F35C9A465B23F35CDD4300933B000F3BBD
:10EF2000DBB2EDB20C2B00D991E0C5499B00CB5868
:10EF30009F461A2009F0EAFD039B002B00DC86E0C7
:10EF40004346002B00DC82E01E990D9B00274B43BB
:10EF50000C99099741435B181C9907948B460199BA
:10EF60009B44009B009559430491494659430591A0
:10EF7000514659430691414641431E9B0F005B1A7F
:10EF80000A930B1A0B93FF239A465B468146C346AE
:10EF900008930025B846079E089C37E0FF203900FB
:10EFA0000002F2F763F95146A278009B4243121225
:10EFB0000A405A43069901355218121202925246DB
:10EFC0006178F7704143091211405943059A019B3A
:10EFD0008918524658430312009813404343049A39
:10EFE00009129B1852461B1213407B431B123370AD
:10EFF00053461140029A79431A407A430912121279
:10F000007170B270AB450FD04C444E442378E77812
:10F010000193002FC2D13370637801357370A378E8
:10F02000F770B370AB45EFD1089B0B9A4B449B181C
:10F030000A9A47469B18079A08939446C444624626
:10F04000099B0792039A013309939A42A1D113B005
:10F05000F0BCBB46B246A946A046F0BD5823F35CBF
:10F0600038009B465923F65C09F050FD1E9A0D9B13
:10F0700053430C9A42439B181C9A94469C44009B11
:10F08000FC2B00D8A8E1039B002BE0DD4346002BBE
:10F09000DDDD41464143102F00D140E2A446039CF0
:10F0A0004246574688465B460021A14664460025F5
:10F0B000013523706670A7702418AA42F8D1013177
:10F0C000C4448945F2D1C2E711AB1A8052469A7006
:10F0D00011980D9E0C9F09F0F9FC009BFC2B00D8A9
:10F0E00015E1039B002BB2DD4346002BAFDD01236E
:10F0F00000255B4243449B4643460204AC4601263E
:10F10000050040465B009946130C13435A46A0463F
:10F11000052A00D8CBE16208324000D1B7E1A11C3A
:10F120008A4601272580811A5200A4184A089200B5
:10F13000121908C49442FCD10E4200D19BE1B143A4
:10F14000CF19490051440C007A1C2580904210DDF3
:10F15000BA1C658082420CDAFA1CA580904208DD58
:10F160003A1DE580904204DD05372581B84200DD77
:10F170006581012244469444039A4C446245C5D1BA
:10F1800065E711AB1A8052469A7011980D9E0C9F3C
:10F1900009F09CFC009BFC2B54D9039B002B00DC4A
:10F1A00055E74346002B00DC51E7012300255B4275
:10F1B00043449B4643460204AC46012605004046B4
:10F1C0005B009946130C13435A46A046052A00D803
:10F1D0006BE162083240002A00D149E1A11C8A4655
:10F1E00001272580811A5200A4184A08920012199A
:10F1F00008C49442FCD10E4200D14BE1B143CF1977
:10F20000490051440C007A1C2580904210DDBA1C44
:10F21000658090420CDDFA1CA580824208DA3A1D16
:10F22000E580904204DD05372581B84200DD658127
:10F23000012244469444039A4C446245C4D106E7F3
:10F2400000890310039B002B00DC00E74346002BE2
:10F2500000DCFCE6009A1E9B11005E437B00F61862
:10F260001C9BF618019BDB0859434B46009111008B
:10F270009B0859435346DF087A431E9B94461E9AC7
:10F28000DB0F9B185B105A0043465F003F239A46F2
:10F29000FC23DB008B46994600211F230492019337
:10F2A00002913A001D941D9B37005C466646002083
:10F2B0009B46944653463A5A52BA92B25109194063
:10F2C0004B4669430919C9101940D30A6B439B196E
:10F2D0001B0ADB020B4301990A406A43009952184A
:10F2E00012129B185A465BBA135202306045E1D1A4
:10F2F0006346B4463E00A3461F00D418049B039AFD
:10F30000F618029B013302939A42CAD19FE6039BEF
:10F31000002B00DC9BE64346002B00DC97E6009ABE
:10F320001E9B11005E437B00F6181C9BF618019B88
:10F33000DB0859434B46009111009B085943534643
:10F34000DF081E9B57431E9ADB0F9B185B105A0069
:10F3500043465B009C463F239A46FC23DB009946CC
:10F360001F23019363468B460021BC461F00049275
:10F3700002913A001D941D9B37005C4666460020B2
:10F380009B46944653463A5A510919404B466943A5
:10F390000919C9101940D30A6B439B191B0ADB02D8
:10F3A0000B4301990A406A430099521812129B18A4
:10F3B0005A46135202306045E4D16346B4463E00DB
:10F3C000A3461F00D418049B039AF618029B01332E
:10F3D00002939A42CDD13AE6039B002B00DC36E63D
:10F3E0004346002B00DC32E64A46009B019E5A430E
:10F3F000914652465E435A434346434392461E9AC1
:10F400000193D31A0293102F53D0019B42461B1A2B
:10F4100004930023A3464C4699460092009B59460C
:10F42000624600279846137801376B439B191B12DD
:10F430000B7053786B431B191B124B709378121887
:10F440006B4353441B128B700918B845EBD14346EC
:10F4500000936346049A1B189B18029A94469C4496
:10F4600001239944019B9B44039B4B45D6D1EEE578
:10F47000A2460027B6E601229444039A624500D1D1
:10F48000E5E5C84444466208324000D047E6A2465B
:10F49000002748E601229444039A624500D1D6E54C
:10F4A000C84444466208324095E60027ABE6002790
:10F4B0004AE6019B42461B1A049300239B46230005
:10F4C0004C4699460092009B494662460027984662
:10F4D000137801376B439B191B120B7053786B43E6
:10F4E0001B191B124B7093786B4353441B128B7088
:10F4F000D3781218CB700918B845E9D14346009368
:10F500006346049A1B189B18029A94469C44012354
:10F510009B44019B9944039B5B45D4D197E51E9B7B
:10F520005F1A012827D1220000264B1E0D004C46F1
:10F5300051469146BB464746B046019E00934B4616
:10F5400060460022AA461E705C709970C578013230
:10F55000DD70013001339742F5D16346009A0133E3
:10F560009B185B449C4601239844039B5546D14419
:10F570004345E4D16BE50B1A1A0000230093534670
:10F580004E468A46A1461900BB46019F02924B4651
:10F59000644600221F705E709970E5780132DD705C
:10F5A00024181B189045F5D16346029A1B189B1826
:10F5B0005B449C46009B039A01330093D1449A42DA
:10F5C000E5D144E5F0B5454657464E46DE46E0B542
:10F5D000DBB01493D56ACB6B13900B911600984651
:10F5E0002F89002B06D10A6C0133FF3391469A42D2
:10F5F00000D1A5E044AC2C2200212000F5F77AFFD1
:10F600005C230B9AD35C469723755D23D35C282239
:10F610001B071B0FA354F46A4FAD238900211593D8
:10F62000637828002C2212930995F5F763FF5C2379
:10F630000B9F2822FB5C2B755D23FB5C1B071B0FBC
:10F64000AB542FAA16009246659A23CA23C61268A5
:10F650003260524664984F9209F07EF91690649891
:10F6600009F080F91790504609F076F9239050463A
:10F6700009F078F93A6E129B06002592062B00D10C
:10F680002AE10E2B00D14FE15B230B9AD25C593B50
:10F6900093429B41129A5B4298461B2A01D900F083
:10F6A0001EFF01239340BB4A134201D000F043FDEB
:10F6B000A022102192021091134201D100F06CFFA0
:10F6C000109809F023FA239D4543F9F7B9F9F9F7A2
:10F6D000D1F90700F9F7B4F9F9F700FA09F016FAC9
:10F6E000784329008000F1F7E9FD1190B04200DD78
:10F6F000119611986843F6F7A1FB0C90002800D1F1
:10F7000011E15346DB6855460A93534609995B68F5
:10F71000119A486010989A18013A0873EA602269B1
:10F720000D6119920E2800D090E10C9A8A61239AFB
:10F730004A6252460A6202220A7700224A601EE1A9
:10F740004B6C2A699B468B6B079206936A7844AC94
:10F750000021924620002C22F5F7CCFE5C230B9969
:10F760002822CB5CA76023755D23CB5C1B071B0F96
:10F77000A354CB4500D04EE7069B002B00DC88E06D
:10F780005B23CB5C022B00D945E70B6E002B00D02E
:10F7900041E7F36A99465F781B899846142F01D197
:10F7A00000F0A0FE3D0000214FA82C22F5F7A2FE9C
:10F7B0005C230B9A4FA9D35C37AC0B755D23D35CEC
:10F7C00028221B071B0F8B5443468B60649B22002F
:10F7D0000B614B461B6909914B60659B0D7343CBD5
:10F7E00043C24F941B6820009B466368E36009F0A6
:10F7F000B3F80600F6F722FB0999824688610C628D
:10F800004E620E2D09D10023B9204B600B9926AB17
:10F8100003225831C018F1F757FE0B9B3BAD9A6B92
:10F82000683319002800002302F024FC002333AAC7
:10F83000536064980692339509F094F863689B4589
:10F8400023DB142F01D100F078FE0E2F01D100F040
:10F850004CFE5746099D3200FF213800F5F74AFE5D
:10F860006368226839000698009602F059FA290068
:10F87000287713980AF008FD6368E26801330132C3
:10F880006360E2609B45E6DABA465046F6F7F2FA64
:10F89000D5E053460E2B01D100F03DFD52460B6ED4
:10F8A000142A00D1DBE0062A06D0152A04D05B22F8
:10F8B0008A5C022A00D9D8E0002B00D0ABE6649B1A
:10F8C00021002361079B13986360649B4493534614
:10F8D00023730AF0D9FCB2E0B9200B9926ABC0180B
:10F8E00003225831F1F7F0FD00239846F9F7A8F804
:10F8F000F9F7C0F80700F9F7A3F8F9F7EFF809F0FE
:10F9000005F97843239B80005D002900F1F7D6FCC0
:10F910001190B04200DD119611986843F6F78EFA07
:10F920000C9000280DD1FEE7B9200B9926ABC0182A
:10F9300003225831F1F7C8FD0E2310930023984697
:10F94000BEE65346DB6856460A93534609990500BE
:10F950005B68486011980E61C218013AF260226932
:10F96000239C199202220A7702006243AA188A6134
:10F9700006220A730F328C600E624C6210920A9A51
:10F980009A4259DB259A33AE511E8A4141461143B2
:10F990001A9106E0000014085146CA600A9A9A4279
:10F9A0004ADB736053469B685246B3605346DB683C
:10F9B0001268F360649B326019685A6830005242E2
:10F9C000494208F099FB0C9B30000493129B169A55
:10F9D0000393149B199902930B9B0193159B00931E
:10F9E000179B04F04BF81A9B002B00D0E9E0099913
:10F9F00013980AF049FC53465246DB680A990133D2
:10FA00005360119AD218013A8A42C5DD5246D1603C
:10FA1000109A142A00D1A5E2152ABFD1504608F049
:10FA2000A1FF239B0A9A58430C9B1818099B9861C5
:10FA300053465B689A42B4DA0C98F6F71BFA5BB04F
:10FA4000F0BCBB46B246A946A046F0BD09F05EF840
:10FA5000239B5843099B986053465B688FE75B2262
:10FA60008A5C022A01D800F07AFC002B00D0D2E593
:10FA7000F36A37AC9A461B89659A994653465B7878
:10FA80009B46230023CA23C3126858461A6009F014
:10FA90003DF80500649808F065FF0690200008F026
:10FAA0005BFF0600200008F05DFF6E430700B046D4
:10FAB000002E01D101239846F8F7C2FFF8F7DAFFCC
:10FAC0000500F8F7BDFFF9F709F809F01FF86843DA
:10FAD00041468000F1F7F2FB0500B84200DD3D0031
:10FAE00040466843F6F7AAF9071E01D100F0C7FCAB
:10FAF0004FAB98462C22002118000993F5F7FAFC29
:10FB00005C2341460B9AD35C0B755D23D35C2822A2
:10FB10001B071B0F8B545B468E600C614F944F602C
:10FB20000B73142B10D10999649B069A0B624B46F8
:10FB30005A4353461B699B188B6102230B77103382
:10FB40000B734B465B084B626368E668EA18013A40
:10FB5000E2609E4231DBBB462F00649D21683E92ED
:10FB60003B916A6829683C93A368524249423BA88A
:10FB70003D9308F0C1FA4A460B9B3B980493099BBE
:10FB80003C991B7B02925A46019252460393136999
:10FB90003D9A00933E9BFFF79DF9099913980AF04F
:10FBA00073FBE3680133FA18013A6360B24200DD87
:10FBB0003200E2609E42D1DA5F463800F6F75AF929
:10FBC0003DE7534619685A689B6837913993534605
:10FBD000DB6838924942524237A83A9308F08CFACF
:10FBE000099B9F68259B002B00D1C8E13BAB37AA3E
:10FBF00013CA13C312683BA81A6008F0ADFE804612
:10FC00003BA808F0AFFE58210E900B98425A130AF9
:10FC10001D93D3B21C935A23C35C22935B23C35C12
:10FC20001F93DB43DBB21893036E18782490587847
:10FC30001B9098780F90D878079018795B79834655
:10FC40009946109B142B00D1A5E0102B00D1A5E103
:10FC50001A2B00D0CBE60E9B002B00DCC7E64346F8
:10FC6000002B00DCC3E63C9B3B9A7B4392009B1835
:10FC70000C9AD318089343469B002193FB1A2693B2
:10FC80001F9BFC2B00D990E31C992092594328918B
:10FC90001D9927905943299122992B965943002366
:10FCA00022934B46C1462A911E930025209BAB46CA
:10FCB0001C00089E0BE0237073786370B378E770C4
:10FCC000A37001239B4404360434CB4552D03378CF
:10FCD000F7789846002FEED0FF2039000002F1F7A8
:10FCE000C5FAB37843431B120D93DBB206937378C6
:10FCF00043431A121C92D5B24246504302121D923F
:10FD00002900D2B20698904608F016FF26AB187765
:10FD100003041B0E26AA0002000E53771E9B907749
:10FD2000C0B2834200D2B5E326AB5B7F279A9A42EA
:10FD300000D2AFE326AA127F0799914200D2A9E32D
:10FD40000F99814200D9A5E31B99994200D9A1E3FB
:10FD5000249B934200D99DE3002200250023002725
:10FD6000A37001239B4422706570E770043604344D
:10FD7000CB45ACD1209B2199089E269A5B182093F5
:10FD800073189B180893229B0E9A013322939A4270
:10FD90008BD12B9E2BE62CAB1A80229A3C9C9A701E
:10FDA0002C983B9D08F092FE0E990D90002900DCE6
:10FDB0001DE64146002900DC19E67C436D0064190C
:10FDC0000C9DFB0F291908910999DB1989695B10B2
:10FDD00006915900219141461F9A49002091FC2A21
:10FDE00000D950E11C992696CB08110059431C916B
:10FDF0001D99089E8B0811005943229B1D91DB0819
:10FE00005A43002322931F9B1E922EAC022B50D8E4
:10FE1000069B9846209BEF183B0047469846F823E0
:10FE20003188327849057078890ED20689001840E9
:10FE3000120EC9B208F080FE030420700002000E0A
:10FE40001B0EA070C0B26370814515D3DBB29B4519
:10FE500012D32278079991420ED30F9981420BD881
:10FE60001B99994208D8249B934205D8069B002BE6
:10FE700003D000233B7001E033882B80023502362B
:10FE800001374545CBD1229B0E9A013322939A42EA
:10FE900000D14EE1089B219A9B18069A089394463C
:10FEA000099B089E5B6A9C44634606931F9B022B3A
:10FEB000AED9069B9846209BEF183B0047469846D4
:10FEC00021E03F213288189853090B4043431D9984
:10FED0005B18FC21DB10C9000B40D10A41430D9394
:10FEE0001E9BC918090A0D9BC9020B431F210A401A
:10FEF00042431C99521812129B182B80023502366D
:10FF00000137A845BFD0F823318832784905707889
:10FF1000890ED20689001840120EC9B208F00CFEF4
:10FF2000030420700002000E1B0EA070C0B26370AC
:10FF30008145C6D363789B45C3D322780799914204
:10FF4000BFD30F998142BCD81B999942B9D8249B41
:10FF50009342B6D8069B002B02D000233B70CDE71E
:10FF60002B80CBE7504608F0FDFC239B0C9A5843AE
:10FF70004300D318099A936153465B680EE50B9BC7
:10FF800037980493109B389903930C9B399A0193EB
:10FF9000009302973A9BFEF79DFF28E50B9A4933A1
:10FFA000D35C1020555C0D9308F0B0FD0E9B002B28
:10FFB00000DC1CE54346002B00DC18E53C9B3B9A2B
:10FFC0007B4342439B180C9A94469C4443464343CC
:10FFD000F91A1D911F991C93FC2900D8EEE0002707
:10FFE0001C1A229B1E974F46994643462096A846C8
:10FFF00066461D0018921F9432000021B446189BDB
:020000041001E9
:1000000006951CE056780896B3451BD31578079ED5
:10001000AE4217D30F9EA64214D81B9C089EB44232
:1000200010D8249CAC420DD800241C705C709C70CD
:10003000DC70069C013112181B188C4210D0947889
:10004000A742DFD244461C700D9C01315C704C46C7
:100050009C70D4781218DC70069C1B188C42EED170
:1000600066461F9A33189B181D9A1C999E18189A59
:100070001E9B521818920E9A013325001E939A4225
:10008000BAD1209EB3E400221C962E0018922EAC0A
:10009000209B089D9846069FB04419E0DBB29B4523
:1000A0002DD322780799914229D30F99814226D8DE
:1000B0001B99994223D8249B934220D8069B002B5E
:1000C0001ED0002302363B7002350137B0451DD0EB
:1000D000F82329882A7849056878890ED20689008C
:1000E0001840120EC9B208F027FD03042070000268
:1000F000000E1B0EA070C0B263708145CED20D9B66
:100100003380023602350137B045E1D1089B219A90
:100110009B18069A08939446099B0E9A5B6A9C4426
:1001200063460693189B013318939342B0D11C9EEB
:100130005DE4269E5BE4239B5A0091464B441D00E0
:10014000F8F77EFCF8F796FC0700F8F779FCF8F76B
:10015000C5FC08F0DBFC784329008000F1F7AEF81D
:100160001190B04200DD119611986843F5F766FED4
:100170000C90002800D10DE25346DB6809990A93E0
:100180005346050048605046119E5B680861F218AE
:10019000013AC2602269086219924A468A600222C4
:1001A00023980A77020072435200AA188A61122229
:1001B0000A73023248621092FFF7E1FB022948D825
:1001C0001C9B00251B1A189363460893079B4F46F8
:1001D0001E96994616000D9532000021B446089BE4
:1001E0000BE015705C7854709C789470DC78013169
:1001F000D4701B181218414518D09C781D78A7425E
:10020000EFD35E780696B345EBD3A945E9D30F9EAD
:10021000A642E6D81B9C069EB442E2D8249CAC427F
:10022000DFD80024147054709470E0E76646089B91
:10023000189A1B189B181D9A9B181C9A08930D9BC3
:10024000B6180E9A01330D939342C5D11E9EFFF747
:10025000CEFB1C9B00271B1A209363460A000893C1
:10026000189B21969C463E004F466A431E920D9A6B
:100270000C9D4A430D92229A06954A431F920021F3
:10028000069A089B18961AE065466C431E9D6419F1
:100290006546241214705C786C430D9D64196546A4
:1002A000241254709C786C431F9D6419241294701E
:1002B000DC780131D4701B181218884518D09D784D
:1002C0001C78AF42E0D35E78B146B345DCD3079EDD
:1002D000A642D9D30F9EAE42D6D81B9D4D45D3D84A
:1002E000249DA542D0D80024147054709470E0E787
:1002F000089B1D9A1D18209B189EEB189B180893AD
:100300001C9A069B01369B1806930E9BB342B6D1EE
:10031000219EFFF76CFB139D64992A004FA8383289
:1003200007F0F8FE002801D1FFF789FB079B8D201D
:10033000A361649B0B9923624346636026AB03224F
:100340005831C0186762F1F7BFF802232377649B26
:1003500021002800449309F097FFFFF770FB002B62
:1003600001D0FFF758F9649808F0FCFA0600649889
:1003700008F0F2FA649B78432361079B7F0863606F
:10038000A988F0F79BFF4643079B21009E19649BB9
:10039000139844932362022323771033A661676284
:1003A000237309F071FFFFF74AFB002306920D93B8
:1003B00018901E960023069D9B46089C0BE02F700C
:1003C00063786B70A378EE70AB7001239B440434A8
:1003D0000435D84541D0E6782778002EEFD0FF20AD
:1003E00031000002F0F742FFA378617847434143B0
:1003F00058433A1209120012D2B2C9B2C0B208F080
:100400009BFB26AB18770304000226AA000E1B0EE6
:100410009077C0B25377814532D3537F189A9A426E
:100420002ED326AA127F0799914229D30F99814290
:1004300026D81B99994223D8249B934220D8002187
:10044000002200230026AB7001239B4429706A70B0
:10045000EE7004340435D845BDD1069B2199269A07
:100460005B180693089B5B189B1808930D9B0E9ACC
:1004700001330D939A429DD11E9EFFF7B8FAFEE715
:100480001C991D9A229B71437243734309121212E5
:100490001B12D8E71F9B022B18D9FF220D9B18991E
:1004A00013404B432A981C9D1B1815404D431B12AB
:1004B000DBB20693299BED181D9B2D1213404B4375
:1004C000289AEDB29B181B12DBB298464246069B57
:1004D0007A437D437B4312122D121B1240E410928B
:1004E000FFF7EEF81225FFF75EF9649D0C3F6A688E
:1004F00029689B1A4246534322685046521A9B1859
:100500004A4611693200C918F4F7AEFF22686368E1
:1005100051460698009601F003FC099B13981900B8
:100520001F7709F0B1FE6368E2680133013263604E
:10053000E2609B45DBDAFFF7A8F94746022547430F
:10054000649A6499526809689B1A42465343226828
:100550005B08521AD2199B184A4611695046C918AD
:100560003200F4F781FF22686368514606980096CE
:1005700001F0D6FB099B139819001D7709F084FE42
:100580006368E268013301326360E2609B45D7DA59
:10059000FFF77BF9FFF7C7F9129B1093152B01D0DA
:1005A000FFF78EF8FFF7A2F9F0B5DE4657464E4644
:1005B0004546E0B58D6AB7B02E6883468A460392F9
:1005C000002E2AD0896F17AC002912D000222000FB
:1005D000FAF748FE01280BD1E36A9C46002B04D0B1
:1005E00008215B788B43062B27D02000FAF7C0FE4A
:1005F0002E687C2251462000F0F766FF20225D2302
:100600001100E35CA66219401A420DD100915846D0
:100610002100604B039AF9F7CBFB37B0F0BCBB4627
:10062000B246A946A046F0BD0022210000925846DD
:10063000584B039AF9F780FAEFE763461B890FAF2F
:1006400004935346683307CB07C71B686146059779
:100650003B606346CA889B88013A0021013B0092B7
:100660000BA8002207F01EFD00230BA90FA80922EA
:10067000009307F0C7FE2B000FAA143383CB83C26D
:100680001B68059F0FAA3B600BA913A807F042FD4A
:1006900000287AD00822002106A8F0F70FFF28686A
:1006A000109A838806A9013B0893149B013B9B1A6F
:1006B0000993F8F74DFD169B109A013328689B1A91
:1006C0000793C38806A9013B0993F8F741FD00226F
:1006D000002306920793139B0F9A013B9B1A2868ED
:1006E00006A90893F8F734FD159B0F9A0133286883
:1006F0009B1A0693838806A9013B0893F8F728FD07
:10070000109B149A1399D21A0F9B3000C91AF8F74C
:10071000F3FF0C9B149A1399D21A0B9B0600C91A6B
:10072000E06AF8F7E9FF814613A808F01BF9804654
:10073000059013A808F010F94346002B00DC54E79D
:10074000002800DC51E78300DF1CBC464F46A14671
:10075000002463463900E046F21CA446F4180878E9
:100760001378013143431B12137004329442F6D1C3
:1007700064462B6801341B89C446F618049BFF1895
:10078000059BA342E5D14C462FE72000FAF7F0FD88
:1007900043E7C046C5F5001030B520245D23250091
:1007A000CB5C83B01C401D4205D1064B0094F9F789
:1007B000FFFA03B030BD0024024B0094F9F7BCF9F6
:1007C000F7E7C046C5F50010F0B54746CE4680B500
:1007D00080460C0015001F00A5B000291AD00B7927
:1007E000042B25D8002B51D1CB68002B12D004A8A4
:1007F000FAF746FC69463423E27D1031CA54A28AD6
:100800000FAB1A80A27D40469A700123E2681093D4
:10081000FCF752FC002D06D0002F04D03A0029002E
:100820004046FDF789FF25B0C0BCB946B046F0BDD3
:10083000082B2BD0192BEDD10B699946E16A48465C
:1008400005F042FC206004A8F9F740F9236A6946E4
:10085000139380235B0014931593E27D1031A43B26
:10086000CA54236840460E93A28A1AAB1A80A27D0E
:100870009A70226913890C21525E04A99B18626A3E
:1008800019931892A268FFF787FFC3E7E121236954
:10089000206A09019946F0F7E9FC0029CED16A46A1
:1008A000A36843CB43C21B6813604B46186805F02E
:1008B0009BFC2369002802D01A7C082A31D018003A
:1008C000E16A05F001FC20600028A3D06846009E84
:1008D00008F042F80E21F8F70FFC731E1B182C22AB
:1008E000002104A80293F4F705FE2100252003222D
:1008F00014316844F0F7E8FD6A46E37D2432137052
:1009000023681A690A926A460C921B890D93A368A0
:10091000049302232C324046137004A909F0B4FC5E
:1009200078E702215A7C18000A435A7405F0E2FB6A
:100930002C220600002104A8F4F7DCFD2523210069
:100940006B44032218001431F0F7BEFD6A46E37DC4
:10095000243213706B460C9323690A96DB896A462E
:100960000D93A36804930223D4E7C046F0B5C646AE
:10097000502600B58B5D80460C00170090B0022B0E
:1009800003D810B080BCB846F0BD04AD2800F9F71C
:1009900077FAA35D2200EB7500230793218E09AB44
:1009A0001980303292789A702200636B48320C932F
:1009B0000DAB03CA03C30CCF0292084A0393E36A48
:1009C0000192A26A40460092290002AAFAF740FA70
:1009D0000F980028D5D0F8F769FED2E7C9070110B3
:1009E000662310B5CB5C022B02D9024BF9F74EFA05
:1009F00010BDC046C9070110F0B55746DE464E4649
:100A00004546E0B58246486C0C00E7B0002800D1AE
:100A10008EE15023CB5C022B00D889E18B6A0D6BF1
:100A2000CA6A4E6BAB4202D1B24200D180E1C10F23
:100A3000091849101800AB4200DD91E1401A0C90F2
:100A4000AB4200DA84E15B180E931300B24200DD82
:100A500077E15B1A0D93B24200DA70E15346521807
:100A600038330CA90F9208001A00984607F052FB81
:100A7000002800D15CE1E36A616BA26A206B8B42C3
:100A800000D117E2824200D171E18B4200DBF1E13B
:100A9000210008A8283107F06BFF2100089B3031A6
:100AA0000393099B04930AA807F062FF0A9B039A29
:100AB00002930B9B04999B46029B666C9B1A5A46B9
:100AC000501A1A000693DB17D1185940C317C218E1
:100AD0005A40894607900592914200DCC4E15001DA
:100AE000F0F7C4FBDE4B02991B5C039A5E433F3672
:100AF0000B00F711914200DD13000299039ADB1BF2
:100B0000109310AD0B00914200DA1300049ADB1928
:100B1000AB605B46934500DD1300049ADB1B6B6002
:100B20005B46934500DA1300DB1942462900280092
:100B3000EB6007F0EFFA002800D1C3E024AA0123FC
:100B4000149232AA15920022059836121F40BF193E
:100B5000169217921892814500DCA0E20499069B38
:100B60008C46BC44604605905846891B89463F1810
:100B7000861B0192002B00DC1CE20A00029B0399F9
:100B800024A800969946884601F018F901204B46A2
:100B900001904146059A009732A801F00FF95123C0
:100BA000E35C5B0700D459E2280007F08DFA0600E9
:100BB000280007F0D1FE864200DB4AE2280007F059
:100BC00083FA80464046F5F739F98146280007F058
:100BD000C3FEC346804500D979E24F466B68EE6894
:100BE00038004246FF21EB600296F4F783FC2C228A
:100BF000002119A8F4F77EFC6123210006A8032236
:100C0000181840311995F0F75FFC502306AAE35CF1
:100C10001F976F68603213702195BE4200DAF5E1CC
:100C2000039400265C460BE03619A31998451FD99A
:100C3000EB680133EB60029B0137BB4200DAE3E172
:100C4000CC46B4443B002A686146009414A8E346AD
:100C500001F066F806AB683318700028E4D1220072
:100C6000002158463619F4F745FCA3199845DFD8FA
:100C7000022206AB6833504619A91A7009F004FB2A
:100C8000EB6842460133FF2148466B60EB6000266B
:100C9000F4F730FCCFE74EAE2C2200213000F4F701
:100CA00029FC3620210006ABFF30C018032240315A
:100CB0004E95F0F709FC5023E35C33753100504644
:100CC00009F0E2FA5123E35C9B0731D04EAE3000CD
:100CD000FAF7CAF94E20210006ABFF30032240315B
:100CE000C018F0F7F1FB5F4B5127B3625023E25C71
:100CF000243BF25401221100636C99435D10E35DC3
:100D000088461A4200D0C1E09B0711D5226B50469D
:100D1000531B4093636B5219591B419141465B1918
:100D2000521A5B1A4292310040AA4393FDF704FD28
:100D300067B0F0BCBB46B246A946A046F0BD320043
:100D40008CE633005B1A0D93B24200DB86E6F6E7D1
:100D50002B005B180E931300B24200DC79E6F0E73B
:100D60002800401A0C90AB4200DB6CE6F0E7012053
:100D7000676C40AD013F7E1038408019101AB618DC
:100D800040901A00AE608B4200DD0DE16A608B423C
:100D900000DA07E1013B424629002800EB6007F03A
:100DA000B9F9002800D18DE7E36C002B00D172E780
:100DB0004EAE2C2200213000A76CF4F79BFB3620AE
:100DC000210006ABFF30C018032240314E95F0F7EA
:100DD0007BFB5023E35C3375002F00D16EE72800C6
:100DE00007F0BAFD6B68EF68EB6003900297F5F7C8
:100DF00025F8022333776B688346B06135629F42E2
:100E000000DA69E19846E16CA36C4046C918F0F736
:100E10002DFAB1460F0046460FE0013749465046CD
:100E200009F032FA6B68013601336B60EB6801330D
:100E3000EB60029BB34200DA4EE1FF21039A584671
:100E4000F4F758FBA36CF90FDA17BB424A41494645
:100E50000A77E26C9B18BB42DFDC0127DEE7C04665
:100E600034890310FF7F00004B4611005801F0F752
:100E7000FDF937E6210008A8303107F079FD21009F
:100E8000089B28310393099B04930CE6A26A504601
:100E9000531B4093E36A5219591B419141465B1918
:100EA000521A5B1A4292310040AA4393FDF744FC68
:100EB000E35D29E7666C1500013E7110824277DC24
:100EC000409540AD824271DB013AAA600122324076
:100ED00052189A1A59186A60E96042462900280097
:100EE00007F018F9002800D1ECE6E36C002B00D1E4
:100EF000D1E64EAE2C2200213000A76CF4F7FAFAAE
:100F00003620210006ABFF30C018032240314E9539
:100F1000F0F7DAFA5023E35C3375002F00D1CDE609
:100F2000280007F019FD409AEB689146E26C0293A5
:100F30006B689346A26CEB6004920700F4F77EFFA7
:100F400002236A683377029B90460390B061356252
:100F5000934255DB5946049B4846C918F0F786F979
:100F60008B46B1462E00039D3A00FF212800F4F77E
:100F7000C1FA002F34DD5B460021A06C0AE0C21AE2
:100F800012B289189B18E26C82189A4200DC002386
:100F90008F4222DD8342F2DB00226A54A06C0131D1
:100FA0000133F0E70B00F5E60A00EFE602008BE7FD
:100FB000050085E70097039F029B3900059A24A846
:100FC000984600F0FBFE01224346019239004A4652
:100FD000009632A800F0F2FEE1E54B4602221A77B5
:100FE0004946504609F050F97368029A013373601C
:100FF000F3680133F3604346013398469A42B3DA0B
:101000000398F4F737FF5DE6039C6F68EA68BA421D
:1010100009D00223013AEA6006AA6832504619A9AB
:10102000137009F031F951254846F4F723FF24A83D
:1010300000F0A4FE32A800F0A1FE635D5A0700D5BF
:1010400042E640A800F09AFE4EA800F097FE635DCD
:101050003AE6280007F080FC8046B3E5079F039935
:101060000322CB1B994640AB98460498069E0192FA
:1010700032184B4600920200404600F09FFE0222CA
:101080000192320002995A44CB1B4EAF00923800B5
:101090005A4600F093FE43461797169384E5029B49
:1010A0000399DB19C9195F460192049A24A8009795
:1010B000904600F083FE0120029B03990190424676
:1010C0009B1B891B009732A800F078FE67E528007B
:1010D00007F042FC834680E55846F4F7CBFEF1E585
:1010E000F0B54E46DE4657464546E0B587B0109C03
:1010F0008246207F0191C00721699946C30F1500E0
:101100009B468C46A268E36804916169A6690292D5
:101110000393059100281DD19D424BDB8D4249DC94
:10112000019FB018B84256DDF318AB4261DC891B51
:10113000A9425EDB019BD41AA1453BDB002C2EDAD1
:101140006246D01A0130002834DD814500DD1CE103
:10115000022030E09D423CDB8D423ADC019FB0181A
:1011600087423FDAF3189D4243DB891BA94240DBEB
:101170000199501AC343DB1718408145E8DB6346E9
:101180005A1A121A01328318994500DB0DE14B46B9
:101190001A1A50440021F4F7ADF902200BE02200A6
:1011A00000215046F4F7A6F9049D019BED1A013584
:1011B000002D07DC002007B0F0BCBB46B246A946B4
:1011C000A046F0BDA94500DDF4E0002CC0D1A94542
:1011D000BED10120EFE7B8466046C844801B4045B9
:1011E000A8DAA1E7380067464844BF1BB842BFDD14
:1011F000B8E7019B02A8D71A07F0AEFB804602A809
:1012000007F0B0FB039BED1AAE4200DCAFE0751BAC
:10121000013D216A6B00CA68886801356D00D45AA7
:10122000C35AAA5A4868121B00194446E419A41B61
:10123000F619E418F61A5B46002B49D0002A34DD73
:101240002500711E8B1A9C46931BC218535CDB430E
:10125000DBB2002D12DBA94510DD5046405D1F00BA
:10126000FC2809D8022800D89BE058430700000258
:10127000C019C001C019C70D50464755002910DBE1
:1012800089450EDD5046405CFC2808D8022800D86D
:1012900085E0584303021B18DB011B18DB0D504689
:1012A0004354013901356145D0D14E456BDCF343E0
:1012B000DB171E40A14561DC4B469A1BD343DB176D
:1012C0001A40534600219819F4F714F9022072E7E6
:1012D000731E9D1A002A32DD961BB44621009D1A0A
:1012E00084446046C05C002911DB89450FDD564609
:1012F000765C0700FC2E08D8022E54D946433700EE
:101300003602F619F601F619F70D56467754002BFA
:1013100010DB99450EDD5646F65CFC2E08D8022EF1
:101320003BD9464330028019C0018019C00DC0B2BC
:101330005646F054013B0131AB42D2D1A418484685
:10134000A14519DCC343DB1718404B4600211A1A8C
:1013500001355044F4F7CEF84D450BDCEA43D21783
:10136000504600212A40F4F7C5F8022023E7801BED
:101370002D1A4EE74D46F1E72000E3E7A21BD343C9
:10138000DB171A409DE74E4691E74B4600211A1A9B
:101390005044F4F7AFF802200DE70020C8E700231F
:1013A0007DE7002768E70027AFE7002A00DBF0E6CB
:1013B000022000E74B465A1B534600215819F4F708
:1013C00099F802E7F8B54E4645465746DE46E0B581
:1013D000814618000A9B0C008846196ADD69521A7A
:1013E000944634220121661BDF6A9C5C2140002F59
:1013F0001AD11A7E06231340002900D195E0002B54
:1014000000D1B3E007231340022B00D115E1032BD9
:1014100000D097E06346D817C01AC00FF0BCBB4697
:10142000B246A946A046F8BD002967D0996A0D00CA
:101430007543AD12002900DC89E0AC4500DA97E085
:101440003518694389128C4500DD87E06246596A88
:10145000514309028912FF252F000F40B8460F1291
:101460001A6BBE1B0D4200D172E141466F1A11008A
:10147000794309126D1A002E18DBB04216DD79434C
:10148000A2074912D2174A40D2434946D2B28C1918
:10149000895DFC2A08D8022A00D856E24A43110284
:1014A0008918C9018918C90D21701A6B711C34275C
:1014B0000EE0544322021219D2011219D20DD2B2F7
:1014C0004C4662541A6B0131AD1A884200DC2DE1A2
:1014D000954200DCF8E00029F5DB8842F3DDDC5DB5
:1014E0005210A407AA1AE41754404A46E4B2525CC8
:1014F000FC2CE5D8022CDCD80022E1E761465F6ACB
:101500007943FD17ED1B8C46ED0F89120A006D180B
:1015100002212140AE4217DC3518AA423ADD0123F0
:101520008807C00F5840C0B278E7022B1ED00723AF
:101530001340012B18D0002B1DD1C64216D44346B0
:10154000ED1A7DD5002069E78807C00F66E7AC4536
:101550000EDC3518694389128C457BDA0123A0071C
:10156000C00F5840C0B259E7002E04DD012055E7F6
:10157000A007C00F52E7C642E4D44346EA1AD34359
:10158000DB171A408242DDDA00214846F3F7B2FF4A
:10159000022043E7624612029514AA46FF259212E2
:1015A00015406246A846BD182A02934692149446F6
:1015B0005246951BAA46624553D0002F00DACAE076
:1015C000FF224546551BAC4666469D6A7543AD12E3
:1015D000521B90465246002A00DA38E1504500DCA2
:1015E0003FE1561C624655434A4689076D12C917AA
:1015F0006940C94315005446C9B2145D5544FC29DD
:1016000008D8022900D8A4E161430C026418E4015F
:101610006418E40D34212C705C5CB04200DD5EE1A6
:10162000A40700D522E152460232824200DD0200C8
:10163000002A00DDEBE00220F0E66346D80FEDE67D
:10164000A842A5DD4B46421B00215819F3F752FF73
:101650000220E3E66246596A0132514309028912C7
:10166000F9E66F1C5246002A00DAD9E0504500DC4A
:10167000D6E05A4694034A46240E4444890764102F
:10168000C917614055461400C9B2525D5444FC2943
:1016900008D8022900D867E151430A025218D20142
:1016A0005218D20D227034229B5C9B0700D5C4E0F7
:1016B0000300B84200DD3B004946C21AC8180021A9
:1016C000F3F718FF0220A9E634229C5C323A22404C
:1016D00088422FDD00292DDB9C6A920762405C6AFC
:1016E000D2176C43A41265434C466D126A40D2B2C5
:1016F0006518645CFC2A08D8022A00D8EDE0624331
:101700001402A418E401A418E40D34222C709B5C8C
:101710009B0715D40131884200DC39E74B46421A59
:1017200058180021F3F7E6FE022077E634229B5C8E
:10173000323A1A40002A03D10131ECD500206DE67F
:10174000B04200DAFEE6002E00DA21E732001BE7A5
:101750003100FF25ABE64446002C07D1012252425E
:1017600092440132FF322F0090467BE72A1E00DAB6
:1017700083E09D6A42466D426543AD12504500DCF0
:1017800086E06A4357124A46544616008907C9172D
:101790007940C9B2145D5644FC2908D8022900D802
:1017A000E4E061430C026418E4016418E40D3421A0
:1017B000347052460226595C0E40541E00D2DEE0C0
:1017C0005F6AA04270DDFF21491B7D424D43AD128F
:1017D0006943B607F61749127140C9434A46C9B270
:1017E000155D1619FC2908D8022900D8C0E0694304
:1017F0000D026D18ED016D18ED0D342135705B5C37
:101800009B0757D452460132904200DAAEE6494671
:10181000831A88181A000021F3F76CFE0220FDE5F8
:1018200000290AD10300B84200DD3B00002B00D1A3
:1018300088E600DD40E70220F0E563469A1B90420F
:1018400000DC7FE6002A00DB9EE60220E6E5551C70
:1018500000D180E0002937D0504500DA72E602203E
:10186000DCE5002967D0504500DA6BE64846524671
:101870000021F3F73FFE0220D0E5002900D087E6E3
:101880000132904200DA71E6002AC0D00220C5E59C
:1018900052460E00541E94D2514500D078E688423C
:1018A00000DC63E60122B2E7002E00D15EE6A04232
:1018B00000DA6DE6002C00D16AE6484622000021DD
:1018C000F3F718FE0220A9E50232824200DD020091
:1018D000002A00D05CE60020A0E5002415E742467F
:1018E0005D6A5543AD1247464A466F43A107C91783
:1018F0007F127940C9B2945D9519FC2907D8022955
:1019000025D961430C026418E4016418E40D342104
:101910002C705B5C9B0706D452460232824200DC8C
:1019200075E7020073E7504500DA0BE653460133D2
:101930009CD1022072E552460232824200DD020052
:10194000002A00D074E6002068E50021ACE5002400
:10195000DDE700245EE600280CDC0029EBD0013036
:1019600000DAEFE5022059E500229BE600241EE79D
:10197000002542E745467D430026AD12B3E75645B4
:1019800000D005E6012242E7F0B54E4657464546EF
:10199000DE46E0B50E0085B00E9C9946E1688246B1
:1019A000531A9C46A06823691500301A6269B32B4C
:1019B00024DCB32A19DD002B00D1C4E0A9423EDDAE
:1019C000B42A52D050344B462A003100504600947D
:1019D000FFF7F8FC0327002847D0012F00D0B0E024
:1019E000012800D0ADE001201EE0002B53D0002ADA
:1019F00000D0BCE00220A94216DC20E0B42B0AD0C3
:101A0000B42A18DCA9421ADCB42A00D199E00020DB
:101A1000824209D0D6E7A94229DCB42A00D190E05D
:101A20000020002A00D04AE105B0F0BCBB46B24617
:101A3000A946A046F0BD934234DCA94230DD230024
:101A400018332A00009331004B465046FFF7BAFC8A
:101A500063690700E268B42B7DD0002B00D0C3E09F
:101A6000954200DAFCE000286BD10020DCE7B42AC4
:101A700067D0002AB7D00127B32A00DCB9E0503480
:101A80004B462A00310050460094FFF79BFC002F84
:101A9000A1D10020C8E7A94264DD0220002AC3D0FA
:101AA0000327A6E0A9429EDB6746616F794389124E
:101AB00088466146E76B01317943944F8912BC46F1
:101AC000944467460397914FBC469C446746582F01
:101AD00000D895E05B3BB22B03D84B1E0B43DB17C2
:101AE0001940039B582B00D990E0CB43DB171940DA
:101AF00043465B1A984643465B105B181B1A1F004F
:101B00004B4500DD4F46FB43DB173B40F118D44605
:101B1000039149469C44CB1A994601235046E0461E
:101B20009B46002F79DC18344B462A004046039927
:101B30000094FFF747FC002800D1C5E0834500D1A1
:101B400072E7022070E7A94200DD39E7B42A00D12C
:101B500049E701274DE0954200DB81E00028F0D104
:101B6000002061E70127002A89D102205CE7934227
:101B70007BDDA94200DD36E76746616F7943891254
:101B80008B4601218C446746E16B7943571EBC4666
:101B90005F1E8912592F00D9A3E0002900DAA9E0BD
:101BA0006346592B00D9AAE0CB43DB1719405B46AB
:101BB0005B1A9B465B465B105B181B1A1F004B456C
:101BC00000DD4F46FB43DB173B40F118D446039141
:101BD00049469C44CB1A994601235046E0469B4611
:101BE000002F4ADC50349FE7B32B43DC954200DBE7
:101BF00045E70A235B423B4101201840400013E7C0
:101C0000002968DB039B582B00D871E75B3AB22AA6
:101C100000D96DE74B1E0B4368E723005033009358
:101C20002A003B003100FFF7CDFB8346002800D09F
:101C300079E73A00002150461834F3F75BFC4B4635
:101C40002A00404603990094FFF7BCFB002800D00F
:101C500077E740464A460021F3F74CFC0020E3E6D4
:101C6000002800D0BCE60020DEE6A94200DCE6E663
:101C70000327BEE79542BCDA01E72300183300933F
:101C80002A003B003100FFF79DFB83460028A9D1C5
:101C90003A00002150465034F3F72CFC4B462A0002
:101CA000404603990094FFF78DFB002800D048E7D9
:101CB00001004A464046F3F71DFC0020B4E6B32A73
:101CC00000DC7FE6032794E740464A460021F3F70D
:101CD00011FC0220A8E6039F0021582F00D80AE734
:101CE00094E75B3BB22B00D95AE74B1E0B43DB1743
:101CF000194055E763460021592B00D85AE75B3A53
:101D0000B22A00D953E74B1E0B434EE7F1FEFFFF0B
:101D100010B5024808F05AF910BDC0469C0E0020CC
:101D2000F0B54F46D6464646C0B582B099460A9BA6
:101D30000F009A4603689046002B1DD00025041D15
:101D400008E00238434258410434231F1B6805430E
:101D5000002B0ED000931E684A4653464146380079
:101D6000B0470028EDD102B0E0BCBA46B146A84663
:101D7000F0BD0135E8B2F6E70120F4E770B50500E3
:101D80000D4C200008F03AF92B79022B03D02000EB
:101D900008F054F970BD2B6A002BF8D01A69002A9C
:101DA00003DB5A69013A5A61F1E75868F4F762F8BF
:101DB000286AF4F75FF8EAE79C0E0020F8B547467A
:101DC000CE4680B51E0008AB20CB17001B78884696
:101DD0003822002104009946F3F78CFBAF4200D172
:101DE000A2E0AF4200DC82E020002A00310008308F
:101DF00006F0C2FD20003A004146103006F0BCFD5E
:101E000007214A462000237E0A408B4313433100BA
:101E10002A0023761C3006F0AFFD43469E1BF317C5
:101E20007D1BF1185940EB17EA185A4001239142E3
:101E300000DC0023342001211A00235C0A408B437C
:101E40001343002223544248A2626262206022713E
:101E5000194226D0002E5CD1002300279846002D81
:101E60002ED0802029004003EFF700FA072211004E
:101E70007043237E80126062E76219401A4226D0C6
:101E8000012958D002295FD0032925D10022002F33
:101E900051DD34210220635C5200834313436354B9
:101EA0001FE0002D2AD1002300279846002E07D0DE
:101EB000802031004003EFF7D9F94543AD12A56208
:101EC00007221100237EE76219401A42D8D134223A
:101ED0000221A35C8B43A354002F02DA43465B42EA
:101EE000984643462363C0BCB946B046F8BD2B00B4
:101EF0003D001F0033004646984675E780202900C4
:101F00004003EFF7B3F970438712031398466762F3
:101F1000CCE7802031004003EFF7A8F9684387122F
:101F200003139846A7629AE74B46032B09D0330068
:101F30004646984658E734220221A35C0B43A3543B
:101F4000CAE7013F3D004CE70122002FA1DCBEE7BC
:101F5000C5130110F0B557464E464546DE46E0B57E
:101F60001F00B42387B00600904603915B009F4298
:101F70006FDB6825FF35B423109A5B009A4264DB5F
:101F80006824FF34A246A946631BA54203DD230053
:101F90006933FF335B1B88223000B35203994246FA
:101FA00035617461083006F0E7FC314B3360012382
:101FB0003371B32F00DC0023B3220021DBB2059381
:101FC000109B1098DB0F82424B41DBB20493182325
:101FD0009C46B444E346B42F44DC2DB24F465A37F6
:101FE00038B2F2F715FF039B4011C7182800F2F72B
:101FF0000FFF059A40110192424680183B00009065
:1020000003995846FFF7DAFE109B5036B42B24DCB8
:1020100024B250465A3000B2F2F7FAFE45112000C1
:10202000039FF2F7F5FE4246049B4011801801938E
:10203000009039003000EB19FFF7C0FE07B0F0BC8C
:10204000BB46B246A946A046F0BDD443E4171440AF
:1020500098E7FD43ED173D408DE75346B43B9A4664
:102060001CB2D6E74B46B43B99461DB2B6E7C04614
:1020700089190110F0B54546DE4657464E46E0B593
:1020800080468FB008000E0015001F0006F064FCAB
:102090000400300006F066FC844200DD0400641099
:1020A000AC4200DD2C000FCE464632610122736146
:1020B000337F174093433B43E5433377CE4BED17D4
:1020C000336002232540B060F160B5613371002CAC
:1020D00008DC002333620FB0F0BCBB46B246A94611
:1020E000A046F0BDC54E30000B9607F087FF3000CC
:1020F000336B5D38FF389D4200D1A4E1D4235B00EF
:10210000C3589D4200D188E2E2235B00C3589D4240
:1021100000D184E2F0235B00C35803219D4200D12B
:1021200092E1C4235B00C358002B26D1D2235B006D
:10213000C358002B00D01FE1C2235B00C2581C33E0
:10214000C3589A4200DC19E2E0235B00C358002B1D
:1021500000D155E2EE235B00C358A94F002B20D1DC
:1021600038009138FF38EC235B00C2583B699A4233
:1021700017DAC930FF30070013E0D2235B00C358E1
:10218000002B00D1DEE0E0235B00C358002B00D120
:102190000EE2EE235B000B9FC3586C37002B00D080
:1021A000FCE17B6901337B6101230F2C05DDFA2201
:1021B0002B119200934200DD13003B6143463868C7
:1021C0001F62BD61002801D0F3F754FE6E1C700041
:1021D00080194000F3F732FE3860002800D1C9E0D2
:1021E0006B000233C318FB60AB0098460433C3187E
:1021F0007860BB60012C00D1F1E03001F3F728FEDC
:10220000002800D1B7E0F3001B189A46444601238A
:102210001B1B02930023190053460893029BBC46E4
:1022200000260D9509908F00002B00DC85E03D1BFA
:102230006D000535ED18631E781C834200DA2DE130
:10224000002D00DCA7E0C01A4000053040195A1EDE
:10225000BC1CA24200DA21E1002800DCA0E0A41AA4
:10226000640005342018551EFC1CA54200DA15E157
:10227000002800DC99E0641B6400053420180290FB
:102280006C1E0437A74200DD08E19F100197099FEB
:10229000B000BA46089F0A96B8468044474603975E
:1022A00003273B401740049703272F4005976746B5
:1022B0007F688244B846B04447460697771CB846C4
:1022C000032727400797A710B946019F4F4572D0B3
:1022D000099F0430B946019F8144013F0C97089F34
:1022E00002363818019F9210974200D18CE0524676
:1022F0001760039A0A9D1160069A0C9F137063463B
:102300005A68535D1B0153554B461F606346049A40
:10231000016005980432121807985B68121840464D
:102320001A5463465A684346D35C01311B01135467
:10233000029B8F00002B00DD79E7CD000335ED18FF
:10234000230079E7E0235B000B9FC3583437002B51
:1023500019D1DE232B485B003A69C3589A4213DD3A
:10236000EE235B00C358002B00D04CE10700AD37D3
:10237000FF37F8E6FEE7FEE7E0235B000B9FC3585C
:102380001837002BE5D01F48EE235B00C358002B05
:1023900000D006E7E7E6C80005301A00401957E705
:1023A000CC000734150020185EE7CC000934201853
:1023B00002902C0065E752461760039A1160049A58
:1023C00001319B18059A9B18079A9B18069A13705F
:1023D00063465A68935D1B0193554646A8E7B423AC
:1023E00003700023FA6813805480BA6813800B9836
:1023F00007F024FE6FE6C046E11001109C0E00209D
:10240000D00E0020400D0020049AAD109B18AF4262
:1024100000D1D6E052461760039A0A9D1160069AD1
:10242000137063465A68535D1B0153554B460C9A13
:102430001A6063465A68059B0160079808331B18A9
:10244000404613546DE70021CB0076485A1A92009B
:10245000821817008937FF373E6885320136FF3210
:102460003E60012716680F2C00DD2F11FA255A1A3D
:10247000920082188532F619FF32AD00AE4200DDBF
:10248000B6E0166042465B1A9B007533FF33C318F3
:102490005D301362FF3007F0D1FD1CE6089B0D9DF7
:1024A0009A46099B2A0199464846521B1201521925
:1024B00093009B1A5C4A6746B218920080589912A2
:1024C000814200D1A3E080209B059B0D80008342C8
:1024D00000DC92E08020C000C31A5B43D8130F23B6
:1024E0001B1A484604328150504681507A689355F1
:1024F0007A68935D1B0193550136B31E14D43200E4
:102500005446B4464D469800265891006E502858BF
:1025100060507968C85C88540132013BF3D266464A
:10252000A246A9467600013EFB689C46002362460F
:102530001380002E1EDDBD68002400214F4660463A
:10254000620083527A5A2A809E420ADC11E079584E
:10255000914200DD11008AB201332A809E4208D0E8
:10256000990050464058A042F1D0013402359E42B5
:10257000E5DCB9464846F3F77DFC38E7E0235B002D
:10258000C358002B36D0EE235B00C358274F002BD7
:1025900000D006E638007538FF38E4E51C20F3F774
:1025A00057FC071E03D001235B42036106E6FEE7EA
:1025B000EE235B000B9FC3585037002B00D1D2E5B0
:1025C000EFE552461760039A0A9D1160059A9B1821
:1025D000069A137063465A68535D1B0153554B4668
:1025E0000C9A1A606346079A5B6801600C3296E6A3
:1025F0002E0046E70B9F1837ABE65B43DB1370E713
:102600000B9F3437A5E6AD30FF300700C9E55046D3
:102610008058814200D056E76FE7012114E702217C
:1026200012E7C046400D0020FFFFFF3FB40E002020
:10263000F0B54646D6464F46C0B50E00020096B0ED
:10264000283605000C003832310005A805F062FD7F
:10265000002859D03C23E35CAF6CDB075AD531002E
:10266000A26B00230DA8FFF705FD002305A8049326
:102670000DAB039306F070F90500F3F7DFFB069C42
:10268000089B06009C4239DCAB009A4643199846E9
:1026900007E052460021F2F72DFF089B0134A342C8
:1026A0002CDB2A00FF213000F2F724FF2300310049
:1026B000059A009503A8FFF733FB81460128ECD06B
:1026C0007B69BA6905993800C91AA21AF6F7ACFBFA
:1026D0004B46002BDDD032000330002DDDD01378C7
:1026E000FF2B03D001784B431B12037001320430DF
:1026F0004245F4D1089B0134A342D2DA3000F3F70B
:10270000B9FB0DA8FFF73AFB16B0E0BCBA46B146DC
:10271000A846F0BD3B68E06A984601382B6CEA6B2E
:10272000A96B009009A805F0BDFCBA69796952420D
:1027300009A8494205F0E0FC404609A9F6F708FD62
:10274000626B686C2B6CA96B0132009009A805F0D4
:10275000A9FCBA697969524209A8494205F0CCFC42
:10276000404609A9F6F7F4FCA36A606BE26AA96B1C
:10277000013B009009A805F095FCBA6979695242BD
:1027800009A8494205F0B8FC404609A9F6F7E0FC63
:10279000216B606B2B6CE26A0131009009A805F097
:1027A00081FCBA69796909A85242494205F0A4FC42
:1027B000404609A9F6F7CCFC51E7C046F0B54546BE
:1027C000DE4657464E46E0B58DB01C0006931DAB65
:1027D00001921A781EAB8846059019781A980791CD
:1027E000002800DCC4E0002A00D1C8E084461C9B1D
:1027F00000279C446146029100218A4641460026FA
:10280000BB461B9A0391169935126D182912002D9B
:1028100000DAA0E00398814200DB9CE05846179C58
:102820000012001904120494002800DA93E0019FBA
:10283000BC4200DB8FE0FF270740FF24BC46802717
:102840002C402F4200D012E17F252C1B64000994FC
:10285000022464420B940134A0468024044200D038
:10286000FEE07F206446001B40000A9001204042A9
:102870000890069D049F48007D434019059DAC4685
:102880008444285C079D1070604640781870002DC5
:1028900000D1F6E00D0045446C1C00D1C1E1039C61
:1028A000A54200DBEDE0089C049FE419671C00D101
:1028B0006AE3019FBC4200DBE3E00B986446010041
:1028C00061444978205C8946069C089980466143AA
:1028D0006046644640181578615C40788C468D42AD
:1028E0000AD0802167460A9C4900091B6943674357
:1028F000C9190912C9B28C4645450AD08021099CE4
:102900004900091B69434546654349190912C9B283
:10291000884661464144491011701D78854208D0AF
:1029200080210A9C4900091B604369430918091268
:10293000C8B24C464D4509D08021099F4900C91BAA
:1029400069437C4309190912C9B2894649464118AD
:102950004910197002E0514611701970189901332D
:102960007618199901328B440299994200D04AE7AE
:102970000DB0F0BCBB46B246A946A046F0BD00294A
:1029800000D09BE0012C00D0C3E184460020002150
:1029900081461B9B16980D129C442D18E24600247C
:1029A0001C9A2812002D4FDB80454DDD179E271203
:1029B000BF193E12B446002F46DB019E664543DD3B
:1029C000FF262E400296FF263E40B34680262E422A
:1029D00000D065E17F25029EAD1B6D0003950125AA
:1029E0006D42029580253D4200D063E15E4601279D
:1029F000013DAD1B6E007F42059D65442D5C1D7041
:102A0000FF251570002800D02AE10298451C00D14E
:102A10002FE14046012800D12BE16046002800D17B
:102A200060E101980138604500D170E218980133E7
:102A300009181998013224189A4599D016980D1240
:102A40002D182812002DAFDA48461870107018980B
:102A5000013309181998013224189A45EED187E7F5
:102A60006046803840000A900120089001E78025E8
:102A70006D4264196400099402240B94013CA04641
:102A8000EBE6002900D1C5E0039C013C8C4200D15B
:102A9000CEE00499002900D1B3E00C00019901397E
:102AA000A14200D05AE70899012900D056E7FF213A
:102AB0000A9C091B4843001218704FE7012C00D0F4
:102AC0008CE1844600208146404600211C9A0290F9
:102AD00016980F1294443F18E34600241B9B3812AB
:102AE000002F00DA81E0029D85427EDD179E2512CF
:102AF000B046A844454646462D12AA46002E74DB31
:102B0000019EAE4271DDFF263E404546B446FF269B
:102B10002E40802503963D4200D0D9E066467F25B1
:102B2000AD1B6D00049501256D42AC4607958025CF
:102B30004646354200D0C2E07F25039EAD1B6D00A6
:102B4000069501256D4203955546059E2D1877196A
:102B5000755D80461D70FF25E044157045460135C2
:102B600000D195E0029D454567DD039DA846D04410
:102B70004546013500D140E2019D45455DDD079E9A
:102B8000039DB85D7D5D844618788046854209D0F6
:102B900080204746069E4000801B754378434019BD
:102BA0000012C5B2C4450CD080204746049E4000A8
:102BB000801B4743380067467743C0190012C0B2F4
:102BC0008446280060444010187018980132091893
:102BD000199801332418934500D1C9E616980F12AD
:102BE0003F183812002F00DB7DE748461870107040
:102BF0001898013209181998013324189345EDD11A
:102C0000B6E60899013100D151E70199012900D0B8
:102C1000A4E64CE74146013103D00399012900D0D5
:102C200037E7FF21099C091B41430912197095E6FA
:102C30004146012900D02CE7F3E7002821D1604666
:102C4000013025D00298012822D05046002856D0C5
:102C5000019801385045B8D103980128B5D155E005
:102C60004546013D854200D0D7E60298012800D0B4
:102C7000D3E6FF2503982D1A2802401B001210707E
:102C8000D4E6029D013D8542DFD160460128DCD1BA
:102C9000FF2504982D1A2802401B0012107094E79B
:102CA000029D803D6D0003950125029580253D42E2
:102CB00000D19BE65D46803D01276E009CE68026A4
:102CC000039D7642AD196D000695012503953BE7FE
:102CD000802665467642AD196D0004950125AC4607
:102CE000079524E7781C03D00198012800D09DE6C1
:102CF000FF25AD1B2802401B0012107096E60398BA
:102D0000013003D00198012800D05EE7FF25069826
:102D1000C0E7844600201B9B00249C44E24600211F
:102D20008146C3461C9A4FE0BB4553DD179D2612D2
:102D300076193512A846002E4CDB019D454549DD2C
:102D4000FF2505400295FF253540AC46802505420C
:102D500000D0E7E07F20029D401B4000039001204F
:102D6000404202908020304200D0D4E065460138D5
:102D7000401B400004900120404284460598069D77
:102D8000C61940466843305C1870FF201070002F51
:102D900000D005E10298013000D10AE1584601282F
:102DA00000D106E14046002800D114E10198013825
:102DB000804500D136E1189801330918199801327D
:102DC00024189A4500D1D3E5169E081280190712DF
:102DD0000028A9DA484618701070ECE703009C46FA
:102DE0001B9A0021944463460293002300269A46CE
:102DF0001C987EE0984500DC85E0179C0D122D198B
:102E00002C12A346002D7EDB019C5C457BDD6446D5
:102E1000FF2727400397FF272F40B94680246746A6
:102E20003C4200D08CE07F24039FE41B64000894A4
:102E300001246442A446099480242C4279D17F2441
:102E40004D46651B6C0007940124644203945C4664
:102E5000059F069DB9466543ED18A9444C46049468
:102E6000FF247D5D157004706446E5186C1C00D16C
:102E7000AEE0A8456EDD039CA146D9444C46013422
:102E800000D1DDE0019C4C4564DD069B039D099C5F
:102E90005D43049B5D5D1B5D14789946A446AC427E
:102EA00009D080246346079F6400E41B7D435C4394
:102EB00064192412E5B2CC450DD080246746089BE6
:102EC0006400E41A67433C001F004B467B43E41850
:102ED0002412E3B299462B004B445B101370189BED
:102EE0000132F618199B0130C918029B934200D198
:102EF0003EE5169C3312A4469C44634664461B126E
:102F0000002C00DB76E7534613700370E7E7012FD0
:102F100000D08BE5ECE6604680384000049001204C
:102F200084462BE7029880384000039001200290ED
:102F300018E74D46803D6C0007940124039486E712
:102F40008027039C7F42E419640008940124A4466E
:102F5000099471E7002B34D16346013338D04346DE
:102F6000012B35D05B46002B3FD0019B013B5B45DD
:102F7000B5D1039B012BB2D1FF24079BE41A230296
:102F80001B1B1B120370AAE7002942D0039C651E7D
:102F9000A94200D08BE54146012900D087E540E6F3
:102FA00058460138874200D0FCE60298012800D03C
:102FB000F8E6FF260398361A3002801B00121070C4
:102FC000F9E64446651E9D42CCD16346012BC9D12A
:102FD000FF24089BD2E76046013003D00198012806
:102FE00000D0E8E6FF260498E5E7039B0133C3D051
:102FF000019B012B00D072E7BEE7002817D0029D8D
:10300000013D854200D081E66046012800D07DE682
:103010003EE64146013100D103E60399012900D083
:1030200045E5FEE56046012800D0C4E6DAE76046E3
:10303000013000D12CE60298012800D066E627E690
:10304000002B07D04446013C9C4295D16346012B9E
:1030500092D1BDE763460133BAD04346012B8BD1F1
:10306000B6E7C046F0B5C64604001D008369006A95
:1030700000B5002819D10130FF30834239D0206BD0
:10308000161AE06A081A00041900EEF7EFF8636AEE
:10309000C0182860E1693004EEF7E8F8A36AC018A8
:1030A000069B186080BCB846F0BDE06A0E1A216B22
:1030B0006069511A226970434A43801A626A0F009C
:1030C00090468022520093421AD019000002EEF777
:1030D000CDF88010404428602069636970437B43C9
:1030E000C018E1690002EEF7C1F8A36A8010C018A9
:1030F000D6E7E0699842C2D1090229601002CFE701
:10310000E2699A42E1D180104044286020696369F5
:1031100070434B43C018A36A8010C018C0E7C04674
:10312000F0B5DE464E4657464546E0B589B089467D
:103130001699019318AB93461B780090002966DD21
:10314000002B6BD100200021179B012A00D17EE1CA
:103150004C46013C0594129C0022A2460D12554497
:103160002F12002D00DAC2E0B94500DCBFE0139E4B
:103170000412A4192612B446002C00DAB7E0B345B5
:1031800000DCB4E0FF262E400296FF262640B04623
:1031900080262E4200D0C1E07F25029EAD1B039504
:1031A00001256D428026264200D0B1E07F244646AC
:1031B000A41B0494012464420294199C019E7C4344
:1031C000A04664467443009E44443419A6789E7019
:1031D00066785E7024781C70FF24DC70002F00D1AC
:1031E000BEE0059CA74200D124E16446002C00D13A
:1031F000AFE05C46013CA44500D11FE1149C0132C4
:103200000919159C04330019169C9442A6D109B0E3
:10321000F0BCBB46B246A946A046F0BD00252E0034
:10322000149BC8469946129B3012C0180027179C61
:103230000312002858DB434556DA13992A12521814
:1032400011128A46002A4FDB59454DDAFF218C4680
:1032500001400291614611408C4600064AD47F200D
:103260000299411A03910121494208000591120671
:1032700048D47F226146521A04920122524202929D
:10328000199A51465A439446019A4A430099624416
:103290008A189178A1705178617011782170FF219E
:1032A000E170C1188C4601314BD0C44566DB002B60
:1032B00042D04246013A9A4200D1C4E05346002B24
:1032C00031D05B46013B534500D115E1159B0137D9
:1032D000ED18169B4E440434BB4298D0129B30121A
:1032E000C01803120028A6DA0023E370EEE70024DA
:1032F000DC7083E702990120803903910121059157
:103300001206B6D56246803A049201220292B7E7CD
:103310004446803C0494012402944EE7029D803D83
:10332000039501253EE7029B013302D05B46012B4A
:10333000CCD1FF22049B06E0013002D04346012B92
:10334000BCD1FF22039BD21A13029B1A1B12E370FB
:10335000BCE7029C013400D050E7FF27049C07E043
:103360006C1C03D04C46012C00D03EE7FF27039C89
:103370003F1B3C02E41B2412DC703FE702998C46A1
:10338000D4446146013100D1C9E0DC458FDA199996
:10339000059B06A84B43D3189978817059781B7800
:1033A0004170FF210370C170029B01984343D21802
:1033B000937806A883715378C1714371137862784A
:1033C0000371FF20237812021A43A37800061B041E
:1033D00013430799184305F0A7FB002800D1B5E077
:1033E0006278237812021A43A378E0781B0413430F
:1033F00000060699184305F097FB002800D065E702
:10340000039A06ABDA706278237812021A43A37823
:10341000E1781B04134309061943069805F03EFCA6
:1034200003041B0E6370030220701B0E000EA370BA
:10343000E0704BE7012D00D0D7E697E7029C012C06
:1034400000D0DBE689E7012800D037E779E7802460
:10345000A0464C46013C029400240022A2463CE0D7
:10346000A14540DD139E0512AD192E12002D3ADB49
:10347000002E38D1FF363E40B44646463E4235D156
:103480007F266746F61B019601267642B3467F26C5
:10349000771B46462E4201D0803D2F00199D009E8D
:1034A00065437519AE789E706E785E702D781D70CC
:1034B000002C26D0029DA5423CD0FF25ED1B2C02FE
:1034C000641B2412DC70149C01320919159C04330E
:1034D0000019169C944200D199E6129C0F123F19D4
:1034E0003C12002FBCDA5446DC70ECE76646803EA6
:1034F00001960126B346CAE7029B012B00D0E5E600
:1035000017E75C46013402D04C46012CD5D1FF258B
:10351000019C2D1B2C02641B2412DC70D3E7002BB2
:103520000CD04246013A934200D002E7012800D075
:10353000FFE606E75C46012CBFD1E8E7013000D189
:10354000FFE64346012B00D0F3E6FAE6049A06AB09
:10355000DA716278237812021A43A378E1781B04A7
:10356000134309061943079805F098FB03041B0E43
:103570006370030220701B0E000EA370E0702FE733
:10358000F0B54E46DE4645465746E0B58DB0894615
:10359000029319001DAB1D781A9E1EAB14009346B2
:1035A00003901A780595002E73DD4C43031906939A
:1035B000CB0F5B185B100793002A00D070E0002D42
:1035C00000D01DE1002400211C9B1B9A9819049037
:1035D0000192169D081240190512002800DAD0E069
:1035E000A94500DCCDE0179E2712BF193E12002F1F
:1035F00000DAC6E0B34500DCC3E0FF220240944697
:10360000FF223A4090468022024200D0EFE060461E
:10361000013A121A52000592012252429246802229
:103620003A4200D0DBE040460127013A121A52002C
:1036300006927F426A009046039A9446029AE044BA
:10364000724310004246125A01980280002D00D1A8
:10365000B2E1012252424A44954200D19EE1002E3D
:1036600000D14EE15A46551EAE4200D1C7E1FF22BD
:103670001A7088E05B46013B934200D189E12070DB
:10368000189B0235F618199B01349A44019BAB42F2
:103690000FD10DB0F0BCBB46B246A946A046F0BD66
:1036A0001B9D7300EB180193002300269A46C84621
:1036B0001C9C169B3112C9180B1200295EDB434576
:1036C0005CDA52461012179A80180212002855DB55
:1036D0005F46974252DDFF27B9460F40BC464F4632
:1036E0000740B94609065BD467467F21C91B4900DC
:1036F0000991022149420B9101318C460491000647
:1037000059D449467F20401A41000A91012149427B
:103710000891039F0298B9465043590040188144CC
:103720000499385A2880C818471C00D158E14045F0
:1037300000DAF4E00599FF20002906D006990798E1
:103740008C469C4461465043085C002B3AD00121D2
:1037500049424144994200D14CE1002A00D089E716
:10376000089B013303D05B46012B00D087E7FF2382
:103770000A9A9B1A58430012207081E70023237095
:103780007EE7002018701898019A091819980232DB
:103790002418049801330192984200D019E778E781
:1037A000614680394900099102210B9101398C460B
:1037B00004910006A5D54846803841000A910121B0
:1037C0000891A6E7049B591C02D04346012BC4D1A3
:1037D000FF23099A9B1A58430012207050E7802259
:1037E00052429044424652000127069222E780222C
:1037F00052429444624652000592012292460EE7DC
:10380000B0461C9B1B9A98444446002000219246D7
:103810000194169C0E1236193412002E46DBA14577
:1038200044DD179D07127F193D12002F3EDBAB458B
:103830003CDDFF2232409446FF223A40049280222F
:10384000324240D17F226646921B520005920122ED
:103850005242904680223A4240D17F22049E971BDA
:1038600001267A0004927642039A67009446BC448B
:103870006246029F6F43D75B52461780069A17191C
:10388000079A6A43BA5C9446002C00D19EE04A46EF
:10389000013AA24200D188E0002D25D05A46541E9C
:1038A000AC4200D1AFE062461A7001E000241C7007
:1038B0000222189C01330919199C92440019019C99
:1038C0009C42A6D1E5E680266246764292195200D5
:1038D00005920122904680223A42BED0049F0126E2
:1038E000803F7A000492BFE7771C02D05A46012A33
:1038F000D9D1FF24049AA41A6246544324121C709E
:10390000D6E77D1C03D05A46012A00D0AFE6FF2639
:10391000069AB61A3502AD1B2D121D7033E7089FAB
:10392000B818411C73D0584500DB03E749460B9893
:10393000095A38000491029979434F46795A8946C9
:10394000059900296FD0079F7A43D218069B7843C8
:1039500099189B5C624623708A5C095C8B4208D094
:1039600080200A9F4000C01B794358434018001232
:10397000C1B2934208D08020099F4000C01B7A4307
:1039800043439B181B12DAB28918491021704CD19D
:1039900076E6089B012B00D071E6E8E65246012A44
:1039A00000D05CE6FF26059AB3E74246012A00D024
:1039B00072E7FF24059A9EE75246551CF2D04A460C
:1039C000012AEFD0002E00D04CE69AE74246541C64
:1039D000EFD04A46012AECD0002D00D05EE783E705
:1039E000059BFF20002B00D1F2E6079B5A43069B64
:1039F000985CEDE6049B012B00D0AEE6E8E6012FD3
:103A000000D034E683E7012E00D04CE771E705993A
:103A1000002900D092E6002B27D04246013A93427B
:103A20001ED0FF20A3E6FF2323702988494503D138
:103A3000049B994500D123E66B4628331A78484603
:103A400005F086F86B46814624331A782988049855
:103A500005F07EF87F22494605F07AF828800FE6C7
:103A6000049B012BDDD1FF20B2E6049B591CFAD048
:103A70004346FF20012B00D072E6A9E6F0B5DE46F2
:103A800057464E464546E0B5BFB0499D0F934BABF8
:103A90001E780A926B6C2A6CEC6B379238936A6DC5
:103AA0002B6D1890119160420A211A921B93399044
:103AB000EDF7DCFB43071B1A9B001B1A5B008146DA
:103AC000471C00B21C1BF1F7A3F9804638B2F1F78E
:103AD0009FF949465A31824608B2F1F799F94946A9
:103AE0005B31070008B2F1F793F90A23191B8946E5
:103AF00083464146484648435146614340180A219F
:103B0000EDF7B4FB49464F4359464C4340110A2157
:103B100035903819EDF7AAFB1B9B1A9A189C401197
:103B20001B0236903A93200013023B9304F014FFDB
:103B30008146200004F016FF12900F2E01D100F0F4
:103B4000C9FD142E01D100F08BFC062E03D0152EDA
:103B500001D000F0C9FD4A46129B53434C9A9B1872
:103B60000D934B460C935D23EC5CEB6B1793002B92
:103B700000D1CEE200239A469B4614930023139370
:103B8000129B002B6CDD102323401E93DB06DB0F02
:103B900019934C9B063E4B440B93002398460E937F
:103BA000F3B216939B001C93D84B5F461D9343467C
:103BB00010930C9BD0469A46179B002B00D1B1E086
:103BC000189D109B6C682968E4181B9B22003C938D
:103BD0001A9B31A83D932CAB00932BABFFF742FA15
:103BE0002EAB2200A96831A800932DABFFF73AFA5B
:103BF0004B462B9F2C9C012B00DC86E22D985E1EF1
:103C0000C01B31000002EDF731FB80462E983100D9
:103C1000001B0002EDF72AFB8346803480370C94AA
:103C2000169B152B1CD81D9B1C9A9B589F46249BAA
:103C3000D0465F469A464C9B53444C930D9B002BB9
:103C400001D04B440D930E9A1399109B52180E926B
:103C50000B9A013352440B92129A10939A42ABDCA6
:103C60003FB0F0BCBB46B246A946A046F0BD012419
:103C70005A4656460C9B4C9D48460392424619991B
:103C8000059508910D990490069102920A99019365
:103C90000F9A489B119807940097FEF78FFD0D9996
:103CA000AD19002901D101F076FB4C95109DB2466B
:103CB000129E6B1C9E42D3DD0A0013980E994A4453
:103CC00009180B980D9250440B9017980E910028EC
:103CD00001D001F02CF9199B069208934C9B149A81
:103CE00005934B460493434602930B129B18039093
:103CF00001930F9A489B0A991198079400970235EF
:103D0000FEF75CFD1095AE42AADD4C9B139A53441E
:103D10004C930D9B4B440D930E9B9B180E930B9B4A
:103D200053440B930E9B149A1B129B180C93002365
:103D30009B4675E74B46002B00DC7CE71E9B002B67
:103D400000D03DE20F9B4C9C012B01D100F005FF00
:103D50005A4615925246BB4600250026C246002709
:103D6000249255E00A9A424558DD0C993A125218AD
:103D700011121F91002A51DB0F9888424EDDFF215E
:103D80001140FF208C4680211840194201D001F0DB
:103D90006BF97F231B1A229301235B42219380231B
:103DA000134201D001F059F96246013B9B1A23935B
:103DB00001235B422093489A1F9B200053434246B5
:103DC0009100119A5118C9180422EDF77DFB434662
:103DD000002B01D001F0B6F9219B013301D101F094
:103DE000BCF90A9B012B01D101F0B7F91F9B002BF5
:103DF00001D001F043FA209B013301D101F04AFACE
:103E0000159B013655440434FF18B14500D10EE727
:103E10002B125B441A129046002BA3DA0023236076
:103E2000EEE74B46002B00DC05E71E9B002B00D085
:103E300021E30F9B012B01D100F01EFF489B012BBA
:103E400001D001F044FC00210022D4464C9B159780
:103E50004AE00A9CAC424DDD0C9E0C12A4192612BD
:103E6000002C47DB0F9FB74244DDFF270740BA46CF
:103E7000FF2727401F978027074201D001F046F90E
:103E800057467F20C01B40002090012040428246C0
:103E90008020204201D001F019F91F9C0138001B3D
:103EA000012440001F90119864428019405D1870F1
:103EB000002D01D001F017F95546013501D101F06F
:103EC0001DF90A9D012D01D101F018F9002E01D034
:103ED00001F0E7F9013401D101F0EDF90B9801335C
:103EE0004244594498420DD0159C101200190512F5
:103EF0000028AEDA002018700B9801334244594470
:103F00009842F1D1E246159F95E6C04658890310C4
:103F10004B46002B00DC8EE61E9B002B00D03AE3C4
:103F20000F9B0D9A012B01D100F05FFE4C98544677
:103F30001590484613004A44944600210022B94691
:103F40002394249055E00A9DB54257DD0C9F0D1235
:103F5000ED192F12002D51DB0F98B8424EDDFF20D6
:103F600020401F90FF20284082468020204201D020
:103F700001F088F87F241F98241A60002190012006
:103F8000404220908020284201D001F073F854462E
:103F90000138041B60002290012040421F90489D80
:103FA00011987D4374000419645B159864BA048009
:103FB000002E01D001F0B2F82098441C01D101F08C
:103FC000B8F80A98012801D101F0B3F8002F01D008
:103FD00001F046F91F98441C01D101F04CF9FF2073
:103FE00018701598013302304244159059449C458D
:103FF0000ED014124C442612002CA4DA00241C709B
:104000001598013302304244159059449C45F0D133
:10401000239B4F469A46249B99460CE64B46002B21
:1040200000DC08E61E9B002B00D05AE10F9B4C9C45
:10403000012B01D100F06EFE5A4615925246BB4646
:1040400000250026C2460027249255E00A9A4245E0
:1040500058DD0C993A12521811121F91002A51DBA7
:104060000F9888424EDDFF211140FF208C468021B1
:104070001840194201D000F0EAFF7F231B1A229357
:1040800001235B4221938023134201D000F0D8FF2B
:104090006246013B9B1A239301235B422093489A7B
:1040A0001F9B2000534342469100119A5118C91892
:1040B0000422EDF709FA4346002B01D001F056F82F
:1040C000219B013301D101F05CF80A9B012B01D146
:1040D00001F057F81F9B002B01D001F084F8209BC2
:1040E000013301D101F08BF8159B0136554404349E
:1040F000FF18B14500D19AE52B125B441A12904685
:10410000002BA3DA00232360EEE700239B469846AA
:1041100083E50A9B296D5A1E2B6C521A53431B12BE
:104120005A180F9B696D581E6B6C401A43431B1243
:104130005B1818990968914200DDF5E218988568C6
:10414000954200DDE9E2189A52689A4200DDDDE20C
:104150001898C7689F4200DDD6E21B9B31A83C93AC
:104160001A9B3D932EAB00932DABFEF77BFF30AB3C
:104170003A002900009331A82FABFEF773FF00230C
:104180009A464B462D9F2E9D012B06DD2F98591EDA
:10419000C01B0002EDF76AF8824680239C46AC44BF
:1041A0009B4663461493129BBB44012B00DCE5E461
:1041B0003098591E401B0002EDF758F81390E2E4C6
:1041C0005A46002315925246CB4600250026BA4691
:1041D00099464C9C26922B1253441F12002B65DBF0
:1041E0000A9ABA4262DD4A460C991212521811120A
:1041F0001F91002A5ADB0F98884257DDFF2111409A
:10420000FF208C4680211840194263D17F231B1A5E
:10421000239304235B42259303332093802313428B
:1042200052D16246013B9B1A249301235B422293A5
:10423000489A1F9B11995343BA009A188918200075
:1042400004222191EDF740F920983B185A1C01D126
:1042500000F07BFE0A98984201DD00F044FC002F3C
:1042600001D000F067FE0A9B012B01D100F06DFE2A
:104270001F9B002B01D000F0B9FE229B013302D01E
:104280000F9B012B14D17F232499E2785B1A5343AF
:10429000DB11E370159B0136454404349944B34562
:1042A00099D1269B5746D9469A46C4E400232360F9
:1042B000159B0136454404349944B3458BD1269B64
:1042C0005746D9469A46B6E461460123803924917F
:1042D0002293ADE7042380382593033B239020935A
:1042E0009CE75A46002315925246BB46C24600241C
:1042F000C846002799464C9E269223125B441D1205
:10430000002B00DA8EE00A9AAA4200DC8AE04A46D4
:104310000C991212521811121F91002A00DA81E032
:104320000F9888427EDDFF211140FF208C468021BE
:104330001840194200D08CE07F231B1A23930423DA
:104340005B42259303332093802313427BD1624643
:10435000013B9B1A249301235B42229348991F9AA5
:1043600011984A43AB00D118411804223000219122
:10437000EDF7AAF820982B185A1C01D100F00DFE79
:104380000A98984200DD1FE3002D01D000F0FAFDED
:104390000A9B012B01D100F000FE1F9B002B01D0D6
:1043A00000F040FE229B013302D00F9B012B3BD13A
:1043B0007F23249AF1789B1A4B43DA11209200292B
:1043C00001D100F06AFFFF25FF202A4000021F9262
:1043D000ECF74CFFB1787378414343431F9A0912BD
:1043E0001B1229402B40514353433278090A504352
:1043F0001F9A001205406A431B0A120A7370209824
:10440000159B0137F070B1703270544404369944F2
:10441000B84500D071E7269BC1465F46D0469A4614
:10442000FFF709FC00233360159B01375444043621
:104430009944B84500D060E7269BC1465F46D04608
:104440009A46FFF7F8FB61460123803924912293B5
:1044500084E7042380382593033B2390209373E75C
:104460004B465B000C93129A0C9B53434C9A9B183F
:104470000D93FFF778FB489B012B01D000F0D7FF8D
:1044800000218C4641461F91514625914946002501
:1044900000224C9B15972691159910124018011275
:1044A000002867DB0A9E8E4264DD0C9C2E123619B2
:1044B00034122094002E5DDB0F9FA7425ADDFF24AB
:1044C0000440A146FF24344027008024044200D049
:1044D000F6E07F204C46001B400021900120404226
:1044E000804624908020304200D0E3E00138C61B93
:1044F0000127700022907F4220984618119881462B
:10450000805DB1444C46187081464046461823945D
:10451000701C01D100F0C9FD0A98B04201DD00F025
:1045200041FC002901D000F0B5FD0A99012901D113
:1045300000F0BBFD2099002901D000F0BAFD791CE4
:1045400002D00F99012917D1FF212298091A484654
:104550004143091219701F99013388460B9942444F
:104560005D44994298D1259B159F9A46269B994672
:10457000FFF761FB614619701F99013388460B995B
:1045800042445D44994287D1259B159F9A46269BBC
:104590009946FFF750FB4B4652464C9C5B001B195B
:1045A0001F93249200234A460025B9460D9E25926A
:1045B0001593281248440312002859DB0A9A9A429C
:1045C00056DD159A11120C9A89180A1200294FDB30
:1045D0000F9F97424CDDFF270740BA46FF270F4049
:1045E000BC46802707425CD17F205746C01B400055
:1045F00021900220404223900130209080200842E8
:1046000048D160467F21091A49002291012149427F
:104610008C464899119F51438A4659005144BA46E5
:104620008A44795A49BA218020995918481C01D1E5
:1046300000F09FFC0A98884200DD22E2002B01D0A6
:1046400000F08CFC0A9B012B01D100F092FC002AA7
:1046500001D000F0D9FC6346013301D100F0DFFC4A
:104660000F9B012B01D100F0DAFCFF23337001E036
:1046700000233370159B02345B4415931F9B454404
:104680000136A34295D1249B4F469A46259B9946D5
:10469000FFF7D1FA614680394900229101218C4609
:1046A000B7E750468038400021900220239001381F
:1046B0002090A3E73E00803E7000012722901BE778
:1046C000802040428144484640002190012080469D
:1046D000249007E7102004F019FA4B4643430C934B
:1046E00000230D93FFF73FFA300004F00FFA4B461A
:1046F00043430C93122E00D1B5E600230D931B2EDD
:1047000001D0FFF730FAAEE61F0026E518981A0030
:10471000C7689F4200DC20E5F6E71500189A52684A
:104720009A4200DC14E5F1E718981100856895427B
:1047300000DC08E5F1E701245A4656460C9B4C9DE7
:104740004846039242461999059508910D9904909F
:10475000069102920A9901930F9A489B1198079427
:104760000097FEF70DFF0D99AD19002901D100F05A
:104770002CFE4C95109DB246129E6B1C9E4201DC95
:10478000FFF76EFA0A0013980E994A4409180B981D
:104790000D9250440B9017980E91002800D0C6E35C
:1047A000199B069208934C9B149A05934B460493CD
:1047B000434602930B129B18039001930F9A489B58
:1047C0000A991198079400970235FEF7D9FE1095C3
:1047D000AE4201DDFFF799FAFFF742FA00245A468C
:1047E00056460C9B4C9D48460392424619990595A6
:1047F00008910D990490069102920A9901930F9ADB
:10480000489B119807940097FEF7BAFE0D99AD19D1
:10481000002901D100F06DFD109C4C95129D631C88
:10482000B2469D4201DCFFF71BFA0E98139A4944E9
:1048300080180B9A0D9152440B92179A0E90002AF1
:1048400000D074E3199B0792089313004C9A0393CA
:1048500005924A4643460492149A029303129B1807
:10486000069101930F9A489B0A9911980097023478
:10487000FEF786FE1094A54201DDFFF746FAFFF72A
:10488000EFF903245A4656460C9B4C9D1999039206
:1048900006914246494605950491029201930F9A6A
:1048A000489B0A99119807940097FEF739FC0D9BD5
:1048B000AD19002B01D100F03AFD4C95109DB24688
:1048C000129E6B1C9E4201DCFFF7CAF90D9A1399E8
:1048D0004A440D920E9A52180B990E9251440B9124
:1048E0001799002900D022E3199B039106934C9B52
:1048F0000A9905934B460493434602931312149A64
:1049000011989B1801930F9A489B079400970235C2
:10491000FEF706FC1095AE4201DDFFF7F6F9FFF752
:104920009FF900245A4656460C9B4C9D48460392DC
:1049300042461999059508910D99049006910292A5
:104940000A9901930F9A489B119807940097FDF7D5
:1049500035FF0D99AD19002901D100F002FD109C21
:104960004C95129D631CB2469D4201DCFFF778F91D
:104970000E98139A494480180B9A0D9152440B9249
:10498000179A0E90002A00D0D1E2199B0792089343
:1049900013004C9A039305924A4643460492149A94
:1049A000029303129B18069101930F9A489B0A9950
:1049B000119800970234FDF701FF1094A54201DD24
:1049C000FFF7A3F9FFF74CF91F9B22981B185A1CFD
:1049D00001D100F0E1FE0F9A9A4200DCD4E4219963
:1049E000259A8B188A5C20925A7821929A78229282
:1049F0000200DB781F93489B5A438B188A5CF1783E
:104A000025925A7827929A782892DD782991002960
:104A100001D100F0C1FFFF200002ECF727FCB178C4
:104A200072783378414342435843091212120012FC
:104A3000C9B2D2B2C0B21F9B30707270B170002B7D
:104A400001D000F06BFF002D01D000F0A9FF249DE4
:104A5000FF335B1B299D6B431B12DBB29C46FF257A
:104A6000239BED1A63466B431B12DBB2F370594371
:104A70005A434343091212121B12B1707270337001
:104A8000D2E461465118481C01D100F094FE0F9801
:104A9000884200DCD2E55346239A48999B5A5BBA78
:104AA0009AB263464B435146C85AFF23337040BA0B
:104AB000218880B21700884202D1824200D1D9E514
:104AC0006B4688331A7804F043F86B468246843389
:104AD0001A782188380004F03BF87F22514604F010
:104AE00037F82080C6E51F9B22981B185A1C01D15D
:104AF00000F06AFE0F98984201DCFFF7B0FB219AA4
:104B0000259F2DA8D71939000422ECF7DDFCFB788E
:104B1000229F1F93489B219A5F43D7193900042293
:104B20002EA8ECF7D1FCFF78002F01D000F0E8FFB1
:104B3000FF232499E2785B1A53431B12E3701F9BF7
:104B4000002B01D000F0A3FF2399E278FF335B1A1A
:104B500053431B12E370FFF7ABFB5A4615925246C4
:104B6000BB46002600250027229233125B441A120E
:104B70009246002B00DAC7E10A9A524500DCC3E1F5
:104B80000C993A1252181112002A00DABCE10029DD
:104B900000D0B9E18020FF311940184200D092E3E3
:104BA0007F235B1A219301235B4220937F239B1A6F
:104BB0001F938023134201D0803A1F9253469900DD
:104BC000119B042259182000ECF77EFC5346002B61
:104BD00000D068E1209B013300D16DE10A9B012BDD
:104BE00000D169E17F221F9B68E113004A442092B3
:104BF0004246002000214C9C15971F92159A0E12D8
:104C0000B6183512002E00DA7BE10A9AAA4200DCBF
:104C100077E10C9F0212D2191712002A00DA70E114
:104C2000002F00D06DE1FF373740B846802737426C
:104C300000D055E347467F26F61B760021960126D5
:104C40007642B0468026164200D041E37F26B21A53
:104C500052006E003700119EF65B76BA2680002D5A
:104C600000D0CAE04546013500D1CFE00A9D012DB4
:104C700000D1CBE0FF25CBE0489B012B01D000F019
:104C8000DBFD00229446424615925A460020002140
:104C9000D3464C9B1F920E12F6193412002E00DAE6
:104CA00035E10A9AA24200DC31E10C9D0212521950
:104CB0001512002A00DA2AE1002D00D027E1FF3585
:104CC0003540AA468025354200D09BE356467F25D5
:104CD000AD1B6D00209501256D42AA468025154229
:104CE00000D08CE37F25AA1A5200119D2D5DA846A5
:104CF000002C00D08FE35446013403D00A9C012CD1
:104D000000D08DE3FF22209C121B44466243121206
:104D10001A70FEE05A46159252460026CA460025F1
:104D2000B946C3460027229233124B441A129046CA
:104D3000002B00DAD4E00A9A424500DCD0E00C995E
:104D40003A1252181112002A00DAC9E0002900D0E4
:104D5000C6E08020FF311940184200D0BBE27F231B
:104D60005B1A219301235B4220937F239B1A1F939D
:104D70008023134201D0803A1F9243469900119B31
:104D8000042259182000ECF79FFB4346002B52D118
:104D9000209B013356D00A9B012B53D07F23E1780F
:104DA0001F9A52E0209EF619701C01D100F03BFDC5
:104DB0000F98B04201DCFFF7B4FB2498E65D205C5D
:104DC000484509D080214F46229C4900091B604379
:104DD000794309180912C8B24E4509D080214F46BF
:104DE000219C4900091B66434F43B9190912CEB2F1
:104DF000801940101870FFF7BFFB0A9E013EB542B4
:104E000000D037E74546012D00D033E7FF25219A32
:104E1000AD1A2A02521B12121A701F9A01339446BD
:104E2000209A6144023458449A4200D0E6E6E046B3
:104E3000159FFEF700FF0A9B013B4345AED1209B27
:104E4000012BABD17F23E178219A9B1A4B43DB11D5
:104E50009846002900D19AE3FF22FF201A40000261
:104E60001F92ECF703FAFF23A1788446414309120D
:104E7000194063781F9A4343FF201B120340209080
:104E80006046514353432278090A4243FF201212DD
:104E900002401F981B0A4243120A4046A170E0706C
:104EA000637022701EE00A9B013B534500D099E6D7
:104EB000209B012B00D095E67F22219BD21AE3781C
:104EC0005343DB11E370159B013546440434FF184E
:104ED000A94500D049E6229B5F469A46FEF7ABFE05
:104EE00000232360159B01355E440434FF18AA4556
:104EF00000D019E7229B4F46D846D1469A46FEF786
:104F00009AFE00221A7088E700232360DBE76246DE
:104F10001A70159A013389181F9A80180B9A9A42B1
:104F200000D0B8E6159BDA469846FEF784FE10934B
:104F3000FEF746FE0A9B013B9F4201D0FFF798F91E
:104F4000209B012B01D0FFF793F97F232399E2786F
:104F50005B1A5343DB11E370FFF7AAF90A99013991
:104F60008B4201D0FFF773FB209B012B01D0FFF791
:104F70006EFBFF22219BD21A13029B1A1B12337065
:104F8000FFF778FB0A9B013B9D4201D0FFF705FA32
:104F9000209B012B01D0FFF700FA7F25239BF1789E
:104FA000ED1A4D43EB112093002900D175E1FF224A
:104FB000FF201A4000021F92ECF758F9FF231D0052
:104FC000B1781F9A41430912194073785143434302
:104FD0001B122B4053433278090A42431F98121286
:104FE0002A4042431B0A120AFFF708FA1A000F9BD5
:104FF000013B9A4201D0FFF75BF9229B012B01D0C4
:10500000FFF756F9FFF73FF90F9B013B9A4201D09A
:10501000FFF72BFB6346012B01D0FFF726FBFF2296
:10502000229BA8E71A000F9B013B9A4201D0FFF791
:10503000FBF9229B012B01D0FFF7F6F9FFF7B8F936
:1050400061460123803923912093FFF728F801233B
:10505000803822902193FFF716F8614601238039AA
:1050600023912093FEF7A7FE0123803822902193FD
:10507000FEF795FE5446803C6000229001201F9070
:10508000FEF78DFF1F9C803C600021900120209046
:10509000FEF778FF0A98461E8E4201D0FFF74AFAC3
:1050A0004146012901D0FFF745FAFF212198FFF77A
:1050B0004DFA08000F990139814201D0FFF75CFADF
:1050C000012F01D0FFF758FAFFF73EFA1F9801248D
:1050D000803840001F9011988019405D1870002D95
:1050E00001D1FEF7E9FE0A9F013FAF4201D0FEF772
:1050F000EDFE5546012D01D0FEF7E8FEFF24209D70
:10510000641B444324121C70FEF7E8FE50468038AE
:105110004000209001208246FEF7BAFE0A98441E05
:10512000A64201D0FEF752FF2098012801D0FEF7D9
:105130004DFFFF2521982D1A2C02641B24121C7090
:10514000FEF74FFF0A9B013B434501D0FEF74EFEA1
:10515000219B012B01D0FEF749FE7F22229BD21A10
:10516000E3785343DB11E370FEF74AFE0A9B013BF1
:10517000984501D0FEF7AEFF219B012B01D0FEF731
:10518000A9FF7F23229AE1789B1A4B43DB119846B3
:10519000002900D1F8E1FF22FF201A4000021F92EF
:1051A000ECF764F8FF23A1788446414309121940C3
:1051B00063781F9A4343FF201B12034020906046F0
:1051C000514353432278090A4243FF2012120240FE
:1051D0001F981B0A4243120A4046A170E070637098
:1051E0002270FEF781FF1A000F9B013B9A4201D00B
:1051F000FEF77AFF209B012B01D0FEF775FF7F237E
:10520000239AE1789B1A4B43DA111F92002900D1AF
:10521000C0E1FF23FF2098461A4000022092ECF7DD
:1052200025F84346A178209A414309121940514379
:1052300042466378090A43431B121340209A5343A2
:1052400022781B0A424340461212024020984243F1
:10525000120A1F98A170E07063702270FEF744FF7D
:105260000F98441EA74201D0FEF7B9FE1F980128EF
:1052700001D0FEF7B4FEFF2522985CE71A000F9BD1
:10528000013B934201D0FEF7BBFD209B012B01D0D7
:10529000FEF7B6FD7F22239B61E700220023FFF784
:1052A000ADF80F9D013DB54201D0FEF717FE012C70
:1052B00001D0FEF713FEFF241F9D641B44432412FC
:1052C0001C70FEF70BFE01238039219120936DE4C1
:1052D000803A5200BDE4012380392191209344E5B6
:1052E00080267642B0444646760021960126B04696
:1052F000A8E4109B129A013310939A4201DCFEF746
:10530000AFFC0E9B139A9B180B9A0E939446B444D1
:1053100062460B92179A002A05D1149A1B129B1809
:105320000022FFF760FAB2464C95FEF749FC109B4D
:10533000129A013310939A4201DCFEF791FC0E9B06
:10534000139A9B180B9A0E939446B44462460B92A0
:10535000179A002AE7D1149A1B129B180022FFF714
:1053600095FA109B129A013310939A4201DCFEF7D2
:1053700077FC0E9B139A9B180B9A0E939446B44499
:1053800062460B92179A002ACDD1149A1B129B18D1
:105390000022FFF7CBFA109B129A013310939A4226
:1053A00001DCFEF75DFC0E9B139A9B180B9A0E9383
:1053B0009446B44462460B92179A002AB3D1149AC9
:1053C0001B129B180022FEF757FC109B129A013308
:1053D00010939A4201DCFEF743FC0E9B139A9B1834
:1053E0000B9A0E939446B44462460B92179A002A85
:1053F00099D1149A1B129B180022FFF7A1F9803A49
:10540000520072E480256D42AA4455466D002095F5
:105410000125AA4662E40A9D6E1EA64200D137E12C
:10542000FF24A41A4246544322121A7071E5002246
:10543000944642461F925A462092524624924A4629
:10544000002000244C9B15972592159A2612B61819
:105450003212002E71DB0A9991426EDD0C9D011211
:10546000A8468844414645460912002D65DB0F9D3C
:105470008D4262DDFF253540AB464746FF253D4066
:10548000AA468025354275D15E46013DAD1B6D00B3
:10549000219501256D42A946239580254646354232
:1054A0005FD15646013DAD1B6D00229501256D4231
:1054B000AB46489D119E4D43A84635009044474653
:1054C00045449046F65DC844B2461E7046460136D5
:1054D00000D1EFE00A9E464500DCC3E08846D84490
:1054E0004646013600D143E30F9E464500DCB9E055
:1054F000239A489EA95C5A467243AA5C90468A4504
:1055000009D080225646229D5200521B69437243A5
:1055100052181212D1B2C2450BD080225646219D9C
:105520005200521B724346466E4392191212D2B277
:10553000904641444910197001E062461A701F9A62
:105540000133A418209A80180B9A9A4200D07CE765
:105550001F9B159F9846249B9A46259B9946FEF7CC
:105560006AFB80256D42AA4455466D0022950125AF
:10557000AB469EE780256D42AB445D466D002195AC
:105580000125A946239588E70022002324E600226E
:10559000002382E4002200235BE65B460424C3462A
:1055A0000E9DB8464C9E109F14E0129A0137BA42E5
:1055B00001DCFEF755FB4B440D93139BED180B9B41
:1055C00053440B93179B002B68D1149A2B129B18F2
:1055D0000C93002303935B46199A02930C9B06924B
:1055E00001934A4643460596049200930F9A489BBE
:1055F0000A9911980794FDF793FD0D9B5644002BD3
:10560000D3D1129A7B1C9A4201DCFEF729FB139836
:105610000B9A2D18179852440B92002800D0F0E0F6
:105620001999149A069149460491594602914146A6
:105630002B129B18039001930091489B0A990F9A93
:10564000119807940596FDF76BFD12990237B94240
:1056500001DCFEF705FB0B9B1398534456442D18B1
:105660000B93B2E7002A1ED10A9A012A22D0002900
:1056700023D15A46013203D00F9A012A00D05EE7A7
:10568000FF222299521A51464A4312121A7056E7C3
:105690005446012C00D0C3E6FFF734FB10970E955B
:1056A0004C96FEF78DFA0A9D013DAA42DFD14A468B
:1056B000012ADCD1FF222199E4E70F9A013A9142B5
:1056C00000D03CE75A46012A00D038E7D8E700214D
:1056D0008C464946002500224C9B1597229140E0BC
:1056E0000A98A04243DD0C9E281280190612002859
:1056F0003DDB0F9FB7423ADDFF270F401F97FF2783
:105700000740B94680270F423AD17F211F9FC91B0E
:1057100049002091012149421F918021014229D154
:1057200048460139091A0120490021914042119F40
:105730004899B946A1444F467143795C1970002CD1
:1057400051D11F9C013455D00A9C012C52D0002EFF
:105750005CD1013060D00B99013342445D449942E1
:1057600015D01598111209180C120029B8DA6146E3
:105770001970F0E749468039490001202191D6E7A8
:105780001F9980394900209101211F91C5E7229B73
:10579000159F9946FEF74FFA0A9B002D05D0013B55
:1057A0009D4201D0FEF704FE209B012B01D0FEF7A5
:1057B000FFFDFFF7F2FB002B00D0A2E00A9B012BBC
:1057C00000D02CE4FFF7D5FB0A9B002F05D0013B4E
:1057D0009F4201D0FEF757FD209B012B01D0FEF721
:1057E00052FDFFF7B2FB0A9F013FA742AFD11F9CBA
:1057F000012CACD1FF20209C001B484300121870E4
:10580000A9E70E954C961093FEF7DAF90F9C013C30
:10581000B442A0D101289ED1FF20219C001B484307
:105820000012187097E7002900D023E10A99012996
:1058300001D0FEF789FE38E45A4615920B9A0026ED
:1058400093464A46002540464C9B20923FE00A9CE6
:10585000944241DD3412A4460C9CA44464462412B4
:10586000A0466446002C37DB4446002C34D1FF347C
:105870000C40A04680240C4237D144467F21091BAE
:1058800049001F91012149428846802461460C420B
:1058900025D164467F21091B4C001199895C8C46F7
:1058A000002A00D0D5E04246013200D1DAE00A9A5F
:1058B000012A00D1D6E0FF226146121B4A43121290
:1058C0001A70159A01332D18B6189B4514D0291259
:1058D000C9190A120029BADA00221A70F1E78021E8
:1058E00049428C4461464C00D7E741468039490023
:1058F0001F9101218846C8E7209B80469946FEF704
:105900009AF90A9A013A934201D0FFF788FB209B4B
:10591000012B01D0FFF783FBFFF72BFBFF201900C2
:105920000002EBF7A3FC229B43431B12DBB2229342
:10593000219B43431B12DBB22193209B584300124F
:10594000C3B22093002D2FD1FF23249A9B1A299AAA
:1059500053431D12F570219B209A19020A4311002E
:10596000229B1F9A1B041206194311437278337845
:1059700012021A43B378F0781B041343000618434D
:105980002F9103F0D1F8F378002800D1F7E0B17837
:1059900072783078FFF76BF800220020FFF74BF8A1
:1059A0000023229321932093FF2029000002EBF78C
:1059B0005DFCFF22279912024143259B1140289A42
:1059C000434350431B120212DBB2D2B212041943FA
:1059D00011432B0672781943337812021A43B378B5
:1059E000F0781B04134300061843309103F09CF831
:1059F000002824D1F378002B08D0FF222499521AD2
:105A000053430A006A439B181B12F370249A30AB6D
:105A1000DA707278337812021A43B378F1781B0483
:105A2000134309061943309803F038F903041B0E99
:105A30007370030230701B0E000EB370F0701F9B6A
:105A4000002B88D1F378B1789C4672783078FFF7D4
:105A500006F80A9901398A4200D02CE74246012A09
:105A600000D028E7FF221F99521A61464A431212BA
:105A70001A7026E70A980138884201D0FEF764FDC3
:105A80004146012901D0FEF75FFDFFF70EFB62786A
:105A9000237812021A43A378E0781B04134300060C
:105AA0002D99184303F040F8002801D0FEF700FCC0
:105AB000E378002B08D0FF222399521A5A431F9BE8
:105AC0004B43D3181B12E370239A20AB37331A7061
:105AD0006278237812021A43A378E1781B041343F7
:105AE000090619432D9803F0D9F803041B0E6370BF
:105AF000030220701B0E000EA370E070FEF7D8FBAF
:105B00006278237812021A43A378E0781B041343C7
:105B100000062E99184303F007F8002801D0FFF77C
:105B20000EF8E378002B07D0FF222499521A534332
:105B30004F43DB191B12E370249A20AB3B331A70DE
:105B40006278237812021A43A378E1781B04134386
:105B5000090619432E9803F0A1F803041B0E637085
:105B6000030220701B0E000EA370E070FEF7E7FF2B
:105B7000002A2ED10A9A012A00D081E59AE5002B4D
:105B800008D0FF222399521A5A431F9B4B43D31824
:105B90001B12F370239A2FABDA70727833781202EB
:105BA0001A43B378F1781B041343090619432F985D
:105BB00003F074F802040102030E120E090E307095
:105BC0007270B170F370C9B2DBB2D2B2C0B2FEF77C
:105BD0004EFF0A9901398A4200D051E54A46012A0E
:105BE00000D04DE566E5C046F0B557464E46454601
:105BF000DE46E0B58A6B0E6BD7B08A4613008D6A1D
:105C00000390B24200DD3300AB4200DD2B00514671
:105C10000A9353464C6BDB6BC86A1900A34200DD44
:105C20002100814200DD01000B91B24200DA320016
:105C3000AA4200DA2A000C92A34200DA230083422F
:105C400000DA0300039A0AA9383212A80D9302F071
:105C500061FA002800D120E1534652469B6A126B3C
:105C6000934200D1B0E15146896B1AAC08AD8B422A
:105C700000D11AE18A4200D192E151462800283130
:105C800002F076FE26002B0006CB06C65146280001
:105C9000303102F06DFE2A00330003CA03C35146BF
:105CA000280038311EAF02F063FE3B0006CD06C36C
:105CB0006268E3689A4200DD2DE16369934200DA8D
:105CC0002FE1E668B34200DD33E1A2681A9F9146F6
:105CD00062680EA890464A464146D21B5B1A53435F
:105CE00042462169B21AC91B4A4300219D1A10225B
:105CF000EBF7E4FBEB0FED434246390001932CA890
:105D00004B460096ED0FFCF759F823696268019540
:105D100060691A9900903AA8FCF750F8E268606947
:105D2000A1682369824200D119E148AC0090019535
:105D30002000A146FCF742F82CAB0E933AAB0F9330
:105D40004B4612A8109302F007FE0700F0F776F812
:105D500016AD06001022069012A92800EBF7B4FB3E
:105D60006B685146EB607D2306A84031032218186A
:105D7000EBF7AAFB52464323D35C20AC28222375C1
:105D80000023A3545246636263604F33D35C0AA876
:105D90001B071B0F9846A6612095256202F0DCFDCB
:105DA00006000AA802F0DEFD020050463100443031
:105DB000F8F7C2FF8346002800D1EFE000230593E7
:105DC0004346022B0DD10A9A129B25619B1A59005A
:105DD0000268C918521862604268D31805930F23ED
:105DE0002373139E159A964245DC4B460793534600
:105DF0000493069B99460AE0022B00D19FE0210004
:105E0000039804F041FA159B0136B34231DB3A00A6
:105E1000FF2148466E60EE60EFF76CFB33004946A9
:105E2000129A00970EA8FBF77BFF43462077012BC1
:105E3000E2D15B46002B37D00B9B06A8F31A9A469B
:105E40005B46196853465B005344C9187D230322FF
:105E50001818EBF739FB5B46524643215B689A5CA6
:105E6000049B22755B5CFC2BC9D853431B12237522
:105E7000C5E7079B99460698EFF7FCFF4846FBF7F6
:105E80007DFF2CA8FBF77AFF3AA8FBF777FF5B466C
:105E9000002B02D05846F9F719F857B0F0BCBB46B2
:105EA000B246A946A046F0BDFEE75146280028317B
:105EB00002F05EFD26002B0006CB06C651462800E8
:105EC000383102F055FD2B0003CB03C6514630316B
:105ED000280002F04DFD3300370006CD06C362698D
:105EE0006368934204DD3900200002F047FD6368D7
:105EF000E668B34204DD20001CA902F03FFDE6681D
:105F00006369B34200DCE0E639001CA802F036FD0C
:105F10006369E668D9E63100200002F02FFD62686F
:105F2000CBE63900200002F029FD6269E368934264
:105F3000D6DA39001CA802F021FD6269D0E7059B82
:105F4000002B00D15BE7022812D0012803D00028E3
:105F500000D054E757E7A361434623774FE748A8AB
:105F600081460220009201904846FBF727FFE3E6B6
:105F70004B46A361002F00DC41E70023B4464846AE
:105F80000599CA5CFC2A03D8C65C72431212C2543B
:105F900001339F42F5D16646814630E7059020E700
:105FA00051462800303102F0E3FC26002B0006CBDE
:105FB00006C651462800383102F0DAFC2B0003CB2C
:105FC00003C65146283183E7514608AD28312800E1
:105FD0001AAC02F0CDFC26002B0006CB06C65146BB
:105FE0002800303102F0C4FC2B0003CB03C651461D
:105FF00038316DE7F0B5DE4657464E464546904689
:106000000422E0B50F0083B099460193037D05009B
:106010001A4014009346002120223800EFF76AFA54
:1060200001236607F60F5E404B46F6B276421E40ED
:1060300000232C00AA469946350002E0E469002CB2
:1060400012D02B004246390020002668B0470028B5
:10605000F4D001227B7C1A4217D04B46002BEDD1A5
:10606000A146E469002CECD14B465546002B15D0D7
:106070001C685B465A425341019A5B421A40130026
:10608000390042464846A0474C4601203C6003B0D8
:10609000F0BCBB46B246A946A046F0BDEA68002067
:1060A000D30F9B185B10FB800233BB804B463A81B9
:1060B00002223B607B81FB603B8AFF325B0A5B0212
:1060C00013433B82E3E7C046026870B50400002A30
:1060D0000ED00225437C9807AB436374C60F536808
:1060E00020009847637C7200AB431343637470BD18
:1060F000FEE7C046036870B50400002B12D01A7D7D
:10610000120710D5427C9107CD0F02210A43427439
:1061100000215B6898470221637C6A008B4313432C
:10612000637470BDFEE70020FBE7C04610B5002891
:106130000CD0C369002B08D00368002B05D09A68E7
:10614000002A02D001001800904710BDFEE7C046AB
:1061500010B5002905D0002802D0FFF74BFF10BD75
:10616000FEE7FEE700B589B01F2926D9154B9942F5
:1061700023D0154BCB18012B1FD9144BCB18032B55
:106180001BD9134BCB18042B17D9124BCB18072B49
:1061900013D9114BCB18102B0FD9104B99420CD09F
:1061A0000F4B994209D000280AD013000A00694613
:1061B000FFF720FF6B46988800E0002009B000BD83
:1061C000FEE7C0461C060000A1EEFFFFF5E7FFFF5B
:1061D000F5DFFFFFD8DFFFFFA1DFFFFFFFFE0000BD
:1061E000FFF80000C0687047007D0007C00F7047CF
:1061F00010B5002804D001000348EEF749FD10BD9A
:106200000148EEF73DFDFAE7880D0020014B586D7F
:106210007047C046400D0020031E0BD002210278BB
:1062200000208A43012A04D10C32FF32985C000717
:10623000000F70470020FCE7021E08D002210378FF
:1062400000208B43012B01D1D333D058704700205D
:10625000FCE7C04600B5202283B0F2F763FA03B032
:1062600000BDC04600B5212283B0F2F75BFA03B04F
:1062700000BDC04600B5222283B0F2F753FA03B046
:1062800000BDC04600B5232283B0F2F74BFA03B03D
:1062900000BDC046F0B5DE46574645464E46E0B521
:1062A000934687B001220F00002182460193119E80
:1062B000F2F738FA02220021059005005046F2F765
:1062C00031FA059080465046F2F7C2FA00240028C1
:1062D00012D084220021F2F725FAA422059084B27C
:1062E00000215046F2F71EFA013C0590C0B2431E51
:1062F000984163425C410440FB789A0710D5DB0764
:1063000000D413E19D4B9D4204D09D4B02939D4BC5
:1063100000930BE0002CF8D10222FB789343FB7032
:10632000DB07F2D4974B0293954B00930023594619
:106330007360B360F360B36133603361736150467F
:10634000F2F78AFA0123041E5D46994600D106E160
:1063500020008D49EFF7FEFD002847D0FB785B0752
:106360002ED4013529005046F2F776FA041E2FD0BC
:10637000AB45EDD0802120000904EFF7E1FD0028B6
:10638000E6D0B369002B27D1B368019373605D45F4
:1063900024D1FB7852469268A90012688C585B079A
:1063A00000D4CEE0013D002C18D0009B200098477F
:1063B000029B3060200098470123706033610DE03C
:1063C000013DDED429005046F2F746FA041ECFD133
:1063D000B369002B00D1B1E0019B7360280007B0C6
:1063E000F0BCBB46B246A946A046F0BDA42200219F
:1063F0002000F2F797F9C3B280460590002B34D005
:10640000FB78DB0747D508212000F0F78BFC022141
:10641000FB78814619405D4547D0B268F368002992
:1064200006D01098D1184844091801988142A8DC78
:1064300001214B44F360109BD218B369B260327FE4
:106440000133B361114243D1009B20009847336868
:10645000984203DD009B20009847030033603369B6
:10646000013333610023994678E7029B2000984767
:106470004B46002B01D1109BC0180221FB78B2685B
:10648000194205D0F3680199D3181B188B4261DCBF
:106490008018B060D8E70A212000F0F795FC0221AF
:1064A000FB78814619405D45B7D1F268002906D0D6
:1064B000B16801988C4651184944884243DB012158
:1064C000B3694A44F260327F0133B3611142BBD0F9
:1064D0005900C9187069C900EFF7D8FC039000286B
:1064E0001ED00122FB781A421BD10B212000F0F7AD
:1064F0006BFCB2694946013A53009B18039ADB00D2
:10650000944663445960FF2241460A4001211A61C2
:106510001A7D1C608A431A7562469860726193E71F
:10652000FEE709212000F0F7FDFBE2E7134B984559
:1065300000D0F7E6002C00D1EEE6F3E6B368736016
:106540004CE701352FE7B2696046002A13D10300FA
:1065500001901BE7B369002B0AD00B0016E7B36963
:10656000002B01D1B3680193019B5D46736035E751
:10657000130001920AE7019A72600BE7FFFFFF3FE9
:10658000B96501108D6501100100060030B52022AB
:1065900083B000210500F2F7C5F80190040028003F
:1065A000F0F780FC2122041900212800F2F7BAF844
:1065B000201803B030BDC04630B5222283B0002180
:1065C0000500F2F7AFF8019004002800F0F762FC34
:1065D0002322041900212800F2F7A4F8201803B0A0
:1065E00030BDC046F0B545465746DE464E46E0B59E
:1065F000836805000F0090468FB0002B2CD001243B
:10660000A0220021F2F78EF8230083431A0005AE82
:106610000393F3780690A34313430422C008204059
:1066200080009343034300219D322800F370F2F76A
:1066300079F8A2220021069030702800F2F772F853
:10664000A3220690707000212800F2F76BF8039BDC
:106650000690B070984507D000200FB0F0BCBB4644
:10666000B246A946A046F0BD0221F3788B43F370F1
:106670001A009B4600233B60144265D11D22002175
:106680002800F2F74FF818220021069081462800D2
:10669000F2F748F838220021069082462800F2F7E7
:1066A00041F83C220690040000212800F2F73AF855
:1066B00002230690034202D053461B199A46192220
:1066C00000212800F2F72EF838220400002106905D
:1066D0002800F2F727F83C220390069000212800BA
:1066E000F2F720F8A446039B0690C007C017184095
:1066F0008444E0465A46AB681B8E54075FD55A1E49
:1067000006AC18E00121237F28008B4323774B46FA
:106710003100009301940023FFF7BCFDA368020041
:10672000E06839681B188B4200DA0B00A9683B60EF
:10673000098E914202DD002AE4DA3B684246524467
:10674000D31801203B6088E71E2200212800F1F7C2
:10675000E9FF1A220021069081462800F1F7E2FFA6
:1067600038220021069082462800F1F7DBFF3C2208
:106770000690040000212800F1F7D4FF04220690BF
:10678000024202D053461B199A461B2200212800C0
:10679000F1F7C8FF38220021069080462800F1F763
:1067A000C1FF3C220690040000212800F1F7BAFF47
:1067B000069000079ED543461B1998469AE700228B
:1067C000002B9DD1B9E7C046F0B5DE464546574699
:1067D0004E46E0B50125B3B0A0220021060004908A
:1067E000F1F7A0FFFF222900024093102B408143C4
:1067F0005B000B430721D2102A409200134320AACA
:10680000D27B2A908A43134320AAD3730021A1226A
:106810003000F1F787FFA22200212A90C4B2300095
:10682000F1F780FF2A9000020443A32200213000E8
:10683000F1F778FFC3B29A46524620AB9A732A907A
:10684000812230000021F1F76DFFC3B20C9320AB21
:10685000A3463400DE7B2B00334098462A90354215
:1068600000D0EEE01E2200212000F1F75BFF1D2288
:1068700000212A9008902000F1F754FF2A900690FA
:106880002000F0F71FFB0790049C18220021200035
:10689000A569F1F747FF382200212A900700200060
:1068A000F1F740FF3C222A90814600212000F1F7B9
:1068B00039FF2A90800700D54F44049CED19200031
:1068C000F1F78AFD1A222D1A00212000249565690E
:1068D000F1F728FF382200212A9007002000F1F765
:1068E00021FF3C222A90814600212000F1F71AFF67
:1068F0002A90400700D54F440498F1F765FD4346C0
:10690000ED192D1A2595002B69D0049C0122002138
:106910002000F1F707FF02222A9081460021200083
:10692000F1F700FFAF4B04002A90984200D1A8E095
:106930000C9B012B01D100F035FC24AB0D93534689
:10694000002B68D0049B9B681D8E730700D48CE0DD
:106950006A1E012359460027D3460025CA46984699
:10696000A1462AAE049C19E04046337F0137834399
:10697000337720AB9981069B23A900932000079BC6
:106980000196FFF787FC20AB0200998908983368CD
:106990001B18ED18A3681B8E934201DD002AE3DA71
:1069A00020ABDE7B012333404C469846D146DA4685
:1069B0008B46002F5DD0089B0498ED1A4346002BB0
:1069C00079D1F0F777FA3900012F00DC88E05346DF
:1069D000052B00D9A3E19A00834B9B589F46049C4A
:1069E000012200212000F1F79DFE02222A9081461B
:1069F00000212000F1F796FE7A4B04002A90994579
:106A000000D1A2E30C9B012B00D1B5E325AB0D9384
:106A10005346002B96D1730700D456E1002300257E
:106A20001893049B9B681B8E5A1E90460C9A012A51
:106A300073D1324271D10D9A1268AD180D9A15605A
:106A400068E0049C1D2200212000F1F76BFE1E224D
:106A500000212A9008902000F1F764FE2A90069009
:106A60002000F0F727FA07900EE70022002D00D053
:106A70006FE74346002B2FD00498F0F723FA00214C
:106A80002EE02B230499CA5C273B134200D04FE72A
:106A90000C9A012A00D1CBE3334201D000F0DCFB99
:106AA0008B681B8E002B00D1C9E324AB0D93002310
:106AB0009846189331E0F0F705FA84E7049B9B6849
:106AC0001D8E25AB0D9301239A46730700D53FE732
:106AD0000022002D00D03CE70498F0F7EBF90021EC
:106AE0005346033B012B00D971E70D99401BC30F9F
:106AF0000A681B185B10D3180B60002318937307E8
:106B00008FD4049B0C9A9B681B8E012A00D16FE3E3
:106B100000229046984500DB59E34B465D46C3464C
:106B20001F9420935B46002B00DA4DE344220121A1
:106B300020AB9B5C04980B4320A98B5400232A9321
:106B40002B932F9330932AAB8D810193069B5A464A
:106B5000009323A9079BFFF79DFB20AB9B89109017
:106B60001C931D1C2A9B16932B9B11932F9B059303
:106B7000309B139320ABDE7B0123334009930C9BA6
:106B8000012B00D170E2259B1493249B1593099B44
:106B9000002B00D008E2154B1793154B0F93154BA4
:106BA0001A93154B1B93154B1E93154B1293154BB4
:106BB0001993139A002A72D011992C9BDA46CB1A9A
:106BC0000E936B460127B346510089189146059AEA
:106BD000C900743351181D800E9A00251000059BC2
:106BE00017E0C046FFFFFF3F00BF031065620110C2
:106BF000556201107562011059890110BD800110A4
:106C000065890110856201101A691833AD188B422D
:106C100007D01A7D1742F7D0DA681833801A8B42F2
:106C2000F7D100230393534680460026059C0A9320
:106C30000B91237D1F4223D1002D73D02369E80FD0
:106C40009A4643465246534340194010C018290003
:106C5000EAF70CFBA368834200DD030062689342FD
:106C600000DA1300834205D00121227D0A432275F8
:106C7000012203925246AD1A4246E360D31A984667
:106C800001361834B145D4D10A9B0B999A46039B1F
:106C9000002BA1D16B465E46D34674331D886B46EC
:106CA00000217033812204981C78F1F73BFD2E9966
:106CB000C3B226901D93012900DCA1E2052C00D966
:106CC000A9E2DD4BA2009B589F460022049B904600
:106CD0009B681B8E18921DE7012920DD401B01399E
:106CE000EAF7C4FA18900AE7401BEAF7BFFA0D99D1
:106CF000C30F0A681B185B10D31818900B60FEE6D0
:106D0000401B0131EAF7B2FA0D9A189013681B186C
:106D10001360F4E60D9A401B13681B1813600023E0
:106D20001893ECE6FEE7079B119A9A1AD30F9B186B
:106D30005B10994600230A93099B002B06D01D9BEC
:106D4000012B03D14A46079B9B1A99465946049842
:106D5000F1F782FD071E00D1D8E01C9B099A1B0A9F
:106D60001193012353400822F1009B000A401A436B
:106D70006B46CA46703321921D80109B5B4500D143
:106D8000C1E03800AD49EFF7E5F820ABDB7B04004C
:106D90005B07DB0F9946002800D0A5E02B26BB5DE2
:106DA000A4221D075B07DB0F002138009846F1F78E
:106DB000B9FCFF23ED0F2690034200D061E10C22C5
:106DC000BB5D9343BB55A54205D12B23FB5C5B0701
:106DD000DB0F434502D03800F0F748F8119B012B38
:106DE00000D11CE1022B00D013E138001B9B1430B2
:106DF00098470122169B002101339343181AC40FB0
:106E00001A9B241838009847199B05000021380068
:106E100098472D1AEE0F76196410761033190393E4
:106E2000099B002B09D01D9B012B06D13800129B1A
:106E30001430984753461B1A9A460C2200213800FA
:106E4000F1F770FC0D2200210500269006003800A5
:106E5000F1F768FC2690040080463800F0F71AF835
:106E60000B903800F0F71EF8C0238022DB050E904F
:106E70002B409205934200D1B8E0C0238022DB056D
:106E800023409205934200D19DE0149B7C69BD692B
:106E90001C1B159BA4195D1B099B4544002B5BD053
:106EA0000F9B002138009847039B5044ED182B009E
:106EB0000419234300D02DE11D9B012B00D122E1B9
:106EC0003800129B14309847069B00211D180A9B1E
:106ED0003800ED180F9B984700212C18179B38009D
:106EE00098472418A2444B46002B29D05B46013B0F
:106EF00009D49B465A46049B92009B681B68D7584E
:106F0000002F00D039E76B4670331D880598EEF7E7
:106F1000B1FF0D9B0C9A1B68012A00D17FE11899E3
:106F2000169A521808995218D3180D9A1360049B98
:106F3000109A9B681B8E934200DC45E19346F1E575
:106F400001239B44049B9B681A8E9345DBDA5A46C7
:106F50001B689200D758D3E7039B0021E418380040
:106F60000F9B98472300504445192B43A8D0380065
:106F7000F0F7F2FA7B6938001B197B61FB691B197A
:106F8000FB61BB695B19BB613B6A5B193B62F0F754
:106F9000E3FA00232A0021003800EFF7BBFF8FE758
:106FA000259B1493249B1593254B1793254B0F93E7
:106FB000254B1A93254B1B93254B1E93254B129360
:106FC000254B1993F5E5254B1C40254B9C4200D1E0
:106FD0005BE780235B059C4201DB224B1C1B0E9868
:106FE00064216043EAF742F980464EE71B4B1D409F
:106FF0001B4B9D4200D140E780235B059D4201DB96
:10700000184B5D1B0B9864216843EAF72FF90600C3
:1070100033E7002138001A9B9847039000E73800B7
:107020001B9B14309847169B00211E1A199B380091
:107030009847331A0393F3E618BF031001000600C4
:107040008562011075620110556201106589011099
:10705000B18001105989011065620110FFFFFF9F87
:10706000FFFFFF1FFFFFFF0F099B002B98D10D9A19
:10707000169913685B1A1360259B1493249B159330
:1070800089E5139800285ED00022059B03E00132B9
:107090001833824257D019688F42F8D1DE682B240A
:1070A0000C213A5D219B8A430B4013433B5514232B
:1070B0009C46BC44634618000393129B9847B04219
:1070C0001DD03800F0F748FAB9693B6A7869FA6967
:1070D000269027910398310029931E9B2892984768
:1070E000322126AA3800EFF737F83800F1F7B0FB65
:1070F0003A002B21EFF730F83800F0F72DFA3C5D1D
:107100002407E40F5FE60A9A069B9B185246D31A9F
:107110009A46E8E63800F0F71FFA7B6938001B1939
:107120007B61FB691B19FB61BB695B19BB613B6A36
:107130005B193B62F0F710FA00232A0021003800A7
:10714000EFF7E8FEB8E60026A9E72B23049AD35C04
:107150001B0700D556E40C9B012B00D1BAE09368C5
:107160001B8E760700D59BE0002B68D025AB0D93D6
:10717000002398461893D0E45346002B00D19DE499
:10718000012B00D1B2E0049B9B681D8E25AB0D93B3
:10719000730701D5FFF7DCFB0022002D01D0FFF7BC
:1071A000D8FB99E45346002B4DD0049B9B681D8E61
:1071B00024AB0D93730701D5FFF7CAFB0022002D06
:1071C00001D0FFF7C6FB57E4209B1F9C9946524B0A
:1071D000994534D09C4232D0002234210498EEF7F5
:1071E000BBFF33B0F0BCBB46B246A946A046F0BDDB
:1071F000002290460C9A324201D1FFF71CFC89E430
:10720000E31E012B00D88EE5032C04D8012C40D0BE
:10721000022C00D187E5002399460A938CE5099A50
:10722000002A00D07BE6089A189952189B1A7CE62F
:10723000334211D18B681B8E002B00D035E40498AB
:10724000F0F7B6F9C8E7730731D524AB0D930023E7
:1072500000251893FFF7E5FB8B681B8E013B9846D2
:1072600024AB0D930023189357E4079B119A981AA7
:10727000E9F7FCFFC30F1B185B1099460A905BE50A
:10728000079B119A0131981AE9F7F0FF81460A909D
:1072900052E5079B119A9B1A994600230A934BE5E6
:1072A000013B984625AB0D930023189335E4049BCE
:1072B00024AA9B681B8E0D9200229046189229E406
:1072C000079B119A0139981AE9F7D0FF00230A9019
:1072D000994631E593681D8E01239A4625AB0D939F
:1072E000730701D5FFF734FBFFF7F2FB049B9B68A4
:1072F0001B8E760708D5013B984625AB0D930023DE
:1073000025951893FFF709FC00229046189225AAAC
:107310000D92FFF793FBC046FFFFFF3F044B054A6A
:107320001B6EDA60044A1A6100225A617047C04637
:10733000400D0020C9670110E565011010B5064C2D
:10734000E36D5800C0188000EEF778FD2066FFF767
:10735000E5FF1FF0A3FE10BD400D0020F0B50F00AB
:1073600083B01600002184220500F1F7DBF9C2B2D8
:10737000030001900020002A12D0FF220949134087
:10738000CA6D93420CD25A00D3180A6E9B00D318D0
:107390005C68002C04D03200390028009B68A047AC
:1073A00003B0F0BD400D002030B50D002B7C140063
:1073B000C96883B0002B11D0012B18D0022B14D137
:1073C0001B4B53600E2353702378192B03D00122DB
:1073D000638893436380012003B030BD0C222000FA
:1073E000EEF742F86378002BEED10020F4E70800B6
:1073F000EDF7CEFB0F49EEF769F90028F5D128002B
:107400000C222100143001ABEDF79EFA0028ECD1DC
:10741000019B0C2BE9D12378192B07D0192263701B
:107420002270202162880A436280DCE76378F8E7F3
:107430000100010080850310F0B5CE4647462123A8
:1074400080B5C45C428C073C193BE4B20500866CF5
:1074500083B01340032C20D8002B11D1274BA2005E
:10746000D3581F002B7C012B22D0002B34D1EB688A
:107470001B69984643462B63032C04D9002305E07F
:10748000336A1B6903631E4BA400E35801206B633E
:1074900003B0C0BCB946B046F0BD002B04D0336A7F
:1074A0001B6903630023F1E71F002B7C012BDCD158
:1074B000336838009946EEF7C1FC804600280DD0AD
:1074C000002300220C2148460193EDF721FB002800
:1074D00005D04046EEF7CEFC0020D9E7FEE73A00A3
:1074E0004146484601ABEDF72FFA0028F1D1019B48
:1074F000BB42EED143467360BCE7C04640BF0310B9
:1075000030BF0310F0B5DE46454657464E46836C05
:10751000E0B59B462123050087B0C05C01F0B0FABE
:10752000041E07D1002007B0F0BCBB46B246A946F6
:10753000A046F0BD2E8D2100F000E9F797FEEF8CFC
:10754000C300DB08A98C814600933A000E233F4814
:10755000F1F72CFF02900028E4D0082211007E43AE
:107560006B8CB046194006691A424BD12B7C012B1B
:1075700050D0002B3FD02123EB5C0E2B35D04B4657
:107580005F43002F31D001234246A340013A013F1F
:10759000B118F719721E013B924603959C460020D4
:1075A00008263A000D002978634601411940C9B206
:1075B00000290FD0072C0DD89146230080460A00E1
:1075C0001000F71AB840E318DBB20143072BF7D9D4
:1075D0004A4640462018C0B21170072801D9002041
:1075E000013D013A5245DED1039D5A46029B0120DE
:1075F000D361EB6297E7EB68424630001969EDF71B
:1076000033FFB8E75B461B6A424630001969EDF765
:107610002BFFB0E75B461B680022059118000C2188
:107620009A46EDF775FA002803D00298F2F73EF873
:1076300078E742463100504605ABEDF785F9002862
:10764000F3D1059B9845F0D195E7C046440E002044
:10765000F0B545465746DE464E46E0B51D002123AF
:10766000CF5C0C00904689B01B2F00D9A7E0AC4B33
:10767000FB40DB0700D4A2E08B6C0393002B00D10E
:107680009DE0FB1FDBB20493039B38001968069151
:1076900001F0F6F90590404601F05EF9267C039A68
:1076A000013E731E9E410B2376429E43B246126CEE
:1076B000013391469A449B4A6B688346934200D1BA
:1076C00085E0EA6801336B600132EA604246D268C5
:1076D0009A4274DB4A46126929680392228D8846D1
:1076E0005343049A032A57D80598626B414392008A
:1076F000C90852185244D618237C012B00D1C5E08A
:10770000E3681B699B19049305990820E9F7D6FDE6
:1077100001004046E9F7D2FD092F00D1EDE00A2F24
:1077200000D1F4E0082F00D084E0049B8F10DF1913
:1077300003230326984602228E4376005B46002BE5
:1077400020DD236B039D9A465B469B00EB189B460E
:107750000823059414009B1A03933978434631415A
:107760001940C9B28900042228005144E9F7ACFE4F
:10777000331B5EB21B0601D5039E013704355D4500
:10778000EBD1059C237C012B02D10498EEF772FB10
:107790004B460120E36213E03A000F3A042A30D945
:1077A0001B2F2ED04A460901069EC908514417894D
:1077B00030000022C918EDF7ABF9002842D00020B4
:1077C00009B0F0BCBB46B246A946A046F0BD1023A6
:1077D0000793049B032B00D9079700234846009387
:1077E0005A4607990133F1F701FF814600286DD011
:1077F0002B00424643CA43C312681A606B681A00E2
:1078000063E74146059D069E6943C908514400222D
:107810003000C918EDF77CF90028D0D15B462A006A
:107820005A43300000230399D208EDF78DF8002861
:10783000AED0C4E707235940012301229846049F94
:107840004EB27BE7039900233A0030008846EDF7FB
:107850007BF80028B3D1238DE18C2A6859430C3280
:1078600089186A685B08534330000022C918EDF795
:107870004FF90028A3D143465A46D91930000023B6
:10788000EDF762F8002800D182E798E703005A4636
:1078900053430733DD08681CEEF7D0FA0490002844
:1078A00013D0002231000698EDF732F9002808D1F4
:1078B0000023049906986A1CEDF746F8002800D1C9
:1078C00022E70498EEF7D6FA79E7FEE7039E306CDC
:1078D000002803D0F1F7EAFE4A4632640023012271
:1078E000009359461048079BF1F760FD8146002838
:1078F00000D164E7039A10647AE7049B01264F10D5
:10790000DF190F238E4398460422B60016E7049B26
:1079100000265F1801235B42984608220EE7C04606
:1079200080871F08010000E0440E002070B58C6CB9
:107930000D00002C23D0206C002806D0F1F7B6FEF5
:1079400000232364AC6C002C19D02068002804D0DC
:10795000ECF7D2FF2068EEF78DFAE069002801D03D
:10796000F1F7A4FE206A002801D0F1F79FFE6068BD
:10797000EEF780FA2000EEF77DFA0023AB6470BDCD
:10798000F0B54746CE4680B50E7C80460C0089B0E7
:10799000012E3AD0002E19D1CF683B69002B3CD084
:1079A0004B8C1B0712D47B788D6C9946073B032BBD
:1079B0003AD94B460B3B022B00D9A5E0002D00D154
:1079C0003EE12000FFF79EFD012859D00026A56C5E
:1079D000002D23D02868002804D0ECF78DFF2868FC
:1079E000EEF748FAE869002801D0F1F75FFE286A4F
:1079F000002801D0F1F75AFE6868EEF73BFA28003C
:107A0000EEF738FA0023A36408E0C868EDF7C0F881
:107A10009649EDF75BFE002810D00026300009B033
:107A2000C0BCB946B046F0BD002D00D1EBE0E37913
:107A3000002BCFD12000FFF7FFFCC5E7A56C002D80
:107A400000D1E8E00C20A564EEF7F8F9061E00D19D
:107A500089E00222E168ECF7DBFE002800D07FE03D
:107A60002E60638C1B07B1D42123E35CDA1F032A49
:107A700003D8E379002BA9D1DCE70B3B032BA0D97A
:107A8000E76A0026002F3DD0638CDB0700D589E034
:107A900039002000F3F7CCFC051E64D0B84200D1B9
:107AA00085E0A66C002E19D03068002804D0ECF7D1
:107AB00023FF3068EEF7DEF9F069002801D0F1F716
:107AC000F5FD306A002801D0F1F7F0FD7068EEF79F
:107AD000D1F93000EEF7CEF90023A3644420EEF78D
:107AE000B7F9002800D1B3E0A064C561638CE562FA
:107AF000FF2B04D9FF2293436A8813436B80A37939
:107B0000002B66D0012689E7002D00D190E07B880C
:107B1000DB061DD43B892435002B00D082E001AE6A
:107B2000330007CF07C307CF07C33A6848461A6038
:107B3000B78800F0A5FF47430737FF1031003781B2
:107B40002800F1F7E9FE0600012E00D03FE72F00E4
:107B5000E7623B89002B01D1238D3B81012693E70E
:107B60003000EEF787F9A56C002D00D155E72868A5
:107B7000002804D0ECF7C0FE2868EEF77BF9E8692E
:107B8000002801D0F1F792FD286A002801D0F1F712
:107B90008DFD6868EEF76EF92800EEF76BF90023AB
:107BA000A3643AE701227B8813437B8070E7638CF0
:107BB000E762FF2B04D9FF2293437A8813437B802B
:107BC000002E9CD0237A002B9CD000230126237208
:107BD00024E700F0CDF8002894D0237C01A90B7293
:107BE000E26AE36840464B60D3680193A36CF3F705
:107BF000FBFBA56C002834D06064002D29D0002345
:107C00000126EB610AE74420EEF722F9051E01D0B8
:107C1000A0640CE7FEE74430EEF71AF9051E00D029
:107C200010E7FEE739002800F1F776FE06008BE743
:107C30004420EEF70DF9051E01D0A06467E7FEE7CA
:107C40004420EEF705F9002801D0A064B9E6FEE76C
:107C5000FEE74420EEF7FCF8051E01D0A064CEE755
:107C6000FEE7002D00D082E7D7E6C04680850310EE
:107C700010B5F3F7A1FB041E11D00949F3F7ACFBD3
:107C800020000849F3F7AAFB20000749F3F7A8FBF7
:107C900020000649F3F7A6FB054B636110BDFEE724
:107CA000A973011081790110517601102D7901100D
:107CB0008485031010B5037A0A7A934202D00AD958
:107CC000012010BD40684968012B07D0002B09D165
:107CD000884207D0F4D801204042F2E7EDF7F6FCE5
:107CE000002801D10020ECE70028E9DCF3E7C046DA
:107CF00010B50400C0684388DB0603D4237A012B47
:107D000005D010BDF1F7D2FC237A012BF9D16068C0
:107D1000EEF7B0F8F5E7C046F0B59E24104D6400CC
:107D20002959012387B0002902D0180007B0F0BDFF
:107D30000C4B03A9C4CBC4C16A4604AB42CB42C2BC
:107D40000200039B1821084800F0B2F807492851A7
:107D500000F056F92B595A1E9341DBB2E5E7C046B5
:107D6000400D002050BF031028C603108885031063
:107D70009E2210B5024B5200985800F03BF910BDFE
:107D8000400D002010B503790A79934202D00AD938
:107D9000012010BD00680968012B07D0002B09D114
:107DA000884207D0F4D801204042F2E7EDF78EFC7C
:107DB000002801D10020ECE70028E9DCF3E7C04609
:107DC00010B50379012B00D010BD0068EEF752F812
:107DD000FAE7C046F0B5A024104D640029590123EC
:107DE00087B0002902D0180007B0F0BD0C4B03A9E2
:107DF000C4CBC4C16A4604AB42CB42C20200039B5F
:107E00001821084800F054F80749285100F0F8F804
:107E10002B595A1E9341DBB2E5E7C046400D0020C6
:107E20005CBF031054C6031090850310A02210B548
:107E3000024B5200985800F0DDF810BD400D0020B4
:107E4000F0B5C6460368160000B55D6A130000224F
:107E500004008846A847012816D11EE02368320096
:107E60005B690100200098472800A76900F0DAF854
:107E70003100B847280000F007F9236800225D6A46
:107E8000414633002000A8472368022809D1310069
:107E900020001B6A9847051EE0D1002080BCB84630
:107EA000F0BD3200414620001B699847F6E7C04606
:107EB00082B0F8B50793036805000E0017009847D5
:107EC000041E17D00023C36003000560466087606E
:107ED000103307AA43CA43C320006B6898470028A1
:107EE00009D020001C3002F071F82000F8BC08BC5A
:107EF00002B01847FEE72000EDF7BCFF0024F4E7CE
:107F0000F8B504000D00160000281BD0002918D079
:107F10001C239C4684446046674602F06FF8E36881
:107F2000002B10D02368200032002900DB6898471E
:107F3000041E01D000F07CF8380002F07FF8200029
:107F4000F8BDFEE7FEE7380002F078F80024F6E717
:107F5000F8B505000C001600002912D003001C33F0
:107F600018001F0002F04AF82000310000F06AF803
:107F7000200000F049F8002804D0380002F05EF834
:107F8000F8BDFEE7200000F045F80028F5D0AB6909
:107F900020001D0000F046F83100A847200000F046
:107FA00073F8EAE7F8B504000D00160000281AD0AF
:107FB000002917D01C239C4684446046674602F083
:107FC0001DF8A368002B0FD0200032002900FFF716
:107FD00037FF041E01D000F02BF8380002F02EF815
:107FE0002000F8BDFEE7FEE7380002F027F8002485
:107FF000F6E7C0468068431E9841C0B27047C0464D
:10800000002800D041627047002801D040687047C6
:10801000FEE7C046002803D0037B012018407047CC
:10802000FEE7C046002802D08368C01A7047FEE70A
:10803000002805D04368013343608368C01A704745
:10804000FEE7C046002806D04368002B02D0013B63
:1080500002D443607047FEE700234360FAE7C0465E
:10806000002801D040187047FEE7C0461030704726
:10807000002807D0002906D00023016082604360F9
:1080800003737047FEE7FEE710B5002803D0037BBB
:108090009B0701D510BDFEE78368C01AEDF7EAFE25
:1080A000F8E7C0468360009B01604260C360704790
:1080B0000368C918013981607047C0464368C91810
:1080C0000139C1607047C04603688268D21AC3682C
:1080D00040680132181A01305043704703685B1A38
:1080E000036083685B18836043689B1A4360C368BE
:1080F0009B18C3607047C04603685B1803608368C1
:108100005B18836043689B184360C3689B18C36017
:108110007047C04630B5040010000A6803680D00BF
:10812000934200DA13006A6841682360914200DAE2
:108130001100AA68616094468268624500DD62466B
:10814000ED68C068A260A84200DD2800E060C517A5
:10815000CC0F88426541D80FD4179A42604128401D
:10816000C0B230BDF0B54E464546DE465746E0B596
:1081700004680D680E0089B0A5423DDB836898460F
:108180009D4239DC4B684168019389468B4233DB61
:10819000C1688B4230DC002A4EDD434648461B1B3B
:1081A000081A0133013040105B10834200DD0300E8
:1081B0000093934200DD0092009A4F469446A444F7
:1081C0006046D219E24693460494069065451BDC4E
:1081D000019B934218DC1900009B1B181B1B5B10B2
:1081E000E4182C1BFA1800208A1A644352435B439C
:1081F000A418A342404100E0002009B0F0BCBB46F7
:10820000B246A946A046F0BD009A07918F1A04A86D
:108210000022310002970597FFF7A4FF0390002882
:108220000CD05346009A01999B181B1B5B10E41855
:10823000BA1A2C1BD218D6E70120DEE74746009871
:1082400000223C1A310004A804940697FFF78AFF25
:108250008246002815D00098221ABB1AD90FC918D7
:10826000029B49101B1A019852185B18C31AAA1ACC
:1082700052435B4349430398D21891424041C0B2F4
:10828000BBE74B4605935B460022310004A80793E9
:10829000FFF768FF0028CFD0009BE21ABB1AD90F66
:1082A000C9184B46544649105218AD1A019A5B182A
:1082B000D31A6D435B434943ED18A9426441E0B2D0
:1082C0009BE7C04602688B689A420FDC82680B68A5
:1082D0009A420BDB4268CB689A4207DCC2684B6863
:1082E000D017D90F9A424841C0B200E00020704731
:1082F000F0B5C6460C0000B505682368110082B0D1
:108300009D4217DB43686268934213DB8668A2686C
:1083100096420FDCC768E26897420BDC01200A1E18
:1083200009D088462000694600950193FFF71AFF9F
:10833000002804D1002002B080BCB846F0BD4246FF
:10834000694620000096FFF70DFF0028F2D0424654
:108350006946200000950197FFF704FF0028E9D047
:108360004246694620000096FFF7FCFEE3E7C04660
:10837000F0B5C64600B585680B680C0016001700FE
:1083800082B09D421CDBC36819009846636899421D
:1083900016DB03681900A368994211DC4368E268A0
:1083A00093420DDC002E09D00E0000913A00694680
:1083B00020000193FFF7D6FE002806D0002000E041
:1083C000012002B080BCB846F0BD3A0069462000EA
:1083D0000095FFF7C7FE0028F0D143463A006946F2
:1083E000200000960193FFF7BDFE0028E6D13A0079
:1083F000694620000095FFF7B5FE01235840C0B242
:10840000DFE7C046F0B557464E464546DE46E0B586
:108410008C680D684E68A246AB46651BCC6883B07D
:108420000094A41BA0460196661C44689946A44685
:108430006F1C0468152A11D84D4B92009A58974624
:10844000846801346346C068C01A0130C20F121834
:10845000F00F801952104010121A944423000C9A05
:108460004B4462440B604A60DB199219013B013AAC
:108470008B60CA6003B0F0BCBB46B246A946A046BA
:10848000F0BD8068001B0130C20F1218F80FC01930
:1084900052104010121AA418009BDD43019BED18E6
:1084A000AC44DBE78468641BC268531C9C46D5E778
:1084B000846801344346C268D31A9C46CEE75346CB
:1084C000DA435A44A418C9E785682D1B0135EA0F21
:1084D0005219FD0FED1952106D10521BA418B1E77F
:1084E0008468641BAEE78468641BB7E78068001B80
:1084F0000130C20F1218F80FC01952104010121A92
:10850000A418ABE784680134A8E75346DA435A4419
:108510004346A418C268D31A9C469FE785682D1B62
:108520000135EA0F5219FD0FED1952106D10521B53
:10853000A418C268531C9C4690E74346C2688468EE
:10854000D31A9C46641B89E785682D1B0135EA0F09
:108550005219FD0FED1952106D10521BD8E78468A7
:10856000641B99E75346DA435A44A4186AE7C046A5
:1085700068BF0310F0B557464546DE464E46E0B5A7
:1085800085B001930EAB80CB04001B780D1E0092CA
:1085900003931FD180235B009A4200D1ADE03B687A
:1085A00022687968D21A636822605B1A0099636056
:1085B0004A433968121252182260019A53437A686A
:1085C0001B129B18636005B0F0BCBB46B246A946BF
:1085D000A046F0BD3A6803689B1A03607A68436856
:1085E0009B1A4360E1231B01994259DD454BED186D
:1085F0000A212800E8F73AFE431C029343071B1A9E
:108600009B001B1A06005B0000B25D19ECF700FC32
:108610006B4683460822985EECF7FAFB33005A3328
:10862000824618B2ECF7F4FB5B36814630B20A267C
:10863000ECF7EEFB5B46761B73438046180053460F
:108640006B430A21C018E8F711FE4211434602921B
:108650004A465D4356430A217019E8F707FE802514
:108660003E687A68009F2368616840116D00AF42E0
:1086700030D0039D002D19D11D00029F45434F436B
:10868000ED1B009F41436F43BD14029FAD197B4317
:108690005B18019925604B439B149B18636092E71C
:1086A000002DA5DAE1231B01ED18A1E7009D029F33
:1086B0006B43019D69431D004F434543ED1B029FE2
:1086C00041437B435B18AD149B14AD199B18256087
:1086D000636078E7019DBD42CBD11D00029F4543F9
:1086E0004F43ED1B029F41437B435B18AD129B122E
:1086F000AD199B182560636065E7019B934200D02C
:108700004DE760E7F0F1FFFFF0B54E4657464546AE
:10871000DE46E0B585B0994610AB1B780E00171EFB
:108720000F9D0290019300D184E0002911D0029B9B
:10873000002118002C681A680131121B1A606C683D
:108740005A68121B5A6008338E42F3D8002F00D1AA
:108750007FE0E1231B019F4200DC73E07D4BFF18AB
:108760000A213800E8F782FD431C9846040000B255
:10877000ECF74EFB4246039010B2ECF749FB2300A6
:108780005A33804618B2ECF743FB23005B33834631
:1087900018B2ECF73DFB8246002E44D063071B1B4A
:1087A0009B001B1B5B00DF190A23DC1B039B0A21B8
:1087B0006343180043467B43C018E8F757FD5B4608
:1087C00063434211180053465F430A21C019904683
:1087D000E8F74CFD802340115B00994500D171E022
:1087E000029C019BF600A619002B46D10E9B414628
:1087F000B2469C46236867681E003A004E434243D7
:108800009219664672436E68921492194E464F430F
:108810004343DB1B73432F689B14DB1923606260A7
:1088200008345445E6D105B0F0BCBB46B246A94673
:10883000A046F0BD80235B0099453CD0002E00D0BF
:1088400075E7F0E7002F00DB8AE7E1231B01FF1843
:1088500086E700224C460E9903682F6863431B127B
:10886000DB19036043686F684B431B12DB1901324D
:10887000436008309642EFD8D5E70E9BB24641469A
:108880009C464A46236867685343624657431E0026
:108890003A004E434F43424343439219DB1B6E68F9
:1088A0002F6892149B149219DB19236062600834BC
:1088B000A245E6D1B7E70E9B4B45B4D0002E00D0C1
:1088C00035E7B0E7029CF600A3199B460E9B47468E
:1088D0009C4614E06246534309020A001E00794395
:1088E00043437E4342435B189B145344921B1E0038
:1088F000921442442260666008345C4593D02A6832
:10890000216890466A6863689246CC4513D0019A04
:10891000002ADFD10A001E00794343435B186146F9
:108920007E4342434B43921B12029B1492145344C6
:108930001E004244DEE70A001E00794343437E43A3
:1089400042435B18921B9B12921253441E004244F6
:10895000D0E7C046F0F1FFFF83680068181A0130C5
:108960007047C046C3684068181A01307047C04657
:108970000CC902604360704706C0704770B50C00B8
:108980000268436860CC60C00CC170BD002310B5A4
:10899000C2604A430400436081601000EDF74EFA64
:1089A000012320602374002800D010BDFEE7C046DC
:1089B00010B504000068002804D0237C002B05D1EA
:1089C0000023236000236360A36010BDEDF752FA1B
:1089D000F6E7C04670B5057C04000E00002D01D1FD
:1089E000280070BDC16800687143EDF74FFA002898
:1089F00006D063682060A6609E42F1D26660EFE711
:108A0000FEE7C046036870B504000D00002B0FD0D0
:108A10004168826891420CD0E26851435818291E7F
:108A20001CD0ECF721FD012063680133636070BD49
:108A3000FEE7027C0020002AF9D00A1DE168180038
:108A400051431600EDF722FA031E0AD06168206038
:108A5000A6608E42E0D231006660DDE7ECF74AFDA9
:108A6000E1E7FEE743688B4207D90368002B03D098
:108A7000C2684A4398187047FEE70020FBE7C046EB
:108A80000638C3B200202F2B01D8014AD05C7047B2
:108A9000C0BF03101A2804D8034BC340012018405C
:108AA00070470020FCE7C046807FF90510B5FF2421
:108AB000020A030C22402040120223401B041043F0
:108AC0000906184384B0084304B010BDFC2102021B
:108AD000031CC900D20E40090840D2020243D8B29A
:108AE000C008801882B080B202B07047FF21030036
:108AF00009040B40FF21C2B2090652189B18FF223D
:108B00001202104082B0181802B070470638C3B283
:108B100000202F2B04D8034AD05C0730C0B2C00815
:108B20007047C046C0BF0310401A4342584182B04C
:108B3000C0B202B07047C046FF2319401A40090274
:108B400018400A43000482B0104302B07047C04688
:108B50000300FF2A19D00800002A16D018008B4203
:108B600013D00B045918094B04329C4619400304D6
:108B70001B1860460340581AD308624643435B09FA
:108B80005B181340180C184380B270471FF8E007B9
:108B9000002082B002B07047C37810B5FF2B0DD013
:108BA000002B0CD082785A431212827042785A43BA
:108BB00012124270027853431B12037010BD04223C
:108BC0000021ECF797FCF9E710B5FF2914D0002934
:108BD00013D0038802785B059B0ED2064B43D20E5E
:108BE0004A431B1212125B0113434278D2085143CD
:108BF0000912C9020B43038010BD0222ECF77AFC74
:108C0000FAE7C0464D21030CDBB24B439721020A21
:108C1000D2B24A439B181C22C0B250431818000A13
:108C200082B0C0B202B070470204D20E9300D218D4
:108C30004105890ED3019B1ACA008A1810B5140188
:108C400012199200C0068918C20E000E801A420145
:108C50005B1880181818000AC0B210BD4D22972169
:108C60008378534342784A431C219B1802784A4335
:108C70009818000AC0B270474D21030CDBB24B4379
:108C80009721020AD2B24A439B181C22C0B2504319
:108C90001818000A82B0C0B202B070478C46F0B516
:108CA000040A85B00091E1B26446020C240EC3B2FE
:108CB0006D46A446D2B2000EFC2822D82F786E78DA
:108CC000AD78022834D9FF24241A4243654355194C
:108CD0002A025219D20152193500414365435843C3
:108CE0007C434D1900192902030249191B18C901B7
:108CF000DB0149191B18D20DC90DDB0DD2B2C9B267
:108D0000DBB209021943634612041B061143FF2418
:108D1000194308000A0A0B0C22402040120223408B
:108D20001B041043090E09061843084305B0F0BDA3
:108D30003B0031002A00E4E7844630B585B000915D
:108D400061460300090A8C46051C020E190C684690
:108D5000FC2A13D8022A10D9FD239B1A82780478A2
:108D60005A43120A8918427881705A436343120A9F
:108D70001B0A62445B1903704270009B039303ABB0
:108D8000597818789A780902DB78120408431B0690
:108D90001043184305B030BDF0B5DE4657464E4689
:108DA000454692460200E0B5050089B003AB0E00CF
:108DB00013CA13C303CA03C32B7D0024DA07D20FDF
:108DC0000192012213432B756B689B46002B5DD0EB
:108DD00080235B029846564B0127994605E0B2680E
:108DE00094451BD00134A34550D0337E1F424DD152
:108DF00021002800FFF736FE036819680029F1D02A
:108E000040469A680242EDD11004C00F5045E9D1A6
:108E100048461040844648460242E0D15B68300034
:108E2000F360884702221100337E19401A422DD187
:108E30001F42D7D0019B8946002B65D1049B9846E1
:108E4000002B69D08027002500247F0204E0013434
:108E500003600135A04512D0210003A8FFF702FEF0
:108E60000600290003A8FFF7FDFD33689A683A421F
:108E7000EDD018000134ECF7FDFFA045ECD1002D3A
:108E80004AD0290003A8FFF7A5FD3DE0019B002B78
:108E900038D101221100337E194089461A42CDD1C2
:108EA0002B7D93432B759B072CD56B689946002B24
:108EB00036D080235B0200260024984604E001346B
:108EC00003600136A14513D021002800FFF7CAFD39
:108ED000070031002800FFF7C5FD41463B689A684E
:108EE0000A42ECD018000134ECF7C4FFA145EBD1E5
:108EF000002E15D031002800FFF76CFD02222B7DDB
:108F000093432B7501239946484609B0F0BCBB46F4
:108F1000B246A946A046F0BD03A8FFF749FDF3E716
:108F20002800FFF745FD02222B7D93432B75E9E7CF
:108F3000FF7FFFFF024B1A6F426118677047C04600
:108F4000400D0020014B42691A677047400D002018
:108F5000F0B5C64600B505000F001600984688B06B
:108F6000002823D01C2200216846ECF7C3FA012117
:108F70006C464346080000960196134E227E0493E9
:108F8000336F1040029705930700346711420ED1EA
:108F9000012269462800FFF7FFFE012809D0636916
:108FA0003800336708B080BCB846F0BDFEE7002744
:108FB000F6E7237E1842F2D1002269462800FFF727
:108FC000EBFE0700EBE7C046400D002010B500287F
:108FD00007D00B7EDB0702D4FFF7DEFE10BD0020BA
:108FE000FCE70120FAE7C046F0B5040083B00C208E
:108FF0000D0016001F00ECF721FF019000280CD097
:109000006368056086604760002B07D0200001A9D7
:10901000FFF7F8FC019803B0F0BDFEE70422012140
:109020002000FFF7B3FCF1E7002801D0406870474B
:10903000FEE7C04610B5002805D0FFF713FD002855
:1090400000D0006810BDFEE7F0B5C646040000B5CC
:10905000002841D0FFF706FD00283AD00368002B16
:109060003FD00221227D0A43802122759A6849025D
:109070000A439A60237DDB072AD463689846002B55
:109080002BD00026002504E0013503600136A845F9
:1090900014D029002000FFF7E5FC07003100200074
:1090A000FFF7E0FC80213B6849029A680A42EBD056
:1090B00018000135ECF7DEFEA845EAD1002E0CD0F1
:1090C00031002000FFF786FC0222237D93432375A5
:1090D000012080BCB846F0BDFEE72000FFF768FC29
:1090E000F2E70020F5E7C046F0B5C646060000B539
:1090F0001C200F0015009846ECF7AAFE041E0AD0AB
:10910000434606604760C5608361002D04D120009E
:1091100080BCB846F0BDFEE72800ECF799FE0028B9
:1091200001D0A060F3E7FEE730B59446027A056807
:10913000FF2A14D0002A16D0940000232C1902E034
:1091400001339A420FD9E05C8842F9D1624601208E
:109150009B005B59136030BD814206D008352878EA
:109160000028F9D1F7E70020F5E762466B68012097
:109170001360F0E782B0AE281FD8412807D94238E3
:10918000C0B26C2819D81F4B80001B589F46292855
:109190000FD9020001232A3AD2B293401A4A13424D
:1091A00010D11A4A134210D13C2806D10F23019343
:1091B00005E002239843092820D000230193019859
:1091C00002B07047FF230193F9E700236A469380BA
:1091D0009371F4E780235B000193F0E7012301938F
:1091E000EDE702230193EAE7094A01AB11881980F0
:1091F00092789A70E3E7074B0193E0E7064B0193FF
:10920000DDE7C046F0BF031093000100048080003A
:10921000A4C10310B0890310FFFFFF1F0023F0B5A6
:1092200083B00193002922D000281DD00A68835CF6
:10923000002B19D0541CA4465CB2002C03DB180090
:1092400063460B6011E01C001F25AC43C02C10D0FE
:109250001C000F25AC43E02C1ED01C000725AC439E
:10926000F02C37D063460B60002003B0F0BD01A99D
:10927000DAE764460C60005D84463F206446844320
:10928000802CF1D1F8249B01E40023406446023293
:109290002040C0180A60E8E764463035AC460C60F0
:1092A000045D66462500B543802DDDD1951C0D601B
:1092B000405D0500B543802DD6D165460540A0012F
:1092C000FC241B071B0C24015B1920400332C0182F
:1092D0000A60CAE764463835AC460C60045D6646F1
:1092E0002500B543802DBFD1951C0D60455D6746B7
:1092F0002E00BE43802EB7D1D61C0E60865D300096
:10930000B8438028B0D1E0209B04400303402003F1
:10931000FC24A4022040FC2418432401AB01234078
:10932000644634401B19043218180A609DE7C04691
:10933000F0B504000E1E39D0002815D01F230022DE
:109340009C46A35C0020002B0AD05DB2511C002D6E
:109350000BDB01308E422AD90A00A35C002BF4D12A
:109360000130964223D9FEE7FEE71D006746BD4364
:10937000C02D1DD01D000F27BD43E02D1FD0072598
:10938000AB43F02BE5D13F25635CAB43802BE0D1B1
:10939000911C635CAB43802BDBD1D11C615CA94386
:1093A00080394B42594189180331D2E70020F0BD82
:1093B0003F25635CAB43802BCBD1911CC9E73F2594
:1093C000635CAB43802BC4D1911C615CA9438039A1
:1093D0004B42594189180231BBE7C046F0B54546BA
:1093E000DE4657464E46E0B58DB0089316AB804634
:1093F0001D7806910792002800D1A3E00378002B86
:1094000000D19FE0002900D19CE0EB0701D5C44BBF
:109410000893002340460BA90B93FFF7FFFE43463A
:109420001B7804000B9E002B00D192E108232B40F7
:10943000059304232B40099300230493013B0293DB
:1094400000239A46994633004344039343469B5D69
:10945000B44D002B00D1BBE0721C93465AB21F00E2
:10946000002A00DABFE04A4601320192059A002A3A
:1094700007D0189A1278232C00D1ACE0012A00D131
:10948000F7E03A0021000698FCF76CFE82440028C1
:1094900001D0079B9A44029B01330BD15346079A94
:1094A0009B1A089A934205DD099B002B00D06DE1C1
:1094B000049B02930A2C0CD00D2C00D14BE100230D
:1094C000202204E00133DBB2EA5C002A12D0A2427F
:1094D000F8D1049B002B00D034E1029B01332CD146
:1094E0005246179B1A604B46002B00D131E10023F6
:1094F00004933CE1002F33D0A4228B4BD201FB1804
:10950000934213D3894BFB185D2B0FD9884BFB1863
:10951000FF2B0BD9874BFB187F2B07D9864BFB18EA
:109520002F2B03D9854BFB180F2B15D85246179BB1
:109530001A60029B013300D10BE1099B002B03D180
:10954000179A13600023029302980DB0F0BCBB463B
:10955000B246A946A046F0BD794BFB181F2BE5D9B2
:10956000002C1DD0A422704BD201E3189342DDD30E
:109570006E4BE3185D2BD9D96D4BE318FF2BD5D972
:109580006C4BE3187F2BD1D96B4BE3182F2BCDD924
:109590006A4BE3180F2BC9D9694BE4181F2CC5D9A6
:1095A000029B013302D15246179B1A60039B1B7822
:1095B0000496002B00D1A7E05E46019B3C00994633
:1095C00033004344039343469B5D002B00D043E7A5
:1095D000B346002747E7002A53D10123189A137096
:1095E000039B1B78E4E71F2219009143C0294ED04A
:1095F0000F2219009143E0295CD0072219000027AF
:109600009143F02900D02EE742465946525C1000A3
:1096100001923F229043802800D024E7B01C83466B
:1096200040465946415C08008C469043802800D053
:1096300019E7F11C8B4641465846095C08009043E7
:10964000802800D00FE7E0209F0440030740FC2063
:10965000019A8002120302403A436046FC278001CF
:109660003F0107403F2001407F18BF18321D93463D
:10967000F9E6202C9CD10223189A1370039B1B78C7
:1096800096E7022A3AD0012A00D0FAE690E742464D
:109690005946515C3F22080000279043802800D0A3
:1096A000E1E6F8209F01C0000A400740D719B21C2C
:1096B0009346D8E642465946515C3F2208000027AF
:1096C0009043802800D0CEE6B01C834640465A46E0
:1096D000825C100094463F229043802800D0C2E66E
:1096E00062463F371807000C3A408218FC20890177
:1096F000000101408F18F21C9346B4E60023189A2B
:109700001370039B1B7853E7029B013300D014E7CF
:109710005E463C00019B002B1BD00D2C25D026E083
:10972000FFFFFF1FA085031000B2FFFFFF00FFFF38
:1097300000D0FFFF80D1FFFF40CEFFFFF001FFFF11
:10974000D001FFFF029B013300D0F6E64B46002B11
:109750000DD10296F8E6049B002B0BD0029B01333F
:1097600000D0EAE64B46002BF3D00A2FF1D0049B41
:109770000293E9E6029B013300D0DEE65246179BD6
:109780001A604B46002BF0D10296DDE6049A531C7A
:10979000C0D00292D8E6C046F0B545464E46DE46F9
:1097A0005746E0B504000D00914698468BB0002B5B
:1097B00002D0002342461360002C29D02378002BCE
:1097C00026D04B46002B23D003221100149B1B7B79
:1097D00019401A4225D00027002D11D001216A48D6
:1097E00002E00137BD420BD0E35D0D2BF9D802003A
:1097F0001A411142F5D1BD4202D95A1E9341FF18B8
:109800004346002B05D0012342465B42136000E033
:10981000002738000BB0F0BCBB46B246A946A046B4
:10982000F0BD02ABD9750891002D00D19BE0149BCF
:10983000C3469E6800239A46149B002798460495C9
:10984000002E6ED04346E0191B7B002F02D104226C
:109850001343DBB2002217210992424602AD491997
:109860001268029109A90191009349463300FFF75C
:10987000B5FDD446099A9444E246002854D0237892
:109880003F1808970A2B2CD00D2B2AD0E35D0A2B0A
:109890002BD00D2B29D00499B94249D9B61A002BE7
:1098A000CED10D00D8460026002F29D04346002BEC
:1098B00002D0434652461A60002EAAD13B00002136
:1098C000BD42A6D9059804E0013301219D4226D06E
:1098D0001800E25C202AF7D00590002999D00700F3
:1098E00097E7D8460126049DDEE701370897002F49
:1098F00027D05B46002B00D18BE752461A6088E7E1
:10990000200008A9FFF78AFC4346002B17D001006E
:1099100000224846FCF726FC089F8246C9E72F0034
:1099200077E7D846049DBFE7D8460026049DBBE7ED
:109930005B460D00002BC1D052461A60BEE7089F5F
:10994000BAE7200008A9FFF769FC5B46002B08D0A6
:10995000010000224846FCF705FC5B46089F1860A2
:1099600057E7089F55E708A92000FFF757FC434633
:109970000100002BF5D000224846FCF7F3FB4346DC
:10998000089F186045E7C046FEDBFFFFF0B557466D
:10999000DE464E464546E0B58C46070083B00028BB
:1099A00061D0002A5FD0017800295CD00020804679
:1099B0006046002859D000200097002683460C00FE
:1099C000E2461F00019219E04E46009D0021AD19AC
:1099D0002800FFF723FC08213B7B020019422ED010
:1099E000232C00D0A9E05B46023B5A1E9341DBB218
:1099F0009B462C78002C2FD0B2452DD9731C99464C
:109A000063B2002BE0DA23001F22009D93434D44F4
:109A1000C02B68D023000F229343E02B2DD00723C7
:109A200022009A431300F02A42D04E4608223B7B84
:109A30001A4202D05B46012BDBD000240022210019
:109A40000198FCF78FFB0028D3D03B6840442C786A
:109A5000C3189846002CCFD14246002A05DD3B684A
:109A6000D31A984601E000239846404603B0F0BC64
:109A7000BB46B246A946A046F0BD2B78303219004D
:109A800091438029D1D10098B11C0500405C8946E2
:109A900001004D4491438029C7D124070240240C82
:109AA000A418FC229B01120113401C19033627E065
:109AB0002A78B13B110099438029B6D10099B01C96
:109AC0000D18095C89469943802920D10099F01C22
:109AD0000D18095C8C46994380291AD03B7B0600FF
:109AE0001B07A7D4A9E72A78813B11009943802955
:109AF0009BD1F821A401C9000C4013401C19023667
:109B0000002C02D1009B9D1990E7B1465CE706004E
:109B10008CE7E020A40440030440FC2012038002F0
:109B2000024014434A46FC20910162460001014074
:109B30001340CB181C190436E2E75B46012B00D01A
:109B40007DE7202C00D054E702239B4651E7C04616
:109B5000F0B5DE4657464E464546E0B51F008DB08F
:109B60008346100092460491FCF73CFB3B7B0600C9
:109B7000DA0701D56A4ABA60049A1278002A00D13D
:109B8000CBE03204120C05920022032491460322FA
:109B900000210120049D07961A401C4232D06B5CC4
:109BA0000D2B04D85F4A1A41104200D186E00131E2
:109BB0004B1CF4D15B467A685B68059C9818E042C0
:109BC00075D41B199B185A46280053603B00524617
:109BD0008944FFF7DBFE5B461B68834200DA030023
:109BE0005A461360049B4A461D009B5C4D44002B63
:109BF00000D176E0032203243B7B002101201A40A0
:109C00001C42CCD1172304A95B1898460024BE68D7
:109C10001A700A92002E27D03B7B2819002C02D103
:109C200004221343DBB2002241460B923A680291B0
:109C30000BA90191009351463300FFF7CFFB002899
:109C400011D02B7824180B9A0A940A2B3AD00D2B9A
:109C500038D02B5D0A2B37D00D2B35D0611C1ED090
:109C6000B61A002BD6D10026002C04D128000AA950
:109C7000FFF7D4FA0A9C002E11D121000022631CA8
:109C80000DD0069804E0013101224B1C27D00800BA
:109C90006B5C202BF7D001000690002A8AD15B462E
:109CA0007A685B682100059C9818E04289D50DB060
:109CB000F0BCBB46B246A946A046F0BD5A1E934131
:109CC000C91877E70126CFE7611C0A91002900D067
:109CD00070E70AA92800FFF7A1FA0A996AE7069037
:109CE00068E75B465A684B46079E002B09D0013D4A
:109CF0002B780A2B01D00D2B03D17B6805995B18BB
:109D0000D218002A04D15B463604360C5E60CEE7DA
:109D10007B68D21A5B465A60C9E75B465A68F0E72F
:109D2000FFFFFF1FFEDBFFFF10B50024046044604F
:109D3000002B06D0002A05D0002904D0FFF708FF29
:109D400010BDFEE7FEE7FEE7F0B5CE464746894682
:109D500011001A00002380B587B00593002A67D050
:109D6000140000285AD02568435D002B56D06F1C84
:109D70003E00B8465FB2002F3CDB26604C462360B5
:109D8000126882181378002B4BD058B2002849DA99
:109D90001F201C008443C02C68D00F201C0084436B
:109DA000E02C00D1D1E007201C0084432000F02CDF
:109DB00037D15478B13825008543802D31D195783D
:109DC0002E008643802E2CD1D67832008243802A02
:109DD00027D1E0229B0452031340FC222403920269
:109DE00014402343FC24AA012401224030401218CD
:109DF000D31817E01F273E001F00B743C02F19D00C
:109E00000F2637001E00BE43E02E3CD00726370049
:109E10001E00BE43F02E5ED04346236000234A4618
:109E2000136000230B6007B0C0BCB946B046F0BD5C
:109E300005AC96E73F274646BC462660865D370060
:109E400001966646B743802FE8D1F826674602356B
:109E500025604C46F6009B013340019E3740DB19DC
:109E60002360002BDDD0126882188BE750783F22E8
:109E700004009443802CD4D1F8249B01E4002340B7
:109E80000240D318CEE746463037BC462660865D92
:109E9000370001966646B743802FBFD1AE1C2660BF
:109EA000865D370002966646B743802FB6D1674677
:109EB000029E1B073740019EBC461F0CB301FC26C7
:109EC000033525604C46360167443340DB19236077
:109ED000002BA6D0C7E746462660865D3700019670
:109EE0003F26B743802F99D1AF1C2760C75D3E0046
:109EF00002973F27BE43802E00D08FE7EE1C2660DE
:109F0000865D0396BE43802E00D087E79B041E002B
:109F1000E0235B031E40B446019E04353303FC2658
:109F2000B602334066461E43B446029E2560B30126
:109F3000FC264C4636013340039E3E409B19634449
:109F40002360002B00D16CE78DE750783F2405009B
:109F5000A543802D00D064E792781500A543802D9D
:109F600000D05EE7FC251B0780012D011B0C28405B
:109F7000C3181440E31855E7030010B540681B6888
:109F800098470020E8F752FA10BDC04610B582B0DD
:109F900094460360059A049B42609A0803000833C4
:109FA0000193634692B2009303000448E8F72CFA49
:109FB000013843425841C0B202B010BD799F011030
:109FC00010B58068E8F732FA012010BD036810B5BB
:109FD0000400002B01D0012010BDE9F7CDF9236862
:109FE000002B02D0E9F7D4F9F5E70420E9F794FC57
:109FF00060600028F6D001232360F3E7036810B502
:10A000000400002B09D0012160684942E9F78AFF6A
:10A01000013843425841C0B210BDE9F7ADF9236899
:10A02000002B02D0E9F7B4F9EDE70420E9F774FC5E
:10A0300060600028F6D001232360F3E7036810B5C1
:10A040000400002B07D06068E9F79EFC013843420A
:10A050005841C0B210BDE9F78FF92368002B02D038
:10A06000E9F796F9EFE70420E9F756FC606000286D
:10A07000F6D001232360F3E7036810B50400002B3A
:10A0800001D0012010BDE9F777F92368002B03D137
:10A09000012263602260A360E9F77AF9F1E7C04624
:10A0A000036870B50400002B17D0E8F729FD050000
:10A0B000E9F762F9002263686260002B03D0E9F7D8
:10A0C00067F9012070BDA560E9F762F9012201215D
:10A0D00052420020E8F7E0FDF3E7E9F74DF9236885
:10A0E000002B03D1012263602260A360E9F750F9DD
:10A0F000DBE7C04670B50368040082B0002B12D0C5
:10A100000026E9F739F9A568A660002D1DD0E9F70A
:10A110003FF902230022002128000096E8F710FEF4
:10A12000012002B070BDE9F727F92368002B03D1A5
:10A13000012263602260A3600026E9F729F9E9F7AC
:10A140001BF9A568A660002DE1D101236360E9F742
:10A150001FF9E5E700234360036001207047C04614
:10A16000F0B5DE4657464E464546E0B583B000287A
:10A1700030D04278D31FDBB2032B2CD9102A65D004
:10A18000142A3CD00023132A1CD1C3889946002BE3
:10A1900017D08688002E14D0038900279A460369B9
:10A1A0009846444600252000A1780135FEF70CFDB5
:10A1B0000334AE42F7D84346013753449846B94575
:10A1C000EFD80123180003B0F0BCBB46B246A94645
:10A1D000A046F0BDFEE7032B0ED02A4A9B009D58F7
:10A1E000002DEEDD0469AD002D1920000434FEF7CA
:10A1F000D3FCA542F9D1E4E780256D00F2E7C388DE
:10A200009A46002BDDD08788002FDAD05646038986
:10A210005A085E439B460023019202699946904684
:10A220009619454600242800315D0134FEF7CCFC28
:10A230000235A742F7D843465B449846019BF6187F
:10A240004B46013399469A45EBD8BAE7C3889946FD
:10A25000002BB6D08688002EB3D0038900279A46FB
:10A26000036998464546002428000134FEF794FC13
:10A270000435A642F8D84346013753449846B945B9
:10A28000F0D89EE760C20310F0B5CE46474680B5D1
:10A290000B7D02000C0097B0022B1BD98B69002BA1
:10A2A00002D00B7F002B15D015006846216838328C
:10A2B000FDF730FF00280DD0AA6C136890461B896B
:10A2C0001E004C23D05CF1F723FA031E07D02100B7
:10A2D0002800984717B0C0BCB946B046F0BD6368C7
:10A2E0001F1E00D1B3E0694668462269FDF712FFE0
:10A2F0000028EFD0226A002A05D069466846FDF79B
:10A3000009FF0028E6D06846FEF726FB0590684660
:10A31000FEF728FB212307960690227D04ADEA5420
:10A320000733E25C063BEA54A36866680B9320237C
:10A33000207BA946E854FEF7A3FB236901999C46BC
:10A340005B680B9FCB1A7B436746009A3F68D71B1D
:10A350007843C0081B18F3180A930023A0690993D7
:10A36000002817D0237F012B00D1EEE0236A28615B
:10A370009C46002B40D0636A002B00D1ECE04D4698
:10A380006B6165466D68491B4B4361460968521A0B
:10A390009B18C0184B466A4618610DAB23CA23C3ED
:10A3A000454612680DA81A60AA6969695242494275
:10A3B000FDF7A2FE226911AB13CA13C3126811A8DC
:10A3C0001A60AA69696952424942FDF795FEAB6974
:10A3D000019A0099D21A6B692800C91AEEF724FD78
:10A3E0004C230490EB5C063BDBB2152B00D971E7E4
:10A3F0005E4A9B00D3589F46FEE7484611F058FF3F
:10A4000068E7484615F09CF964E748460AF058FCAE
:10A4100060E7484601F040FB5CE70421484618F03D
:10A420003DFE57E7484604F08FFE53E703214846B8
:10A4300018F034FE4EE7484600F06CF94AE748460B
:10A440000CF0C4FD46E748460FF04CF942E7684679
:10A45000FEF782FA05906846FEF784FA210006901E
:10A460000796237D04ADEB76032215310AA8E7F7A2
:10A470002BF8A369A9460997002B03D0227F012A54
:10A4800000D01F004E466A4637610BAB23CA23C378
:10A49000454612680BA81A60AA6969695242494286
:10A4A000FDF72AFEAB69019A0099D21A6B69280060
:10A4B000C91AEEF7B9FC33690490002B0FD0606A1B
:10A4C000002844D04D46216A019A4C686861121BED
:10A4D00050430968009A521A80181B182B614C23AC
:10A4E0004246D35C063BDBB2152B00D9F2E6204A8C
:10A4F0009B00D3589F46484614F060FFEAE6484662
:10A5000009F0FEFEE6E6484600F06EFFE2E6484649
:10A5100011F0CCFCDEE60421484618F075FBD9E6C4
:10A52000484604F081FAD5E60321484618F06CFB52
:10A53000D0E6484600F088F8CCE648460CF088FBA8
:10A54000C8E648460EF0BCFFC4E6002022E7206AB9
:10A55000FEF702FA3369B5E76046FEF7FDF9226AB5
:10A560000300944628690199009A08E76CC2031019
:10A57000C4C20310F0B5D6464F4646468368C0B500
:10A580009A46212301694568C75C0468C6680029AA
:10A5900036D043699C465346FC2F19D9002B12DD57
:10A5A00000239846002D0EDD0023CA5CE05C90423B
:10A5B00000D2E25401339D42F7D101239844A419FB
:10A5C0006144C245F0D1E0BCBA46B146A846F0BDF0
:10A5D000002BF8DD00239946002DF4DD00228B5C72
:10A5E000A05C7B431B0A984200D2A35401329542DF
:10A5F000F5D101239944A4196144CA45EED1E2E79B
:10A600005346FC2F0CD9002BDDDD002720002A004B
:10A61000FF210137EAF76EFFA419BA45F6D1D2E758
:10A62000002BD0DD002DCEDD651923001A78BA424B
:10A6300000D21F7001339D42F8D10131A419AD1928
:10A640008A45F2D1BFE7C046F0B546464F46D646EA
:10A65000C0B58368016998464568C77EC6680468C6
:10A66000002934D043699C464346FC2F17D9002B60
:10A6700010DD0027002D0DDD0023CA5CE05C904258
:10A6800000D2E25401339D42F7D10137A41961444D
:10A69000B845F1D1E0BCBA46B146A846F0BD002BA2
:10A6A000F8DD00239946002DF4DD00228B5CA05CD0
:10A6B0007B431B0A984200D2A35401329542F5D144
:10A6C00001239944A4196144C845EED1E2E7FC2F67
:10A6D0000CD9002BDEDD002720002A00FF210137E6
:10A6E000EAF708FFA419B845F6D1D3E7002BD1DD6E
:10A6F000002DCFDD0021651923001A78BA4200D25F
:10A700001F7001339D42F8D10131A419AD1988455C
:10A71000F2D1BFE7F0B5DE4657464E464546202209
:10A72000E0B5825C0300063AD2B285B0152A05D89E
:10A73000C44992008A589746FFF71CFF05B0F0BC49
:10A74000BB46B246A946A046F0BD826805690192A3
:10A750002122865CC26844689146826901689446F9
:10A76000C2699246002D00D194E143699B46019B4A
:10A77000FC2E00D83FE1002BE0DD0026002CDDDDC3
:10A7800067469C4601960022781C0678AB5C7343B2
:10A790008E5C1B0A9E4200D28B54013202309442DE
:10A7A000F3D1019B4944013357445D4401939C45D7
:10A7B000E9D1C3E79A681D69924621229A5C4068F4
:10A7C0009146DA681C689346DA6999690192002D0E
:10A7D00000D139E15B6902934B46FC2B00D8DDE0E8
:10A7E0005346002BAADD072300269C46012700289C
:10A7F000A4DDB1462E0025000400080000236146B8
:10A80000DA10825C99430A41174204D0F25CE95C99
:10A81000914200D2EA5401339C42F0D1019B5D4445
:10A82000C018029BF6184B46013399469A45E5D16C
:10A8300084E782681D6992462122865CC26844686A
:10A840009446DA69016891468069002D00D171E172
:10A850005B699B465346FC2E00D881E0002B00DC50
:10A860006CE70026002C00DC68E70023EF5CC25C8C
:10A870007A43CF5C120A974200D2CA5401339C42F9
:10A88000F4D10136614448445D44B245EDD155E709
:10A890009A681D69029221229A5C40689446DA689F
:10A8A00019689146DA699E699346002D00D119E135
:10A8B0005B6901936346FC2B24D9029B002B00DCCF
:10A8C0003CE70023002800DC38E71F00029BB2466B
:10A8D0009C4653460022DC1C2678AB5C73438E5C9E
:10A8E0001B0A9E4200D28B54013204349042F3D1B1
:10A8F00053465B449A46019B01374944ED18BC45D9
:10A90000E7D11BE7029B002B00DC17E700230028A0
:10A9100000DC13E79A46B0466346029A4446E71CB9
:10A9200094462E003A001D0000271378F45D6B4317
:10A930005C43CB5D240CA34200D2CC5501370432DA
:10A94000B842F2D144465C44A046019C2B00351924
:10A95000544662460134A2464944A242DED1EDE6A5
:10A96000002B00DCEAE600230193002C00DCE5E686
:10A970000023EF5CC25C77437A43CF5C120C9742B2
:10A9800000D2CA5401339C42F3D1019B614401338C
:10A9900048445D4401939A45EAD1CFE65346002BE3
:10A9A00000DCCBE6002307270126A84603930028F6
:10A9B00000DCC3E600233D00DA108A5C9D432A4197
:10A9C000164208D042464D46D25C6A43E55C120A04
:10A9D000954200D2E25401339842ECD1019B029A95
:10A9E000C91843469B189846039B5C440133039364
:10A9F0009A45DFD1A2E6002B00DC9FE60023002C65
:10AA000000DC9BE6E046019A019343460020944611
:10AA10005F1C3A782B5C534373430A5C1B0C9A42CD
:10AA200000D20B54013002378442F2D143466246D1
:10AA300053449846019B494401335D4401939A4233
:10AA4000E3D17BE61CC303104B46FC2B00D9E4E0AA
:10AA50005346002B00DC71E6002301359C4600289C
:10AA600000DC6BE600230727DA108A5C9F433A413B
:10AA7000154204D0E25C4F464A4500D2E754013308
:10AA80009842F0D1019B5C44C91801239C44E245E3
:10AA9000E8D153E6019BFC2E00D99DE0002B00DCA1
:10AAA0004CE6002C00DC49E66346E346944664002D
:10AAB0000133E41808001A7807787243120A9742A3
:10AAC00000D20270023301309C42F4D15B46019AFD
:10AAD000634401359B4649446444AA4200D12DE6B3
:10AAE0000133E7E76346FC2B56D8029B002B00DCC2
:10AAF00024E6002800DC21E66746B2469446800042
:10AB0000F31CC0180C001A7826787A43120A964271
:10AB100000D22270043301349842F4D15346029A91
:10AB2000634401359A4649446044AA4200D105E68F
:10AB30000333E7E75346FC2E17D8002B00DCFDE576
:10AB40000027002C00DCF9E50022835C8D5C734358
:10AB50001B0A9D4200D28B5401329442F5D1013739
:10AB600061444844BA45EFD1E8E5002B00DCE5E557
:10AB700000265746002C00DCE0E50023C25CCD5CDB
:10AB8000954200D2CA5401339C42F7D10136614448
:10AB90004844B742F1D1D1E5029B002B00DCCDE562
:10ABA000002800DCCAE500279446F31C8000181832
:10ABB0000A001C781578A54200D2147004330132C3
:10ABC0009842F6D1029B0137494466446044BB4237
:10ABD00000D1B3E5F31CEBE7002B00DCAEE5002C65
:10ABE00000DCABE56346674600269446013364000B
:10ABF0001C190A0018781578854200D210700233AB
:10AC000001329C42F6D1019B0136494467446444B9
:10AC1000B34200D192E57B1CEBE75346002B00DCEE
:10AC20008CE500239C46002800DC87E501250023F5
:10AC30000727DA108A5C9F433A41154201D0FF2270
:10AC4000E25401339842F3D1019B5C44C9180123BB
:10AC50009C44E245EBD171E5F0B5DE4657464E46E1
:10AC600045462123E0B5846891B00594C35C05682E
:10AC70000193C36807690693836982460293C36997
:10AC800002220793436946688B460EA80021089369
:10AC900004950397EAF72EFC12230AA8181802223B
:10ACA0000021EAF727FC022200210FA8EAF722FC84
:10ACB00001230AAA5B42D38252462333D35C002B82
:10ACC00000D19FE0002C00DC95E0002E00DC92E03B
:10ACD000A94676000024B144002F00D16AE20DABF2
:10ACE00098460994029E039F049D46E069780229D4
:10ACF00063D902283CDDFF2900D122E10AABDB7CCD
:10AD00008B4200D12CE1FF22531A111A5943091228
:10AD1000C9430AABC9B299750302181AE6F7CEFA0D
:10AD20000AABD8756B780AAA2978528A1B020B43A2
:10AD30009A4200D10CE143466A461B880AA8138751
:10AD40001223022229001818E6F7BEFB0AABDA7DAF
:10AD5000FF23991A2B7862434B439B181B0A0AAABC
:10AD60001375937D5375022228000FA9E6F7ACFBFB
:10AD700002355E4401374D4529D03000FDF76EFFA6
:10AD8000534622229B5C032B00D1CEE000D9C2E0C7
:10AD9000012B00D1CEE0022BEAD12B781C1AE24322
:10ADA000D2171440E4B201993A784A43414610124E
:10ADB000120A0C704A70FC2898DD280002224146D5
:10ADC0000235E6F781FB5E4401374D45D5D1039B43
:10ADD000089A07999B180393069A049B91449B1821
:10ADE0000493029B059A5B180293099B0133099314
:10ADF0009A4200D076E711B0F0BCBB46B246A946F5
:10AE0000A046F0BD039B002B00D1AFE0019BFC2BC3
:10AE100000D940E1059B002BEDDD002EEBDD049A0F
:10AE20007300D218002509930DAB924698460495FD
:10AE30005346099A029F039E9C1A42E002283BDD7A
:10AE4000FF2A00D112E10AA9C97C914200D116E182
:10AE5000FF210B1A891A59430912C9430AABC9B217
:10AE600099750302181AE6F729FA0AABD8756378C0
:10AE70000AAA2178528A1B020B439A4200D104E1AC
:10AE80006B461D8712230AA8022221001818E6F734
:10AE90001BFB0AABDA7DFF2321789B1A4B43494603
:10AEA0004A439B181B0A0AAA1375937D5375022205
:10AEB00020000FA9E6F708FB02345F440136A245E3
:10AEC00018D03800FDF7CAFE8146019A337849460A
:10AED0005343424618121B0A11705370158862784A
:10AEE000022AABD825702D0A657002345F44013602
:10AEF000A245E6D1029B079A9B180293089A039BEE
:10AF00009B18069A0393049B9244059A0133049379
:10AF10009A428DD16FE7042B00D029E72B781C1AB9
:10AF2000E217A4185440E4B23DE72B7858430412CA
:10AF3000E4B238E72B78C418FF2C00DDFF24E4B21C
:10AF400031E7091A4B4360431B181B0A2B700FE7AC
:10AF50006B461A8F43461B889A4200D0EBE602E705
:10AF60000AAB5B7C934200D0CDE6DBE6019BFC2B79
:10AF700000D9CEE1059A002A00DC3CE7002E00DC77
:10AF800039E7022B00D8EAE1049A7300D21808933B
:10AF9000FF2300269146019A9A469B1A0BAD049313
:10AFA00003964B46089A029F9C1A40E0FF2B00D163
:10AFB00002E20AAAD27C9A4200D10DE25246D11A8C
:10AFC000049B59430912C9430AABC9B29975019B45
:10AFD0001802C01AE6F772F90AABD87563780AAAA4
:10AFE0002178528A1B020B439A4200D1EEE16B4654
:10AFF0001E8712230AA8022221001818E6F764FA15
:10B000000AABDA7D5346991A23784B4341464A43AB
:10B010009B181B0A0AAA1375937D53750222200000
:10B020000FA9E6F751FA02345F44A14511D0380068
:10B03000FDF714FE019B28706B70637880462E88A4
:10B04000022BB3D82670360A667002345F44A145DD
:10B05000EDD1029B079A9B18069A0293039B914499
:10B06000059A013303939A429BD1C4E6131A4A46C8
:10B07000217850434B431B181B0A23701CE70AA975
:10B08000497C994200D0E3E6F1E66B461B8FAB4268
:10B0900000D0F5E60BE7059B002B00DCABE6002EAD
:10B0A00000DCA8E6049A7300D218002509930CABC3
:10B0B0009246984601955346099A029F039E9C1A10
:10B0C00042E06278022A4AD9022B38D9FF2A5FD09F
:10B0D0000AA9C97C914268D0FF21C81A891A414344
:10B0E0000912C9431802C9B20AAAC01A9175E6F733
:10B0F000E5F80AABD87563780AAA2178528A1B0250
:10B100000B439A424CD06B461D8712230AA8022299
:10B1100021001818E6F7D8F90AABDA7DFF23217869
:10B120009B1A4B4349464A439B181B0A0AAA1375AC
:10B13000937D5375022220000FA9E6F7C5F902346A
:10B140005F440136A24512D03800FDF787FD424624
:10B1500033781070537081461588FC2BB1D9257057
:10B160002D0A657002345F440136A245ECD1029B82
:10B17000079A9B180293089A039B9B18069A0393BD
:10B18000019B9244059A013301939A4293D132E68E
:10B190002178D21A4A434343D3181B0A2370CEE7BF
:10B1A0006B461B8FAB42AED1C4E70AA9497C9942DA
:10B1B00092D1A0E72223FF229846019B0394D21A42
:10B1C0001C00534608920193A246049E029C0DAFB8
:10B1D00045E07278022A5AD9514602293BD9FF2A02
:10B1E00000D183E00AABDB7C934200D18BE0FF23EC
:10B1F000991A089B59430912C9430AABC9B29975F8
:10B2000053461802C01AE6F759F80AABD875737896
:10B210000AAA3178528A1B020B439A426DD06A46C1
:10B220003B880AA813871223022231001818E6F778
:10B230004BF90AABDA7DFF2331789B1A4B436A4303
:10B240009B181B0A0AAA1375937D537502223000BE
:10B250000FA9E6F739F902365C444E4520D02000AC
:10B26000FDF7FCFC4246019B9B5C032B39D028D8A0
:10B27000012B2FD0022BEED133781D1AEA43D217BF
:10B280001540EDB252463D707A70FC2AA1D93000CB
:10B29000022239000236E6F717F95C444E45DED14A
:10B2A000069A049B07999B180493029B91445B1890
:10B2B0000293039B059A0133544603939A4283D128
:10B2C00099E5042BC7D133781D1AEA17AD185540FC
:10B2D000EDB2D7E733781D18FF2DF9DDFF25EDB26C
:10B2E000D0E7337858430512EDB2CBE7521A5343F7
:10B2F0004D435B191B0A3370ADE76B461A8F3B88D1
:10B300009A428CD1A2E70AAB5B7C534500D06EE732
:10B310007DE7059B002B00DC6DE5002E00DC6AE577
:10B320000022049B760099469E19029B9046FF27B7
:10B330009A4655464C462800FDF790FC67702070F1
:10B3400002345D44A642F6D1079A069B924401223C
:10B350009944F618059B90444345EAD14BE57200A9
:10B36000904600229A469146049E0BAD46444346C1
:10B37000F41A330056469A46029F3800FDF76EFCD9
:10B38000637828706E70022B03D82B8823701B0AF9
:10B39000637002345F44A245EFD15346079AB24628
:10B3A0001E00029B9B18029301239944069BF618EA
:10B3B000059B4B45DBD11EE5019922785B1A5A4368
:10B3C00003004B43D3181B0A23702CE66B461B8FDC
:10B3D000B34200D00BE621E60AAA527C01998A42C8
:10B3E00000D0EBE5FAE5C046F0B5DE4657464546E7
:10B3F0004E46E0B5836891B00093C37E0EAF984689
:10B40000036902229A46436900210293C368456892
:10B41000040038000193EAF76DF80A230CA8181805
:10B4200002220021EAF766F8022200210FA8EAF7BB
:10B4300061F801235B42FB805346002B00D117E1EA
:10B440004346A069FC2B00D872E0FDF7DBFB009BB4
:10B450008346002B65DD002D63DD6A00904623687E
:10B4600003929844002399460DAC4346039A5646EE
:10B470009D1A3EE06A78022A41D9022B35D9FF2A6B
:10B4800000D1CBE0F978914200D1D0E0FF21C81A79
:10B49000891A41430912C9431802C9B2B971C01AC5
:10B4A000E5F70CFFF8716B7829787A881B020B435B
:10B4B0009A4200D1C7E023880CA83B800A230222CD
:10B4C00029001818E6F700F8FF23FA7929789B1A63
:10B4D0004B4359464A439B181B0A3B71BB797B710E
:10B4E000022228000FA9E5F7EFFF02350136454596
:10B4F0000ED05A46337822706370FC2BBAD92800DC
:10B50000022221000235E5F7DFFF01364545F0D183
:10B51000029B9A4401239944019B9844009B4B450C
:10B52000A3D111B0F0BCBB46B246A946A046F0BDBF
:10B53000FDF768FB009B8346002BF2DD002DF0DD5C
:10B540006A00914623680492994400230DAC03934A
:10B550004B46049A56469D1A38E0022832DDFF2AEF
:10B5600053D0F978914274D0FF210B1A891A5943AC
:10B570000912C9430302C9B2B971181AE5F79EFE50
:10B58000F8716B7829787A881B020B439A426AD04B
:10B5900023880CA83B800A23022229001818E5F70B
:10B5A00093FFFF23FA7929789B1A4B4359464A4364
:10B5B0009B181B0A3B71BB797B71022228000FA9E3
:10B5C000E5F782FF023501364D4513D04246337808
:10B5D00053435A4622706A7818121B0A6370022A73
:10B5E000BBD82800022221000235E5F76DFF0136A5
:10B5F0004D45EBD1029B019A9A44039B9144009ADA
:10B60000013303939A42A3D18BE7131A5A46297840
:10B6100050434B431B181B0A2B70D3E72978D21ACF
:10B620004A4359464B43D3181B0A2B705DE7797880
:10B63000994200D02AE76B7829787A881B020B435D
:10B640009A4200D037E73A8823889A4200D032E7FE
:10B6500046E77978994287D16B7829787A881B02F6
:10B660000B439A4294D13A8823889A4290D1A4E716
:10B670004346A069FC2B00D897E0FDF7C3FA009B76
:10B68000002B00DC4DE72A00113A0F2311009943EB
:10B69000002327689B461031102D03DC0021102D5C
:10B6A00000DCF5E1130998460323924699464C467F
:10B6B0004A463B003C40174200D03CE14246FF2650
:10B6C000013202923602C14A064316400204164372
:10B6D000FF2212063243029E01341A605A609A60B9
:10B6E000DA601A615A619A61DA612033A642F3D8AE
:10B6F0008D4200DC4AE152466C1A631E02934B00F5
:10B7000099464B1C9A465B0004938B1C9C465B003D
:10B710000693CB1C07935B0008930B1D09935B00FA
:10B720000A934B1D0B9363460593534688469246F6
:10B7300021000393029B062B71D94B46FB189A07F5
:10B740006FD1FF24A14E2402044334400604264353
:10B75000FF24240634434A081C605C609C60DC6063
:10B76000042A09D01C61052A06D05C61062A03D090
:10B770009C61072A00D0DC6101230B4208D00A003B
:10B780009A431300FF2243445B00FB1818705A7061
:10B7900001239B44009B9B4500D1C2E6019BFF18FF
:10B7A000102DC7DD524641467CE7FDF72BFA009B82
:10B7B000002B00DCB5E6002D00DCB2E623689946DC
:10B7C0004346022B00D9EAE000239A46019B4646F5
:10B7D0009B4680466D004D440DAC4F46434623705A
:10B7E0007B786670022B0AD90237BD42F6D101235D
:10B7F0009A44009BD9445D445345EED191E638000C
:10B80000022221000237E5F75FFEBD42E6D10123A7
:10B810009A44009BD9445D445345DED181E64B46B2
:10B82000FB18FF2218705A70039BAB42B0DA049BDE
:10B83000FB1818705A70059BAB42A9DA069BFB18DF
:10B8400018705A70079BAB42A2DA089BFB1818705D
:10B850005A70099BAB429BDA0A9BFB1818705A700E
:10B860000B9BAB4294DA5B00FB1818705A7043468E
:10B870000633AB428CDA4B460C33FB1818705A7007
:10B8800043460733AB4283DA4B460E33FB1818703E
:10B890005A70434608339D4200DC79E74B4610332B
:10B8A000FB1818705A70434609339D4200DC6FE75D
:10B8B0004B461233FB1818705A7043460A339D42A8
:10B8C00000DC65E74A46FF231432BA181070537043
:10B8D00042460B32954200DC5AE74A461632BA1805
:10B8E0001070537042460C32954200DC50E74A46D5
:10B8F0001832BA181070537042460D32954200DC6F
:10B9000046E74A461A32BA181070537042460E3251
:10B91000954200DC3CE74A461C32BA18107053705E
:10B9200042460F32954200DC32E74A461E32BA18D0
:10B93000107053702CE74246541CFF226401E41936
:10B9400018705A709870DA7018715A719871DA71AB
:10B9500018725A729872DA7218735A739873DA738B
:10B9600018745A749874DA7418755A759875DA756B
:10B9700018765A769876DA7618775A779877DA774B
:10B9800020339C42DCD18D4200DDB4E6019BFF18E0
:10B9900001239B44009B5B4500D088E6C1E56B001A
:10B9A0009944029300239A464346434342460493F4
:10B9B000FF234E4681469B469B1A0DAC0393029B88
:10B9C000F51A4346B0461E0038E0C046FFFF00FFB0
:10B9D000FF2B4CD0FA789A4256D05A46D11A039B84
:10B9E000300259430912C943C9B2B971801BE5F746
:10B9F00065FCF8716B7829787A881B020B439A42B0
:10BA00003DD023880CA83B800A2302222900181865
:10BA1000E5F75AFD5B46FA79991A2B784B4349466C
:10BA20004A439B181B0A3B71BB797B710222280099
:10BA30000FA9E5F749FD0235A8450DD04B46237007
:10BA40006B786670022BC3D82800022221000235D1
:10BA5000E5F73AFDA845F1D1330046469846012363
:10BA60009A44019BF618009B5345A8D159E52A78C2
:10BA70009B1B5343049A9B181B0A2B70DBE73A88E5
:10BA800023889A42BDD1D1E77A78B242A5D1B1E7F5
:10BA9000002D00DD30E644E5F0B54546DE4657466C
:10BAA0004E462023E0B5C35C0500063BDBB29DB0EB
:10BAB0000F2B06D8D14A9B00D3589F460321FFF78E
:10BAC000CBF81DB0F0BCBB46B246A946A046F0BDBF
:10BAD00021238668C1690796C35C0991416998462C
:10BAE0000A911AA98B46036802220493C3680021B5
:10BAF0000893836944680293036958460593E9F7FC
:10BB0000F9FC3A230CAA9B18180002220021039387
:10BB1000E9F7F0FC1BAB0021180002220193E9F7C2
:10BB2000E9FC012359465B42CB802333EF5C002FB5
:10BB300001D100F002FD002EC3DD002CC1DD059A0D
:10BB40006300002A01D101F096FE029AB946D3188B
:10BB500000220B9219AA92465A469B46029D0692D3
:10BB6000059F049E46E07178022962D902283CDDD7
:10BB7000FF2901D101F03AF8069AD2788A4201D120
:10BB800001F08FF8FF22531A111A59430912C943C1
:10BB9000069BC9B299710302181AE5F78FFB069B41
:10BBA0001A00D8717378317852881B020B439A427D
:10BBB00001D101F06CF8534606981B8802220380DD
:10BBC00031000398E5F780FCFF230698C279991AA3
:10BBD000337862434B439B181B0A0371837943718B
:10BBE000022230000199E5F76FFC02350137023679
:10BBF0005D4528D04B462C78032B01D100F0D3FFB4
:10BC000001D900F07DFF012B01D100F0D1FF327886
:10BC1000141BE343DB171C40E4B239786B784B43C9
:10BC200041464B43514618141B0C0C704B70FD28B9
:10BC300099D13000022251460235E5F745FC013723
:10BC400002365D45D6D10B9B079A01330B939A427E
:10BC500000D136E7059B0A9A09999B180593089A23
:10BC6000049B8B449B180493029B5B181D0002935A
:10BC700076E721234468866805940696C35C022211
:10BC80000293036800210493C3680793836999466C
:10BC9000C369089303699846436909931AAB18006E
:10BCA0009B46E9F727FC3A230CAA9B1818000222AE
:10BCB00000210393E9F71EFC1BAB022218000021B0
:10BCC0000193E9F717FC01235A465B42D3802333E3
:10BCD000EF5C002F01D100F0BFFC002E00DCF0E68D
:10BCE000231E00DCEDE64246002A01D101F09CFB58
:10BCF00000220A925A46BA469B4619AC0592002683
:10BD0000049F44E0797802295FD902283BDDFF29AE
:10BD100001D100F05BFF059BDB788B4201D100F085
:10BD2000A4FFFF22531A111A59430912C943059B54
:10BD3000C9B299710302181AE5F7C0FA059B1A00F7
:10BD4000D8717B78397852881B020B439A4201D113
:10BD500000F094FF2388059802220380390003989D
:10BD6000E5F7B2FBFF230598C279991A3B786A433D
:10BD70004B439B181B0A03718379437102223800DD
:10BD80000199E5F7A1FB01360237B34526D04B46B2
:10BD90009D5D5346032B01D100F0F8FE01D900F060
:10BDA000BBFE012B01D100F0E1FE3B785D1BEA43B5
:10BDB000D2171540EDB242460299925D25704A4372
:10BDC0001012120A6270FC289CDD38000222210049
:10BDD0000136E5F779FB0237B345D8D1099B079ABD
:10BDE0009844049B9B180493089B069A99440A9BC9
:10BDF00001330A939A4200D081E762E674C30310CC
:10BE0000436804699A468368022206932123C35C2F
:10BE100000210293036826000493C3680793836993
:10BE20009946C369089343690A931AAB18009B4665
:10BE3000E9F760FB3A230CAA9B18180002220021A4
:10BE40000393E9F757FB1BAB022218000021019373
:10BE5000E9F750FB01235A465B42D3802333EB5C66
:10BE6000002B00D02DE6029B002C01D100F079FCC4
:10BE7000FC2B01D901F077F9069B002B00DC20E6B2
:10BE800000239846534619AC002B00DC19E60593B5
:10BE90004346B246A0460B930992012300269B46D7
:10BEA000049F43E002283ADDFF2A01D100F098FF09
:10BEB0000999C978914201D101F085FAFF210B1A45
:10BEC000891A59430912C943099BC9B299710302DE
:10BED000181AE5F7F3F9099BD871099A7B78397834
:10BEE00052881B020B439A4201D101F074FA09985F
:10BEF0000222390005800398E5F7E6FAFF23099846
:10BF00003978C2799B1A4B4362439B181B0A037111
:10BF100083794371022238000199E5F7D5FA059B30
:10BF200001360237B34201D100F070FE4A46F310E9
:10BF3000D45C0723B3431C415B461C405346029A22
:10BF40009B5D644253434246E4B218121B0A1470CC
:10BF5000537015887A78022AA4D83D702D0A7D7016
:10BF6000DDE721238768C2680697C35C0792826970
:10BF70009A460292C26903680892426900210A92B5
:10BF80001AAA934644680222066958460593E9F7BF
:10BF9000B1FA3A230CAA9B1818000222002103933D
:10BFA000E9F7A8FA1BAB0222180000210193E9F778
:10BFB000A1FA01235A465B42D3802333EB5C002B6A
:10BFC00000D18DE1002F00DC7BE5002C00DC78E562
:10BFD000059B64001B191A00002E01D101F090FB93
:10BFE00000220B9219AA914652469846DA46AB4671
:10BFF00004920996029C099D059F47E079780229E1
:10C0000072D902283DDDFF2901D100F0F7FD52462B
:10C01000D2788A4201D100F057FEFF22531A111A3A
:10C0200059430912C9435346C9B299710302181AF8
:10C03000E5F744F95346D87152467B7839785288EF
:10C040001B020B439A4201D100F034FE4B4652468C
:10C050001B883900138003980222E5F735FA53460E
:10C06000DA79FF23991A3B7872434B439B18524667
:10C070001B0A137193795371022238000199E5F775
:10C0800023FA023704340135B84537D06278237873
:10C0900012021A43A378E0781B04134300061843E6
:10C0A000FCF7EAFD5B4622229B5C032B01D100F0EA
:10C0B00087FD01D900F03CFD012B01D100F06BFDA3
:10C0C000022BDED13A78161AF343DB171E40F6B284
:10C0D0002978E3784B4304994B43494618141B0CC9
:10C0E0000E704B70FD2889D1380002224946023774
:10C0F000E5F7EAF904340135B845C7D1099B0A9A36
:10C1000008999B180993079A059B90449B180593DF
:10C11000029B069A5B1802930B9B01330B939A4286
:10C1200000D067E7CDE40421FEF796FDC9E42123A2
:10C130008668C2690796C35C089242699A460A9269
:10C140001AAA9346036807690293C36802220993F7
:10C15000836900214468584606930597E9F7CAF9B0
:10C160003A230CAA9B181800022200210393E9F736
:10C17000C1F91BAB0222180000210193E9F7BAF9BB
:10C1800001235A465B42D3802333EB5C002B00D162
:10C1900042E1002E00DC94E4002C00DC91E4640019
:10C1A000002F01D101F0F7F90022904619AA91461B
:10C1B0005246069B04921B194246DA469846AB4605
:10C1C0000B92069F059D029E47E07178022967D970
:10C1D00002283DDDFF2901D100F000FD5346DB7848
:10C1E0008B4201D100F082FDFF22531A111A5943EC
:10C1F0000912C9435346C9B299710302181AE5F7E7
:10C200005DF85346D87152467378317852881B02D4
:10C210000B439A4201D100F05FFD4B4652461B880A
:10C220003100138003980222E5F74EF95346DA797C
:10C23000FF23991A337862434B439B1852461B0ADB
:10C24000137193795371022230000199E5F73CF99B
:10C2500002370135023647452CD03888FCF7E4FC1C
:10C260005B4622229B5C032B01D100F079FC01D9B3
:10C2700000F06AFC012B01D100F080FC022BE7D119
:10C2800033781C1AE243D2171440E4B204992A7896
:10C290004A4349461012120A0C704A70FC2894DD79
:10C2A0003000022249460237E5F70EF90135023621
:10C2B0004745D2D1059B0A9A08999B180593099A7C
:10C2C000029B88449B180293069B079A5B1806936F
:10C2D0000B9B01330B939A4200D072E7FFF7F1FBFF
:10C2E0005346002E00D192E3FC2B01D900F0CCFF85
:10C2F000069B002B01DCFFF7E4FB002C01DCFFF7C1
:10C30000E0FB059A63000B93D3180022099213AA4D
:10C3100090465A469B46059604925B460B9A029CB1
:10C32000059F9D1A42E002283BDDFF2A01D100F063
:10C33000F7FC0499C978914201D100F00DFDFF216D
:10C340000B1A891A59430912C943049BC9B299713E
:10C350000302181AE4F7B2FF049BD871049A6B78B1
:10C36000297852881B020B439A4201D100F0ECFC61
:10C3700004980222290006800398E5F7A5F8FF2318
:10C3800004982978C2799B1A4B4349464A439B1823
:10C390001B0A037183794371022228000199E5F792
:10C3A00093F8023504340137AB4523D06278237803
:10C3B00012021A43A378E0781B04134300061843C3
:10C3C000FCF75AFCE2783B78814653435246494693
:10C3D0005343424618141B0C1170537016886A7828
:10C3E000022AA0D82E70360A6E7002350434013746
:10C3F000AB45DBD1029B089A9B1802930A9A059BD6
:10C400009B18079A0593099B9344069A0133099355
:10C410009A4282D1FFF755FB059B002B00D1BBE26E
:10C420005346FC2B01D900F07AFD079B002B01DC61
:10C43000FFF747FB002C01DCFFF743FB069A630084
:10C440000B93D3180FAA002690465A469B46069691
:10C4500004925B460B9A059F029C9D1A42E00228BB
:10C460003BDDFF2A01D100F065FC0499C9789142B7
:10C4700001D100F079FCFF210B1A891A59430912E6
:10C48000C943049BC9B299710302181AE4F716FF55
:10C49000049BD871049A6378217852881B020B435D
:10C4A0009A4201D100F068FC049802222100068023
:10C4B0000398E5F709F8FF2304982178C2799B1ABD
:10C4C0004B4349464A439B181B0A037183794371C6
:10C4D000022220000199E4F7F7FF02350137023408
:10C4E000AB4518D02888FCF79FFB524681463B7825
:10C4F00049465343424618121B0A1170537016885E
:10C500006278022AABD826700235360A6670013787
:10C510000234AB45E6D1029B099A9B1802930A9A12
:10C52000059B9B18089A0593069B9344079A013331
:10C5300006939A428DD1FFF7C4FA059B002B00D1D8
:10C54000BBE14346FC2B01D900F079FD079B002B92
:10C5500001DCFFF7B6FA002C01DCFFF7B2FA029B10
:10C56000650099460023A944069319AC029D059FD6
:10C57000049E43E002283CDDFF2A00D1C7E3594670
:10C58000C978914201D100F00BFCFF210B1A891AE6
:10C5900059430912C9435B46C9B299710302181A7B
:10C5A000E4F78CFE5B46D8715A467378317852882E
:10C5B0001B020B439A4201D100F0FAFB5A46238832
:10C5C0003100138003980222E4F77EFF5B46DA799C
:10C5D000FF2331789B1A4B4351464A439B185A46D6
:10C5E0001B0A137193795371022230000199E4F709
:10C5F0006BFF023501370236A94518D02B786A78CF
:10C600009A463B78534342465343524622707278CF
:10C6100018141B0C6370022AACD8300002222100CF
:10C620000235E4F751FF01370236A945E6D1049BF4
:10C63000089A0A999B180493099A029B91449B18A3
:10C640000293059B079A5B180593069B013306939B
:10C650009A428BD1FFF735FA4346002B00D1F5E023
:10C66000029BFC2B00D9D5E3069B002B01DCFFF7D6
:10C6700028FA00239A46059B16AF002B01DCFFF732
:10C6800020FA53460B93029B0A929B460024049D7A
:10C690003FE0022838DDFF2A00D12FE30A99C9784C
:10C6A000914200D176E3FF210B1A891A59430912EE
:10C6B000C9430A9BC9B299710302181AE4F7FEFD37
:10C6C0000A9BD8710A9A6B78297852881B020B430F
:10C6D0009A4200D158E30A98022229000680039862
:10C6E000E4F7F2FEFF230A982978C2799B1A4B439C
:10C6F00051464A439B181B0A0371837943710222F6
:10C7000028000199E4F7E0FE059B01340235A342BD
:10C7100017D04B461B5D5A469A4643461B5D534312
:10C72000524618123A701B0A6A787B703E88022AB9
:10C73000AFD8059B2E700134360A6E700235A342C5
:10C74000E7D1049B079A9B180493089B069A994487
:10C75000099B98440B9B01330B939A4296D1FFF7A8
:10C76000B0F9FC2B01D901F0C9F9069A002A01DCC5
:10C77000FFF7A7F95246002A01DCFFF7A2F9022BC6
:10C7800001D801F0DEFA002217AF05925A46B846EA
:10C79000D3469A4602920025049E41E0FF2B01D128
:10C7A00001F01AF9029AD2789A4201D101F0C0FA46
:10C7B000FF225146D31A511A594309125246C9430E
:10C7C000029B1002C9B29971801AE4F777FD029BAF
:10C7D0001A00D8717378317852881B020B439A4241
:10C7E00001D101F09DFA02980222310007800398DE
:10C7F000E4F76AFEFF230298C279991A33786243FC
:10C800004B439B181B0A037183794371022230004A
:10C810000199E4F759FE01350236AB4500D1D0E26B
:10C820004A46EB10D45C0723AB431C41012352461C
:10C830001C4043466442E4B21C705A701F887378EF
:10C84000022BABD837703F0A7770E4E7029BFC2BD2
:10C8500001D901F086F9069A002A01DCFFF731F9C7
:10C86000059A002A01DCFFF72CF9022B01D901F00F
:10C8700099FA5400049AA246101905004E46002465
:10C88000180014AF53463100EB1A0A7878703A70EA
:10C890005A78022A03D83A881A70120A5A70023358
:10C8A00001319D42F1D1089B0134F618079BED1828
:10C8B000069BA342E6D1FFF704F94346FC2B01D9BE
:10C8C00001F094F8079B002B01DCFFF7FAF8002C2D
:10C8D00001DCFFF7F6F8049A6300D21805930023F1
:10C8E00091469A4619AC4B46059A029E9D1A42E023
:10C8F00002283BDDFF2A00D184E25946C9789142E3
:10C9000001D100F078FDFF210B1A891A5943091251
:10C91000C9435B46C9B299710302181AE4F7CEFC09
:10C920005B46D8715A466B78297852881B020B43B4
:10C930009A4201D100F067FD5A46238829001380EE
:10C9400003980222E4F7C0FD5B46DA79FF232978D9
:10C950009B1A4B437A439B185A461B0A13719379CF
:10C960005371022228000199E4F7AEFD0235023628
:10C97000A94500D15CE142467378377853436A7821
:10C9800018121B0A27706370022AB1D802222100F4
:10C990002800E4F799FDE9E75346FC2B01D901F0A3
:10C9A00006F9079B002B01DCFFF78BF8002C01DC5C
:10C9B000FFF787F85346022B01D901F073FA6300A1
:10C9C000984600239946069B029C9B4644440DAD25
:10C9D00043465F46E61A3888FCF726F953466B70E3
:10C9E00073782870022B03D82B8833701B0A73705E
:10C9F00002360237B442EED1089B9B44012399448E
:10CA0000099BE418079B4B45E2D1FFF75AF8FC2B32
:10CA100001D901F0F6F8069B002B01DCFFF751F875
:10CA2000002C01DCFFF74DF8059A6300D2189146FF
:10CA3000099311AF04964B46099A029C9D1A42E055
:10CA400002283BDDFF2A00D1D3E15946C978914243
:10CA500001D100F0C8FCFF210B1A891A59430912B1
:10CA6000C9435B46C9B299710302181AE4F726FC60
:10CA70005B46D8715A466B78297852881B020B4363
:10CA80009A4201D100F0C8FC5B46022229001E80B8
:10CA90000398E4F719FD5B46DA79FF2329789B1A9E
:10CAA0004B4341464A439B185A461B0A13719379DC
:10CAB0005371022228000199E4F706FD023504347F
:10CAC000A94500D1C2E06278237812021A43A37804
:10CAD000E0781B04134300061843FCF7CDF85246D8
:10CAE0008046E3785343424618123A701B0A6A782C
:10CAF0007B703E88022AA3D82E70360A6E70DDE75E
:10CB0000042B01D0FFF771F83278141BE317E418F7
:10CB10005C40E4B2FFF781F8042B01D0FFF733F952
:10CB20003B785D1BEA17AD185540EDB2FFF743F9AE
:10CB3000042B01D0FFF7A5FA3A78161AF317F61866
:10CB40005E40F6B2FFF7C4FA042B01D0FFF780FB7A
:10CB500033781C1AE217A4185440E4B2FFF796FB8E
:10CB6000337858430412E4B2FFF790FB3B78ED189A
:10CB7000FF2D00DDFF25EDB2FFF71DF93378C41856
:10CB8000FF2C00DDFF24E4B2FFF780FB3B785D4320
:10CB90002D0AFFF710F93A788618FF2E00DDFF26E0
:10CBA000F6B2FFF795FA32785443240AFFF735F8C6
:10CBB0003278A418FF2C00DDFF24E4B2FFF72DF833
:10CBC0003A7850430612F6B2FFF782FA091A4B433D
:10CBD00068431B181B0A3B70FFF7D5F8091A4B4333
:10CBE00060431B181B0A3370FFF732FB0B1A5343C9
:10CBF00060431B181B0A3370FEF7F7FF0B1A5343F1
:10CC000070431B181B0A3B70FFF73BFA049B079A03
:10CC10009B180493089B069A99440A9B9A440B9B81
:10CC200001330B939A4201D0FFF737F9FEF749FF22
:10CC3000029B099A9B18029301239A44089B9944EA
:10CC4000079B534500D04EE6FEF73BFF029B089A38
:10CC50009B18079A0293049B9144069A013304930C
:10CC60009A4200D0E7E6FEF72CFF059B5B789342E3
:10CC700001D0FFF756F8059AFFF763F8059B1A886D
:10CC800023889A4201D0FFF765F8FFF777F8069BF3
:10CC90001A8853461B889A4201D0FEF78CFFFEF794
:10CCA0009FFF069A52789A4201D0FEF76BFF069AD0
:10CCB000FEF778FF53461A884B461B889A4201D0EC
:10CCC000FFF7C4F9FFF7D8F9524652789A4201D0DB
:10CCD000FFF7A3F9FFF7B0F953461A884B461B88B4
:10CCE0009A4201D0FFF799FAFFF7ADFA53465B7805
:10CCF000934201D0FFF778FAFFF785FA131A5246EC
:10CD0000297850434B431B181B0A2B70FCE4131A61
:10CD10005246317850434B431B181B0A337068E46A
:10CD2000131A4A46297850434B431B181B0A2B7091
:10CD3000FFF737FB131A4A46217850434B431B1821
:10CD40001B0A2370FFF7C9FB049B1B88B34201D069
:10CD5000FFF70EFBFFF720FB04994978994201D0B9
:10CD6000FFF7EDFAFFF7FAFA04994978994201D0F2
:10CD7000FFF781FBFFF78EFB049B1B88B34201D0BA
:10CD8000FFF792FBFFF7A4FB0A9B1B88B34200D07E
:10CD9000A1E4B4E40A994978994200D083E491E48B
:10CDA00059464978994201D0FFF7EFFBFFF7FCFBAA
:10CDB0005B461A8823889A4201D0FFF7FFFBFFF7F2
:10CDC00013FC049B079A9B180493089B069A9944AA
:10CDD000059B013305939A4200D0DCE4FEF771FE17
:10CDE0003978131A4B4360431B181B0A3B70FFF73B
:10CDF00096F8131A4246297850434B431B181B0AD6
:10CE00002B705BE62978131A4B4378431B181B0AD7
:10CE10002B70ABE5069B002B01DCFEF752FE0023D6
:10CE20000A9315AB9A46059B002B01DCFEF749FEE1
:10CE3000059B02929B460024049D3DE06A78022AED
:10CE400044D9022B34D9FF2A57D00299C97891428C
:10CE50005BD0FF21C81A891A41430912C943029ABB
:10CE6000C9B218029171C01AE4F728FA029AD07177
:10CE7000029A6B78297852881B020B439A4249D058
:10CE800002980222290006800398E4F71DFBFF2385
:10CE900002982978C2799B1A4B437A439B181B0A44
:10CEA000037183794371022228000199E4F70CFB96
:10CEB00001340235A34510D04B461F5D4346524610
:10CEC0001B5D177053701688FC2BB7D92E70013478
:10CED000360A6E700235A345EED1049B079A9B1863
:10CEE0000493089B069A9944099B98440A9B013332
:10CEF0000A939A429FD1FEF7E4FD2978D21A4A4359
:10CF00007B43D3181B0A2B70D2E7029949789942C8
:10CF10009FD1ADE7029B1B88B342B1D1C3E7079B0A
:10CF2000002B01DCFEF7CDFD002C01DCFEF7C9FD76
:10CF3000069A6300D21800260B930EAB92469846D1
:10CF4000049653460B9A059F029C9D1A40E0627816
:10CF5000022A48D9022B36D9FF2A5ED05946C97811
:10CF6000914267D0FF21C81A891A41430912C94367
:10CF70005A461802C9B2C01A9171E4F79FF95B468C
:10CF8000D8715A466378217852881B020B439A4223
:10CF90004BD05B46022221001E800398E4F794FAEE
:10CFA0005B46DA79FF2321789B1A4B4349464A4373
:10CFB0009B185A461B0A1371937953710222200061
:10CFC0000199E4F781FA023501370234AA4512D0FB
:10CFD0002888FBF729FE42463B7810705370814643
:10CFE0001688FC2BB3D926700235360A66700137D5
:10CFF0000234AA45ECD1029B099A9B1802930A9A23
:10D00000059B9B18089A0593049B9244079A013349
:10D0100004939A4295D1FEF754FD2178D21A4A43DF
:10D020004343D3181B0A2370CDE75B461B88B342EA
:10D03000AFD1C3E759464978994293D1A1E7079BFD
:10D04000002B01DCFEF73DFD002C01DCFEF739FD75
:10D05000029B6500984600239A46A84419AC029D9D
:10D06000059F049E41E0717802294AD9022A37DDE2
:10D07000FF2964D05846C078884269D0FF20831ABF
:10D08000411A59430912C9435B46C9B2100299714A
:10D09000801AE4F713F95B46D8715A4673783178F1
:10D0A00052881B020B439A4257D05A4623883100BC
:10D0B000138003980222E4F707FA5B46DA79FF232C
:10D0C00031789B1A4B4349464A439B185A461B0AE0
:10D0D000137193795371022230000199E4F7F4F946
:10D0E000023501370236A84515D02B786A78994663
:10D0F00049463B78217053431A121B0A6370FC2A7D
:10D10000B1DD3000022221000235E4F7DDF90137FC
:10D110000236A845E9D1049B089A0A999B18049302
:10D12000099A029B90449B180293059B5B180593F8
:10D1300001239A44079B534591D1FEF7C2FC8B1AF9
:10D14000494630784A4343439B181B0A3370C7E76C
:10D1500058464078984291D19FE75B461A882388C9
:10D160009A42A2D1B7E7069B002B01DCFEF7A9FC8F
:10D1700018AB984653460027002B01DCFEF7A1FCB4
:10D18000A246029309970592012300259B46049E1F
:10D190003EE07278022A4DD9022B34D9FF2A61D0A1
:10D1A0000599C97891426AD0FF21C81A891A41436A
:10D1B0000912C943059AC9B218029171C01AE4F75D
:10D1C0007DF8059AD071059A7378317852881B02E0
:10D1D0000B439A424ED005980222310007800398F3
:10D1E000E4F772F9FF2305983178C2799B1A4B4313
:10D1F00062439B181B0A037183794371022230003A
:10D200000199E4F761F9029B01350236AB4219D06E
:10D210004A46EB10D45C0723AB431C415B461C40E1
:10D22000534642465B5D6442E4B214705370178803
:10D23000FC2BAED9029B377001353F0A777002365E
:10D24000AB42E5D1049B079A9B180493089B069A6E
:10D2500099440A9B9A44099B013309939A4293D1BA
:10D26000FEF72FFC3178D21A4A436343D3181B0AC6
:10D270003370C8E7059B1B88BB42ACD1BEE705995C
:10D280004978994290D19EE7069B002B01DCFEF77E
:10D2900018FC002C01DCFEF714FC059A6300D21880
:10D2A00009930023059312AB924698460496534681
:10D2B000099A029C049F9D1A40E06978022955D979
:10D2C000022A36DDFF296BD05846C078884270D0DC
:10D2D000FF20831A411A59430912C9435B46C9B258
:10D2E00010029971801AE3F7E9FF5B46D8715A463C
:10D2F0006B78297852881B020B439A425ED05B46BA
:10D30000022229001E800398E4F7DEF85B46DA79F2
:10D31000FF2329789B1A4B4349464A439B185A4698
:10D320001B0A137193795371022228000199E4F7C3
:10D33000CBF8023504340137AA451FD06278237830
:10D3400012021A43A378E0781B0413430006184323
:10D35000FBF792FC4146E2783B78087053431A127F
:10D360001B0A4B7081460E88FC2AA6DD2E70360AF9
:10D370006E70023504340137AA45DFD1029B089A4A
:10D380009B1802930A9A049B9B18079A0493059B87
:10D390009244069A013305939A4288D1FEF791FB95
:10D3A0008B1A494628784A4343439B181B0A2B7023
:10D3B000BFE75846407898428AD198E75B461B8879
:10D3C000B3429CD1B0E709994978994201D0FEF760
:10D3D00075FDFEF782FD099B1B88AB4201D0FEF76D
:10D3E00086FDFEF797FD59464978994201D0FFF72F
:10D3F00032FBFFF73FFB59464978994201D0FFF7CE
:10D4000082FAFFF78FFA5B461A8823889A4201D086
:10D41000FFF792FAFFF7A5FA5B461B88B34201D0EB
:10D42000FFF732FBFFF745FB059BFF225C00049BE7
:10D4300098460023059319AB9A46029BA044D21A42
:10D4400009924A46994602924C46029E049D43E048
:10D450006B78022B53D9022C3AD9FF2B00D185E0EF
:10D460005A46D2789A4200D18FE0FF22D11A099B06
:10D47000200259430912C9435B46C9B29971001B86
:10D48000E3F71CFF5B46D8715A466B7829785288BF
:10D490001B020B439A4271D053465A461B882900FF
:10D4A000138003980222E4F70FF85B46DA79FF2332
:10D4B00029789B1A4B4349464A439B185A461B0AF4
:10D4C000137193795371022228000199E3F7FCFF4D
:10D4D00002350136A8451BD03378032F3AD029D81E
:10D4E000012F31D02A78D31AD943C9170B40DBB2A8
:10D4F0009946534649465C701970FC2CA8D92800FF
:10D50000022251460235E3F7DFFF0136A845E3D199
:10D51000A146079A049B08999B180493029B904488
:10D520005B180293059B069A013305939A428BD1AF
:10D53000FEF7C7FA042F12D12A78D31AD9175B182D
:10D540004B40DBB29946D4E72A78D318FF2BF8DD9D
:10D55000FF23F6E72A7853431B0A9946C9E7A146F9
:10D56000434602359D42FCD19846D2E71B1B5A43E5
:10D570004B466343D3181B0A2B70A9E75B461A88F6
:10D5800053461B889A4287D19DE75A465278A24259
:10D5900000D06AE778E7029A5146131900229046B4
:10D5A00022329146DD32521A0A92424698465B4632
:10D5B0005446AB4605920493069FA24619AD3C0023
:10D5C000029F42E07A78022A57D95146022938D977
:10D5D000FF2A00D181E0049BDB78934200D189E0EF
:10D5E000FF23991A0A9B524659430912C943049BC7
:10D5F000C9B210029971801AE3F760FE049BD871DA
:10D60000049A7B78397852881B020B439A426BD07C
:10D610002B8804980222038039000398E3F754FF13
:10D62000FF2304983978C2799B1A4B4372439B18A5
:10D630001B0A037183794371022238000199E3F7D1
:10D6400043FF02370234474520D02088FBF7ECFA2D
:10D650005B464A469B5C032B3AD029D8012B30D03D
:10D66000022BEED13B781E1AF243D2171640F6B2C7
:10D6700052462E706A70FC2AA4D938000222290072
:10D680000237E3F721FF02344745DED1099A029BB6
:10D6900008999B180293069B90445B180693059B80
:10D6A000079A0133544605939A4285D1FEF709FA49
:10D6B000042BC6D13B781E1AF217B6185640F6B2A4
:10D6C000D6E73B781E18FF2EF9DDFF26F6B2CFE72E
:10D6D0003B7858430612F6B2CAE7521A53434E43F8
:10D6E0009B191B0A3B70ACE7049B1A882B889A4253
:10D6F0008ED1A1E7049B5B78534500D070E77FE7AC
:10D700002223994619AB98465346DA46AB46150094
:10D7100004930996029C059F42E07978022965D915
:10D72000022839DDFF2900D190E05346DB788B4297
:10D7300000D19AE0FF22131A511A59430912C94322
:10D740005346C9B299710302181AE3F7B7FD53465D
:10D75000D87152467B78397852881B020B439A4223
:10D760007BD0434652461B8839001380039802221F
:10D77000E3F7AAFE5346DA79FF2339789B1A4B4325
:10D7800072439B1852461B0A1371937953710222FC
:10D7900038000199E3F798FE02370434BD422ED0D9
:10D7A0006278237812021A43A378E0781B041343AB
:10D7B00000061843FBF760FA5B464A469B5C032B66
:10D7C0003FD02ED8012B35D0022BE5D13B781E1A45
:10D7D000F243D2171640F6B20499E2784A43414622
:10D7E0001012120A0E704A70FC2896DD38000222D0
:10D7F00041460237E3F768FE0434BD42D0D1079AB0
:10D80000059B08999B180593029BAD185B18029322
:10D81000099B069A013309939A4200D07AE7FEF7F2
:10D8200050F9042BB8D13B781E1AF217B61856409F
:10D83000F6B2D1E73B781E18FF2EF9DDFF26F6B2CF
:10D84000CAE73B7858430612F6B2C5E7091A4B43BC
:10D8500070431B181B0A3B709EE753461A884346C9
:10D860001B889A4200D07CE791E753465B7893424D
:10D8700000D05FE76DE7049AD3180022924619AAF8
:10D88000914652469A4606925346029E049D05933F
:10D8900044E06978022959D902283ADDFF2900D1EC
:10D8A00085E05A46D2788A4200D187E0FF22131AD7
:10D8B000511A59430912C9435B46C9B2997103020F
:10D8C000181AE3F7FBFC5B46D8715A466B78297847
:10D8D00052881B020B439A4276D04B465A461B880D
:10D8E0002900138003980222E3F7EEFD5B46DA7904
:10D8F000FF2329789B1A4B4351464A439B185A46AB
:10D900001B0A137193795371022228000199E3F7DE
:10D91000DBFD059B023502369D4221D03378032F73
:10D920003AD02FD8012F3CD02A78D31AD943C9171F
:10D930000B40DBB29A464146737854464B43494606
:10D9400018121B0A0C704B70FC28A2DD2800022262
:10D950004946E3F7B9FD059B023502369D42DDD10C
:10D960009A46089A049B09999B180493029B924437
:10D970005B180293069B079A013306939A4283D160
:10D98000FEF79FF8042FC4D12A78D31AD9175B1851
:10D990004B40DBB29A46CEE72A7853431B0A9A469D
:10D9A000C9E72A78D318FF2BF3DDFF23F1E7091A23
:10D9B0004A43604313181B0A2B70AAE75A46527851
:10D9C0009A4200D072E780E75B461A884B461B8874
:10D9D0009A4200D081E797E79B1A32785343524628
:10D9E00054431B191B0A3370FEF715FF079B002BCE
:10D9F00001DCFEF766F8002C01DCFEF762F863003C
:10DA00009A4600239846FF3399465346049F049351
:10DA1000029B57449A4619AC049B5646FD1A40E0B7
:10DA20006A78022A45D9022B37D9FF2A52D05946A3
:10DA3000C978914257D04946C81A891A41430912F8
:10DA4000C9435A461802C9B2C01A9171E3F736FCAD
:10DA50005B46D8715A466B78297852881B020B4373
:10DA60009A4245D05A4623882900138003980222FF
:10DA7000E3F72AFD5B46DA794B4629789B1A4B433C
:10DA800021784A439B185A461B0A137193795371A4
:10DA9000022228000199E3F717FD02350236AF4252
:10DAA0000DD0022231002000E3F70EFD6378FC2B3D
:10DAB000B6D9022221002800E3F706FDEDE7099B15
:10DAC0009A4401239844089BFF18079B4345A3D120
:10DAD000FDF7F7FF2978D21A4A4321784B43D31830
:10DAE0001B0A2B70D9E7594649789942A3D1B1E76F
:10DAF0005B461A8823889A42B4D1C9E7069B002B5B
:10DB000001DCFDF7DEFF53460027002B01DCFDF7AB
:10DB1000D8FF089BBC469B46049B4F469846079BF4
:10DB20000125FF2450469946BA4641460022070087
:10DB30005046D310C35C0720904303412B405B4207
:10DB400001320B704C7002319742F1D10123380041
:10DB500057469C44069BC8445F446345E4D1FDF7A7
:10DB6000B0FF069B002B01DCFDF7ABFF059A002AF6
:10DB700001DCFDF7A6FF9846079B4E469C46089B96
:10DB80000025FF209946049F54003C1932003B00B9
:10DB9000117858701970023301329C42F8D1013566
:10DBA00067444E446444A845F0D1FDF78AFF079BC3
:10DBB000002B01DCFDF785FF002C01DCFDF781FF68
:10DBC0000022029B640090469946099A1C19069B04
:10DBD000FF2793469A4656464D463088FBF724F871
:10DBE0006F70287002350236AC42F6D1089BD944DA
:10DBF0009A4401239844079B5C444345EBD1FDF7CD
:10DC000060FF069B002B01DCFDF75BFF002C01DCB5
:10DC1000FDF757FF059A6300D2180993FF230026EA
:10DC200091469A4610AF04964B46099A029C9D1A5B
:10DC30003FE06A78022A4FD9022B36D9FF2A5DD0FD
:10DC40005946C978914261D05146C81A891A414350
:10DC50000912C9435A461802C9B2C01A9171E3F7B2
:10DC60002DFB5B46D8715A466B78297852881B0287
:10DC70000B439A424FD05B46022229001E80039834
:10DC8000E3F722FC5B46DA79534629789B1A4B432B
:10DC900041464A439B185A461B0A137193795371A4
:10DCA000022228000199E3F70FFC02350434A9454C
:10DCB00016D06278237812021A43A378E0781B0406
:10DCC000134300061843FAF7D7FFE37838707B70E8
:10DCD00080463E88FC2BACD92E70360A6E70E4E785
:10DCE000029B089A9B18079A0293049B9144069AF8
:10DCF000013304939A4297D1FDF7E3FE2978D21AB3
:10DD00004A434343D3181B0A2B70CEE75946497840
:10DD1000994299D1A7E75B461B88B342ABD1BFE7D5
:10DD2000029B1B88BB4201D0FEF75DFDFEF76EFD36
:10DD3000029A5278524501D0FEF73AFD029AFEF758
:10DD400049FD00269C46049BB0469B4656464846E5
:10DD500017AF03005946604600229C466446D31024
:10DD6000E35C072494432341012423405B423B703E
:10DD70004B787870022B03D83B880B701B0A4B70D2
:10DD8000013202319642E9D1634684461800079B6E
:10DD90009B44089BC01801239844069B4345D8D157
:10DDA000FDF78FFE5300049A0593D2189246FF2286
:10DDB000029B0025D21A09924A46994614AF04954F
:10DDC00002925346059A029E9C1A3BE0FF2B54D0C8
:10DDD0005A46D2789A425BD0FF22D11A099B594306
:10DDE0000912C9435B46C9B299714B461802C01A61
:10DDF000E3F764FA5B46D8715A4663782178528813
:10DE00001B020B439A4248D05B46022221001D8030
:10DE10000398E3F759FB5B46DA79FF23991A2378D5
:10DE20004B4341464A439B185A461B0A1371937948
:10DE30005371022220000199E3F746FB02340136B8
:10DE4000A2450CD033783B7098464B467B70637884
:10DE50003D88022BBAD825702D0A6570EEE7029B2B
:10DE6000089A9B18079A0293049B9244069A0133DE
:10DE700004939A42A5D1FDF724FE4A469B1A2278C4
:10DE800049465A4343464B43D3181B0A2370D5E7F0
:10DE90005A4652784A459FD1AEE75B461B88AB4253
:10DEA000B2D1C6E7029A6300D21891460493524653
:10DEB000FF2300269B1A0DAD059302964B46049A4C
:10DEC000069F9C1A3BE0FF2B56D05A46D2789A42C6
:10DED00062D0FF22D11A059B59430912C9435B4600
:10DEE000C9B2997153461802C01AE3F7E7F95B46C5
:10DEF000D8715A466378217852881B020B439A42A4
:10DF000045D05B46022221001E800398E3F7DCFA2D
:10DF10005B46DA79FF23991A23784B4341464A43FB
:10DF20009B185A461B0A13719379537102222000E1
:10DF30000199E3F7C9FA02340237A1450ED03888B7
:10DF4000FAF772FE53466B706378287080462E880D
:10DF5000022BB8D82670360A6670ECE7069B089A42
:10DF60009B18099A0693029B9144079A01330293E6
:10DF70009A42A3D1FDF7A5FD52469B1A227851463D
:10DF80005A4303004B43D3181B0A2370D3E75B4665
:10DF90001B88B342B5D1C9E75A465278524598D149
:10DFA000A7E7C046F0B5DE4657464E464546212314
:10DFB000E0B5476885689DB00490009108970A9580
:10DFC000C35C04000393036804220793C368002121
:10DFD0000B93836906690693C3690C9343690D9398
:10DFE00018AB9B461800E7F785FA0422002119A810
:10DFF000E7F780FA042200211AA8E7F77BFA012349
:10E000005A465B4293812333E35C002B00D1D0E07E
:10E01000002D00DCC6E0002F00DCC3E0002E00D1A4
:10E02000DBE2002733000E97089A069D94469C4435
:10E030006246059216AA90469A46A946079C0F93F7
:10E040007CE0012B00D13CE1022B6FD1A6786778F0
:10E05000361AF3437F1ADB171E40FB43DB171F40C2
:10E060002378F6B29B1ADA43D2171340DBB2FFB221
:10E07000019353461D78039B04225D4321002B121C
:10E0800040460293E3F720FA029B2D0AFC2B48DC62
:10E09000E178022945D9022B00DC4DE1D74A019BEA
:10E0A0003F021340D64A3B433004134003431B0254
:10E0B0002A061E0A09901643FF2900D14AE15B4651
:10E0C000DB798B4200D13FE1FF2302985A1A191ADB
:10E0D00051430912C9435B46C9B2197303000002D8
:10E0E000C01AE3F7EBF85B4658735B465968434642
:10E0F0001868FAF719FD15AD002800D100E15B465C
:10E1000030001968159615ADFAF70EFD002800D1FC
:10E11000F6E05B46DD7A5B461B7A01935B465F7AED
:10E120009E7A019B67702370A670E570009B043493
:10E13000994401239A44059B534521D04B462225FF
:10E14000987859781A78049B5B5D032B00D1CCE05A
:10E1500000D876E7042BE9D1A6786778361AF3174A
:10E16000F6187F1A5E40FB17FF185F402378F6B25F
:10E170009B1ADA179B185340DBB2FFB2019378E782
:10E180000D9A0F9B0B999B18079A521807920C999E
:10E19000069A521806920E9A0A9901320E929142EC
:10E1A00000D041E71DB0F0BCBB46B246A946A04630
:10E1B000F0BD039B002E00D1D9E0FC2B00D94BE130
:10E1C0000A9B002BEEDD089B002BEBDDF3180026ED
:10E1D000049317AB09960293049B089A079D9B1A18
:10E1E0009A46069B1F004DE033024E4605931E43A0
:10E1F00043461B0422061E4398461643FF2900D1BE
:10E2000019E15B46DA798A4200D10FE1FF20019BD8
:10E21000411AC21A51430912C9435A461802C9B2D7
:10E22000C01A1173E3F74AF85B4658735B465968A6
:10E23000029B14AC1868FAF777FC002800D1C2E002
:10E240005B4630001968149614ACFAF76DFC002890
:10E2500000D1B8E05B46DC7A5B461B7A99465B46A8
:10E260005E7A9B7A98464B462B704346AB700123EF
:10E270009A44009B6E70FF18049BEC700435534564
:10E2800000D1BFE053461C78039BBA785C439046AC
:10E290003A78231229009146029804227E7801934D
:10E2A000E3F712F9E978240A0229DCD9019B022B51
:10E2B0009ADC029B0C001A785E789B78914698460F
:10E2C000D1E7A6783618FF2E00DDFF266778F6B274
:10E2D0007F18FF2F00DDFF272378FFB29B18FF2B4D
:10E2E00000DDFF23DBB20193C3E62378A6786778CD
:10E2F000534346434F431B0A360A3F0A0193B8E68D
:10E30000434619685B463D4A5960019B1896134085
:10E310003B4A3B431340099A13435A46527B1B0224
:10E3200012061B0A134315932868FAF7B7FC5B46DD
:10E330001D7B9860DD72EEE643461B780D0001936D
:10E3400043465F789E78ECE65B46DB78AB4200D0D4
:10E35000BAE6CAE64346D970300019681596FAF74E
:10E360009DFC17900190070A060C050ED9E6FC2BC0
:10E3700000D842E2009B042B00D1B5E20A9B002B9F
:10E3800000DC0FE7089B002B00DC0BE70025FF24D7
:10E39000079E9800069F30183A00330091789970D4
:10E3A000517859701178DC70197004330332984237
:10E3B000F4D10B9B0C9AF618C0180A9B0135BF18B4
:10E3C000AB42E9D1EEE6029B059A19685B465960BB
:10E3D0004B4613430A4A18961340424613435A4683
:10E3E000527B1B0212061B0A134314932068FAF790
:10E3F00055FC5B461C7B9860DC722DE7FF00FFFF3D
:10E40000FFFF00FF079B0B9A0D999B1807930C9A2F
:10E41000069B9B18049A06935218099B04920A9A29
:10E42000013309939A4200D0D6E6BBE6DA78A242DD
:10E4300000D0EBE6FAE6029B3000D970196814961A
:10E44000FAF72CFC030C060AC2B2DBB291469846DE
:10E450001690F6B2040E06E70A9B002B00DCA1E63C
:10E46000089B002B00DC9DE60025F318029317ABF8
:10E4700004950193029B089A069F9B1A9A46079C53
:10E480004AE04A4641462D02100429433206014320
:10E49000114389460390FF2B00D18DE05A46D27973
:10E4A0009A4200D182E0FF218A1BC91A5143091206
:10E4B000C9435B46C9B230021973801BE2F7FEFE06
:10E4C0005B4658735B465968019B12AE1868FAF7B1
:10E4D0002BFB00283BD04B4612935B4648461968FD
:10E4E00012AEFAF721FB002831D05B46DE7A5B469C
:10E4F0001B7A98465B465D7A9B7A99464346237021
:10E500004B46A37001239A44009B6570FF18029B41
:10E51000E6700434534535D053461E78BB78042248
:10E5200099463B782100019898467D78E2F7CCFF28
:10E53000FC2EE3D8E378022BE0D9022EA1D8019A71
:10E540001E0011785578927888469146D6E74B465A
:10E550001893019BB74A19685B46596043462B43A1
:10E560001340039A13435A46527B1B0212061B0A9E
:10E57000134312933068FAF791FB5B461E7B986059
:10E58000DE72B4E7079B0B9A0D999B1807930C9AC0
:10E59000069B9B18029A06935218049B02920A9AB1
:10E5A000013304939A4200D064E7FBE55A46D278DF
:10E5B000B24200D077E785E7019A4846D3701291BE
:10E5C0001168FAF76BFB030C050AC2B2DBB2904686
:10E5D00099461390EDB2060E90E7039A00271302B6
:10E5E0009B1A0993FF239B1A0D93059700239A46C4
:10E5F00022339946069D079C85E0012B00D1A2E0BD
:10E60000022B78D1A77826783F1AFB43DB171F40EF
:10E610006378B61A5B1AD943C9170B40DBB2984628
:10E62000F343DB171E40FFB2F6B20422210016A806
:10E63000E2F74AFF039B1800FC2B57D8E07802282A
:10E6400000D89FE0022B00D89EE043467A4A1B0286
:10E6500032401A4398463B04764F019317401F43BC
:10E66000039B3F021A063F0A1743FF2800D1B6E07A
:10E670005B46DA79824200D1ABE0FF23191A0D9B89
:10E68000099859430912C9435B46C9B21973E2F7A5
:10E6900015FE5B4658735B4616985968FAF744FABC
:10E6A000002800D087E015AB02935B4642461699DE
:10E6B00018975960604B334013435E4A1340019AE8
:10E6C00013435A46527B1B0212061B0A134315932F
:10E6D000029B1868FAF7E2FA5B469860187BD872DA
:10E6E0005B461E7A5B7A98465B469F7A4346267065
:10E6F0006370A770E07001239A44009B0434ED1806
:10E70000089B534547D04E46049BA8789B5D69788B
:10E710002A78032B2BD000D86FE7042BEBD1A778F6
:10E7200026783F1AFB17FF185F406378B61A5B1A0A
:10E73000D9175B184B40DBB29846F317F618FFB2B7
:10E740005E40F6B271E7A7783F18FF2F00DDFF2784
:10E750006378FFB25B18FF2B00DDFF232678DBB266
:10E76000B6189846FF2EECDDFF26F6B25DE763781B
:10E77000A77826784B43474356431B0A98463F0ADF
:10E78000360A52E71800B1E710AB1E7E5B7E984652
:10E7900010AB9F7EAAE7079B0B9A9B1807930C9AD6
:10E7A000069B9B180693059B0A9A013305939A4290
:10E7B00000D01BE7F6E415AB02935B4638001968FE
:10E7C0001597FAF7B1F9002800D16EE75B46D87AC1
:10E7D00086E7DA78039B9A4200D04EE75BE710ABFE
:10E7E000D876169938001597FAF758FA030A0600F2
:10E7F0001790070C9846000E78E70A9B002B00DC68
:10E80000D0E4089B002B00DCCCE4039B022B00D857
:10E8100081E01A001B029B1A059317AB9846FF2351
:10E8200000269B1A099304960023069D9A46079C8E
:10E830004CE0C046FFFF00FFFF00FFFF4B461B02FE
:10E84000029333430193FF2900D1D8E05B46DA7984
:10E850008A4200D1CDE0FF23591A099B05985943FC
:10E860000912C9435B46C9B21973E2F727FD5B463B
:10E8700058735B46596843461868FAF755F90028FB
:10E8800000D18CE04A4610AB5A70039A1E709F70FC
:10E89000DA705B4610981968FAF746F900287ED0BE
:10E8A0005B46D87A5B461E7A5B7A99465B469F7ACE
:10E8B0004B46637001239A44009B2670ED18089B19
:10E8C000A770E0700434534500D181E06B782100DB
:10E8D000042240469946AF782E78E2F7F5FDE178BC
:10E8E0000229ABD80398E3E70A9B002B00DC59E42C
:10E8F0000024089B069E079F9D00310038002A00D7
:10E90000E6F7B2FD0B9B0134FF180C9BF6180A9B2F
:10E91000A342F2D146E4079A089B91469B00994492
:10E9200017AB9A46009B002790469B460A9E44469A
:10E93000B8462700069DAB78042200936B7821002F
:10E9400001932B7850460293E2F7BEFDE378022B49
:10E950000BD9534619785A789B7821706270A3704E
:10E9600004344C450CD05D44E5E7029B2370019BC9
:10E970006370009BA370039BE3700434A145F2D144
:10E980003B0047469846069A0C990B9B5218013754
:10E99000984406929944BE42C9D1FFF703FC5B46F6
:10E9A000019A9F701A80039A0298DA704346196898
:10E9B0005B4659605B7B3F0430431B06384318437A
:10E9C0001090FAF76BF95B469860187BD87269E78C
:10E9D000079B0B9A9B1807930C9A069B9B18069310
:10E9E000049B0A9A01330493934200D01CE7FFF77B
:10E9F000D9FBDA78039B9A4200D02CE739E710AABA
:10EA00001380039B9770D3704346D9701968109890
:10EA1000FAF744F9030A070CDBB21190C6B2994623
:10EA2000FFB2000E44E7C046F0B5DE465746454605
:10EA30004E46E0B54368A5B004938368042205936D
:10EA4000C37E00210393036904009A464369089337
:10EA5000C368069320AB98461800E6F74BFD0422E6
:10EA6000002121A8E6F746FD0422002122A8E6F7AE
:10EA700041FD012342465B4293815346002B00D166
:10EA80005EE1039BFC2B73D9FF21A069FAF70EF816
:10EA9000059B1C90002B00DC19E1049B002B00DC83
:10EAA00015E153440193002304931CAB99461EAB1C
:10EAB0009B4653461FAF03933B001DAE5F46B246D5
:10EAC0009B4622680292039E029C40E0E178022964
:10EAD0004AD9022D00D8E7E0FF2900D126E14346BC
:10EAE000DA798A4200D112E1FF235A1B591A5143A5
:10EAF0000912C9434346C9B228021973401BE2F701
:10EB0000DDFB43465873434659685B461868FAF77D
:10EB10000BF8002800D1B0E0434619685346186846
:10EB2000FAF702F8002800D1A7E04346DD7A434611
:10EB30009B683B60BB783978A3707A78019B01367B
:10EB400021706270E57004349E4200D1C6E04B46ED
:10EB5000524635782100DD701B6858461360042248
:10EB6000E2F7B2FCFC2DB1D953461B683B60E1E7EC
:10EB70001900A069F9F79AFF059B1C90002B00DC97
:10EB8000A5E0049B002B00DCA1E09A4453460293CD
:10EB9000002309931CAB99461DAE1EAB9B46B246A3
:10EBA00022681FAF0792029B049A079D9E1A3BE0C2
:10EBB000019B022B73DDFF2900D1ADE04346DA79DA
:10EBC0008A4200D19EE0FF20019B411AC21A5143A4
:10EBD0000912C94342461802C9B2C01A1173E2F7BA
:10EBE0006DFB43465873434659685B461868F9F70E
:10EBF0009BFF00282FD04346196853461868F9F741
:10EC000093FF002827D04346DC7A43469B683B604D
:10EC1000BB783978AB707A78029B013629706A70BC
:10EC2000EC7004359E4244D0039B347852465C43DA
:10EC3000231201934B46240ADC701B6829001360E1
:10EC400058460422E2F740FCE9780229B0D853463E
:10EC50001B683B60DCE7534642461B6813605B461B
:10EC60001968537B51605246D3701068FAF716F852
:10EC700043461C7B9860DC72C7E7534642461B68DC
:10EC800013605B461968537B51605246D37010681D
:10EC9000FAF704F843461D7B9860DD7247E75B4650
:10ECA0001A680C003A60B3E75B461A680D003A60D8
:10ECB00040E7079B069A08999B1807937218099BCF
:10ECC0000292059A013309939A4200D06BE725B06E
:10ECD000F0BCBB46B246A946A046F0BD0899029BCF
:10ECE0008C463100069A61449B180293039B059A57
:10ECF00063440393049B0191013304939A4200D02F
:10ED0000E1E6E4E7DA78A24200D05CE76BE7DA7884
:10ED1000AA4200D0E8E6F6E65B46D9701968534689
:10ED20001868F9F7BBFF3860040E71E75B46D970CD
:10ED3000196853461868F9F7B1FF3860050EF9E60F
:10ED4000039BFC2B7FD81900A069F9F7AFFE059B48
:10ED50001E90002BBBDD049B002BB8DD20689B00C0
:10ED6000C11C8C461C189C441CAB1D001EAB9B4652
:10ED70005A460190D7781FAB9A460020230061467F
:10ED80001DAEFC2F00D961E1019C022F00D88DE15E
:10ED90003A02D21B029200229146FF32D21B03920A
:10EDA0003A0007904F460893914609913AE0FF29AF
:10EDB00000D170E14346DA798A4200D166E1FF234F
:10EDC000591A039B029859430912C9434346C9B2D1
:10EDD0001973E2F773FA434658734346596853462A
:10EDE0001868F9F7A1FE002800D10AE14B46EB7044
:10EDF000434628681968F9F797FE002800D100E11A
:10EE00004346D87A43469B683360B3783178A37021
:10EE10007278049B013721706270E0700434BB4249
:10EE200000D100E15B461B682100042250462B60A4
:10EE3000E2F74AFBE1780229B9D84B46EB702B6820
:10EE400048463360E1E7A069F9F750FE059B0500ED
:10EE5000002B00DC3BE7049A27681300103B1E00E0
:10EE60001B930F239E43002310369B460F2A03DC7F
:10EE700000260F2A00DC61E107201B9B1C09020011
:10EE80003B003A40074200D035E1611C01321D6071
:10EE90005D609D60DD601D615D619D61DD611D6284
:10EEA0005D629D62DD621D635D639D63DD63403372
:10EEB0009142EBD8049BB34200DC36E1B3000393EC
:10EEC000731CB21C01939B00F11C07939300301D2F
:10EED00008938B00099383000A93731DB41D02935A
:10EEE0009B000B93A3000C93F31D98469B000D937E
:10EEF00008239946B1444B469B000E9309239A463A
:10EF0000B24453469B0011930A239C46B444634683
:10EF100010939B0013930B239C46B44463461293B7
:10EF20009B0015930C239C46B444634614939B00AA
:10EF300017930D239C46B444634616939B00199384
:10EF40000E239C46B444634618939B001A93029B7D
:10EF500002949C464C465346B246049E0F935B4631
:10EF60009346019A0194039C3D51B2423DDA079CBD
:10EF70003D51B34539DA089C3D51B14235DA099C1F
:10EF80003D51B04231DA0A9C3D51B4452DDA0B9C1B
:10EF90003D51029CB44228DA0C9C3D51B04524DA24
:10EFA0000D9C3D51019CA6421FDD0E9C3D510F9CC6
:10EFB000A6421ADD119C3D51109CA64215DD139C02
:10EFC0003D51129CA64210DD159C3D51149CA64259
:10EFD0000BDD179C3D51169CA64206DD199C3D5148
:10EFE000189CB44201DA1A9C3D51059C01339C42A5
:10EFF00000D16CE6069C3F190F2EB4DD9B465646A9
:10F000003AE74B464246EB702B681360534619684B
:10F01000537B5160EB702868F9F740FE43469860D7
:10F02000187BD872EEE60798089B0999069C019F09
:10F03000059A3F19013001971B190919824200D125
:10F0400045E65A46D778FC2F00D89DE68146B4465F
:10F0500018005E468B46019A33682B606346EF705A
:10F060002C681C60210A230C1470517093700432B8
:10F070008242F1D1030059464846B3466646019A9A
:10F080000332177004328A42FBD1CFE7DA784A455F
:10F0900000D094E6A1E64B46EB705346D970196850
:10F0A0002868F9F7FBFD3060000EAEE69946029045
:10F0B00003910CE052461268326030787178B27871
:10F0C00020706170A270E37004344C450FD05B4631
:10F0D0001B6804222B6021005046E2F7F5F9E37823
:10F0E000022BE7D8EF702B6833603B00E5E74B4617
:10F0F000029803999AE7621C9201D2191D605D6023
:10F100009D60DD601D615D619D61DD611D625D620F
:10F110009D62DD621D635D639D63DD6340339A42E2
:10F12000ECD1049BB34200DDC8E6069BFF18012327
:10F130009B44059B5B4500D0A1E6C8E5049B002BE2
:10F1400000DDBBE6C3E5C046F0B5DE4657464E4699
:10F1500045462023E0B5BBB00190C35C063BDBB263
:10F16000152B07D8DF4A9B00D3589F4603210198EF
:10F17000FEF718FF3BB0F0BCBB46B246A946A0461E
:10F18000F0BD2123019C00216568A668E26909950C
:10F190000896E35C0B92626903930D9236AA93463C
:10F1A000236804220793E36858460A93A3692769F2
:10F1B0000693E6F79FF90422002137A8E6F79AF9AB
:10F1C0000422002138A8E6F795F901235A465B424C
:10F1D00093812333E35C002B01D100F02BFF002E41
:10F1E000C8DD002DC6DD069B6E009B190493002F21
:10F1F00001D103F0BCF900230C975F460E93069BE8
:10F20000BA4698460C9B079C9B4685E0012801D195
:10F2100001F06AFB022875D12778A5786678FF1A75
:10F22000FB436D1AB61AE943F243DB17C917D2172D
:10F230001F400D401640FBB2EDB2F6B202935B46A2
:10F24000039A1B78210053431F121B0A994635ABC2
:10F25000042218000593E2F737F9FC2F4CDCE27822
:10F26000022A49D9022F01DC01F033FC02999E4B9E
:10F2700036020B4029049D4D33431D404B460D4340
:10F280002D021B062D0A09911D43FF2A01D101F011
:10F29000AFFF5346DB79934201D101F0F6FCFF2129
:10F2A0008A1AC91B51430912C9435346C9B23802CD
:10F2B0001973C01BE2F702F853465873534635984A
:10F2C0005968F9F731FC1EAF002801D101F08FFB1E
:10F2D0005346280019681E951EAFF9F725FC002833
:10F2E00001D101F084FB5346DB7A994653461B7AE1
:10F2F000029353465E7A9D7A029B667023704B465A
:10F30000A570E37002239844013B9B44049B0434A2
:10F31000984501D101F00BFC43463F221B88744DF8
:10F320005BBA9BB2580910400201121A92001218DF
:10F33000100112181F20D90A034069436B43019D35
:10F340000330285C091212121B12032801D101F0AC
:10F350000EFB00D85AE70428D4D12778A578667820
:10F36000FF1AFB176D1AB61AE917F217FF186D1876
:10F37000B6185F404D405640FBB2EDB2F6B2029374
:10F380005DE7019A536816680393936806932123F7
:10F39000D35C0593D368079393699A46D36909931D
:10F3A0001369994653690C932223D35C002B01D037
:10F3B00002F0B9F94B46002B01D100F0E3FE059BAA
:10F3C000FC2B01D902F0C7FC069B002B00DCD1E628
:10F3D000039B0027FF25002B00DCCBE6059BB046F6
:10F3E0009C460C9B4E4699463900039F330042468B
:10F3F000664600208B469C4663461B5C73431B128B
:10F4000014D05146095C94785943DB43DBB25C432A
:10F410006418240A94705478D5705C436418240AE4
:10F420005470147863435B181B0A13700130043264
:10F430008742E1D163465946B4461E00079B01311D
:10F440009844099B4E449A44069B8B42CED191E648
:10F4500004210198FEF7A6FD8CE6019E0021B36809
:10F46000746806932123F25CB769029232683569A9
:10F470000592F2680892F269099272690C9236AAB2
:10F48000934604225846E6F735F80422002137A8AF
:10F49000E6F730F80422002138A8E6F72BF801231C
:10F4A0005A465B4293812333F35C002B01D100F079
:10F4B00017FD069B002B00DC5CE6002C00DC59E607
:10F4C00064003B190393002D01D103F07DF9002363
:10F4D0000A950B970D9304920B9F0A9BB8469A4688
:10F4E000059C8BE0B4C30310FF00FFFFFFFF00FF8C
:10F4F0003A080000012801D101F0DBF9022873D19C
:10F50000A5782678AD1AEA43D21715406278761AA4
:10F51000D31ADA43D2171340DBB29946F343DB1711
:10F520001E40EDB2F6B253461F78029B04225F43A1
:10F530003B129B46210035A8E1F7C6FF5B463F0A18
:10F54000FC2B4CDCE178022949D9022B01DC01F0CB
:10F55000B3FA4B461A029A4B079233401343994A27
:10F560002D0413402B431B023A061B0A13439946F2
:10F57000FF2901D101F02CFE049BDB798B4201D1E4
:10F5800001F08BFBFF235A1A5946591A51430912AD
:10F590005B46C943049F1802C9B2C01A3973E1F728
:10F5A0008DFE3B00787359683598F9F7BDFA16AFB0
:10F5B000002801D101F03BFA4B461693049B4846C4
:10F5C000196816AFF9F7B0FA002801D101F02FFA47
:10F5D000049BDF7A049B5A7A1E7A91469D7A4B46A9
:10F5E00026706370A570E77002239844013B9A442B
:10F5F000039B0434434501D101F0CDFA43461988F9
:10F600005A784905890E0B015B1A9B005B1819019A
:10F610005B184146222509786B48C906D208C90EF5
:10F620004243414301981212405D1B120912032804
:10F6300001D101F02FF900D85CE70428D4D1A578D6
:10F640002678AD1AEA17AD1855406278761AD31AA3
:10F65000DA179B185340DBB29946F317F6185E4051
:10F66000EDB2F6B25FE7019A936811690693212320
:10F67000D35C09919A46D36854680793D369156897
:10F680000893536996690D932223D35C002B01D014
:10F6900001F0FDFE5346002901D100F013FEFC2BC2
:10F6A00001D902F009FB069B002B00DC62E5002C6F
:10F6B00000DC5FE5FF236400A4469946099BB4443F
:10F6C000984663460020B4465646AA461D00834627
:10F6D000644652464046617803784B4373431B149B
:10F6E00014D021784F465943DB43D7709778DBB26B
:10F6F0005F437F183F0A977057785F437F183F0A30
:10F70000577017787B435B181B0A13700234013063
:10F710000432A542DFD15846079B0D9A9A44089BB4
:10F7200001309C44ED18069B90448342CFD121E5E3
:10F730002123019C04226668A56806960995E35C6E
:10F7400000210293236827690493E3680A93A3695D
:10F750000593E3690B9363690C9336AB9B461800E2
:10F76000E5F7C8FE0422002137A8E5F7C3FE04220E
:10F77000002138A8E5F7BEFE01235A465B4293817B
:10F780002333E35C002B00D14CE2002D00DCF1E4DC
:10F79000002E00DCEEE40023002F01D103F011F86D
:10F7A0003D00059F08930E92069BAA469B46AB44DC
:10F7B0005B4603930E9BB9469846049C0D9589E0E1
:10F7C000FF00FFFFFFFF00FF3A080000012B01D1FF
:10F7D00001F0ACF8022B73D1A3785A469E1BF34379
:10F7E000DB171E406378F6B2DF1BFB43DB171F40BD
:10F7F0002378FFB29B1ADA43D2171340DBB29B4641
:10F8000053461B7804225D43029B21005D4335A8CB
:10F810002D14E1F759FEFD2D01D101F038F8E17802
:10F82000E8B2022947D9022D01DC01F038F95A4625
:10F83000A54B3F021340A54A3B43360413403343D4
:10F840001B02079602061E0A1643FF2901D101F08A
:10F85000DEFC4346DB798B4201D101F00EFAFF2337
:10F860005A1A591B51430912C9434346C9B22802C7
:10F870001973401BE1F722FD434658734346359800
:10F880005968F9F751F928AD002801D101F0EAF8DB
:10F89000434630001968289628ADF9F745F9002845
:10F8A00001D101F0DFF84346D87A43461B7A9B46E4
:10F8B00043465F7A9E7A5B4667702370A670E0705D
:10F8C00004239944033B9A44039B0434534501D1D8
:10F8D00001F048F94B461B789B464B46DD785F7834
:10F8E0009E78002D0FD0FF2029000002E1F7BEFC1A
:10F8F0005B464643474358430012C3B29B46361209
:10F900003F12F6B2FFB22222019B9B5C032B01D176
:10F9100000F0FFFF00D859E7042BD1D15A46A37855
:10F920009E1BF317F6185E406378F6B2DF1BFB17D9
:10F93000FF185F402378FFB29B1ADA179B185340D9
:10F94000DBB29B465CE7019A5368116902939368A6
:10F9500007932123D35C0491069313689A46D368D6
:10F96000089393699946D369099353690A932223AB
:10F97000D35C002B01D002F018F8002901D100F06F
:10F9800048FC069BFC2B01D902F02DFA079A002AAD
:10F9900001DCFFF7EFFB029A0027002A01DCFFF7EA
:10F9A000E9FBD346012594469846CA460197049F31
:10F9B0003B005946674600209C46634642461B5C16
:10F9C00053431B1220D05446C210A25C0724844328
:10F9D00022412A405242FF24D2B25A43DB43CC7028
:10F9E0008C78DBB25C43A14691444C46240A8C706F
:10F9F0004C785C43A14691444C46240A4C700C78E8
:10FA000063439B181B0A0B70013004318742D4D129
:10FA10006346BC461F00089B079A9B44099B9A4477
:10FA20000A9BFF18019B013301939A42C0D1FFF753
:10FA3000A1FB2123019C04226668A5680396079513
:10FA4000E35C00210293236827690693E368099326
:10FA5000A3690593E3690A9363690C9336AB9B46EC
:10FA60001800E5F747FD0422002137A8E5F742FD1D
:10FA70000422002138A8E5F73DFD01235A465B42E8
:10FA800093812333E35C002B00D19AE1002D01DC4C
:10FA9000FFF770FB002E01DCFFF76CFB0026002F48
:10FAA00001D101F08AF93D000B96059E0E92039B51
:10FAB000AA469C46AC44634604930E9BB1469B46C3
:10FAC000069C0D958BE0C046FF00FFFFFFFF00FF87
:10FAD000012B01D100F05AFF022B76D1A7782578AF
:10FAE0003F1AFB43DB171F406378AD1A5B1AD943FB
:10FAF000C9170B40DBB29846EB43DB171D40FFB242
:10FB0000EDB24A465346D6781B7804225E43029BE8
:10FB100021005E4335A83614E1F7D6FCFD2E01D155
:10FB200000F0B2FEE178F0B2022949D9022E01DCE0
:10FB300000F0D7FF43461A02E74B08922B401343CD
:10FB4000E64A3F0413403B431B0202061B0A1343D1
:10FB50009846FF2901D101F02BFB5B46DB798B42F4
:10FB600001D101F0A3F8FF235A1A991B514309123E
:10FB7000C9435B46C9B230021973801BE1F79EFB93
:10FB80005B4658735B4635985968F8F7CDFF2EAE43
:10FB9000002801D100F00FFF43462E935B464046FC
:10FBA00019682EAEF8F7C0FF002801D100F003FF5E
:10FBB0005B46D87A5B461D7A5B7A98465B469F7AAD
:10FBC000434625706370A770E07004239944033B9B
:10FBD0009A44049B0434534501D100F08FFF4B46F7
:10FBE00022251A7859789878019B5B5D032B01D107
:10FBF00000F0B1FE00D86BE7042BE6D1A77825789A
:10FC00003F1AFB17FF185F406378AD1A5B1AD917CC
:10FC10005B184B40DBB29846EB17ED185D40FFB226
:10FC2000EDB26EE7029B002F01D100F00BFCFC2B24
:10FC300001D902F032F9099B002B01DCFFF79AFA97
:10FC4000069B002B01DCFFF795FA00245E46FF18A7
:10FC500035AB07970E940393079B069AB3469B1AFE
:10FC6000059C049D01931EE0042229000398E1F7FE
:10FC70002BFC4346022B01D800F0F0FF039B1A78BF
:10FC80005E7891469F784B462B704346EB70019B04
:10FC9000079A01336E70AF700434043501939A42B1
:10FCA00001D101F01CF8237866789946E378A778AB
:10FCB0009A46EB7898465346002BD5D0FF20514604
:10FCC0000002E1F7D3FA4B4647434643584300123C
:10FCD000C3B299465346029A29005343019A0398A6
:10FCE00012783F1253431A1492461B0C04220893B5
:10FCF000E1F7EAFB43463612FFB2F6B2022B01D817
:10FD000000F0B0FF5346022BB8DD4B4632021343DE
:10FD10000D92724A3F0413403B431B021E0A4346A6
:10FD2000089A12061643FF2B01D101F0F4FA5B4644
:10FD3000DB79434501D101F088FAFF215346CA1A05
:10FD40004346C91A51430912C9435B46C9B21973E4
:10FD500053461802C01AE1F7B1FA5B46587342469F
:10FD6000039BDA705A4618685168F8F7DDFE0028E0
:10FD700001D000F0A3FF26AB9846039B3696196886
:10FD80005B4659604B460D9A1343544A13405A46FA
:10FD90003B43527B1B0212061B0A13432693434626
:10FDA0001868F8F77BFF5B4698601B7B98465B46BC
:10FDB0004246DA725B461B7A99465B465E7A9F7AC8
:10FDC00061E7029B002F00D1BEE2FC2B01D902F0BB
:10FDD00020FB079B002B01DCFFF7CCF9039B002BDA
:10FDE00001DCFFF7C7F9FF180023994635AB9A46A7
:10FDF0002DAB98464B4601970493019B039A059EB1
:10FE0000069D9F1A49E04B46022B01DC00F02EFFB5
:10FE1000FF2901D101F074FA5B46DA798A4201D1F7
:10FE200001F01CFAFF234A46591A9A1A5143091243
:10FE3000C9435B46C9B219734B461802C01AE1F7B1
:10FE40003DFA5B4658735B46596853461868F8F7A5
:10FE50006BFE34AC002801D100F0D3FE5B46349831
:10FE60001968F8F761FE002801D100F0CAFE5B4670
:10FE7000DC7A5B4642469B681360434619785A78A1
:10FE80009B780137AB70019B29706A70EC70043667
:10FE90000435BB4201D100F065FF029AF3783C784B
:10FEA00053435C4372782314994633781202134308
:10FEB000B278240C1204210613430B4304222900B8
:10FEC00050463493E1F700FBE97802299BD842467B
:10FED000349B1360D1E7C046FF00FFFFFFFF00FF28
:10FEE000002D00D173E3029BFC2B01D902F0A4F991
:10FEF000069B002B01DCFFF73DF9002C01DCFFF72E
:10FF000039F963000024DA46FF180D9335AB0497E6
:10FF10000B940A9503930A9B0D9A9B46049B059E9E
:10FF20009B1A9946B04652E02302E34C07932C40BB
:10FF30001C43E24B3F041C403C4324023306240A8A
:10FF40001C43FF2901D101F0BFF95346DB798B42F5
:10FF500001D101F092F9FF23019A591A981A4143ED
:10FF60000912C9435346C9B210021973801AE1F746
:10FF7000A5F95346587353465968039B14AE186845
:10FF8000F8F7D2FD002801D100F01FFE53462000F3
:10FF90001968149414AEF8F7C7FD002801D100F0D9
:10FFA00014FE5346DE7A53461D7A5C7A9F7A4346A6
:10FFB0001D705C709F70DE7001239B440133994477
:10FFC00002339844049B4B4501D100F0B5FE5B46DB
:10FFD00049464A461E78029B0D785E4333120193D0
:10FFE0000B8857785B059B0E1C01E41AB44AA400E9
:10FFF000ED06E418FF08ED0E414657435543230133
:020000041002E8
:1000000004220398E418E1F75FFA4246D1783F12E0
:1000100024122D12360AFFB2E4B2EDB20229C6D97B
:10002000019B022B00DD7FE7039B0E001D785C78AF
:100030009F78BCE7002F00D179E3039BFC2B01D90B
:1000400002F021F8089B002B01DCFFF793F8099BD5
:10005000002B01DCFFF78EF80024D946FF1835ABE2
:1000600004970C940293049B099A079E9B1A9A4644
:10007000069BB0469B4652E02B028F4D05932540D0
:100080001D438E4B3F041D403D432D0233062D0A78
:100090001D43FF2901D101F025F94B46DB798B4245
:1000A00001D101F0E2F8FF23019A591A981A41434D
:1000B0000912C9434B46C9B210021973801AE1F7FD
:1000C000FDF84B4658734B465968029B1CAE1868A6
:1000D000F8F72AFD002801D100F0A4FD4B462800C6
:1000E00019681C951CAEF8F71FFD002801D100F01F
:1000F00099FD4B46DE7A4B461C7A5D7A9F7A4346E1
:100100001C705D709F70DE7001239A4401339B4424
:1001100002339844049B534501D100F0F7FD534648
:100120005A463F211E78039B14885E4364BA3312FB
:10013000A4B2019363090B401D01ED1A604A2039F6
:10014000AD00E70AED180C405743414654432B01DC
:1001500004220298ED18E1F7B7F94246D1783F1230
:100160002D122412360AFFB2EDB2E4B20229C6D92A
:10017000019B022B00DD7FE7029B0E001C785D785F
:100180009F78BCE7059AFC2A01D902F0BDFC0698CD
:10019000002801DCFEF7EEFF039B002B01DCFEF7DD
:1001A000E9FF002A01D1FEF7E5FF9D00D343DCB251
:1001B000534600210193079BB0469946099B751948
:1001C000FF279B468C4616004346824601990878D5
:1001D0009A78704362431218120A9A705A78DF7044
:1001E00062431218120A5A701A78013162431218C7
:1001F000120A1A7004339D42E9D1019B50465B44B8
:10020000019301239C44C8444D446045DCD1FEF772
:10021000B1FF069A079BFC2A01D902F047FC002B8C
:1002200001DCFEF7A7FF0299002901DCFEF7A2FF1F
:10023000002A01D1FEF79EFFD3430026DFB24B46D2
:100240000124B1468C4690461E0033005246664655
:1002500000219C466046CB10C35C072088430341C5
:10026000FF20D070404623405B42DBB2434390788E
:100270000131784383469B445846000A9070507879
:10028000784383469B445846000A50701078784360
:100290001B181B0A137004328E42DBD16346B4462E
:1002A0001E00089B9A44099BF61801239944079B5A
:1002B0004B45CAD1FEF75EFFFF00FFFFFFFF00FFC7
:1002C0003A080000FC2B01D902F0AAFB069B002B88
:1002D00001DCFEF74FFF002C01DCFEF74BFFFF2394
:1002E0009C46089BA400A8462C1989465546300018
:1002F0009A46079F4246834643786B431B1214D0AD
:10030000017866465943DB43D6709678DBB25E438C
:100310007618360A967056785E437618360A567006
:10032000167873435B181B0A137004320230944230
:10033000E2D1012358469944069BB8445044E4193D
:100340004B45D7D1FEF716FFFC2B01D903F01EF861
:10035000079B002B01DCFEF70DFF039B002B01DC4C
:10036000FEF708FF0023994635AB9A464B462BAF64
:1003700001930023059E9846069D48E04B46022BBC
:1003800001DC00F09BFFFF2901D101F063FC5B461B
:10039000DA798A4201D101F063F8FF234A46591AFB
:1003A0009A1A51430912C9435B46C9B219734B46A5
:1003B0001802C01AE0F782FF5B4658735B46596823
:1003C00053461868F8F7B0FB34AC002801D100F0B0
:1003D0005CFF5B4634981968F8F7A6FB002801D14A
:1003E00000F053FF5B46DC7A5B469B683B60BB7862
:1003F0003978AB7001237A789844039B29706A702E
:10040000EC7004360435434501D100F0C7FF029B70
:10041000F47872785C4323129946337812021343BE
:10042000B278240A1204210613430B430422290044
:1004300050463493E1F748F8E97802299ED8349B76
:100440003B60D4E7FC2B01D902F0CDFE099B002BC9
:1004500001DCFEF78FFE35AB9A46069B0024002B8D
:1004600001DCFEF787FE53465E460C94039300249E
:10047000B346059F049D01941EE0042229000398C1
:10048000E1F722F84B46022B01D800F013FF039B43
:100490001A785C7892469E7853462B704B46EB70E8
:1004A000019B069A01336C70AE70019304370435DA
:1004B0009A4201D100F05FFF3B787C789A46FB7846
:1004C000BE789846EB7899464346002BD5D0FF205E
:1004D00041460002E0F7CAFE5346464344435843B0
:1004E0000012C3B29A464346029A290053431A1295
:1004F00090461B0A042203980793E0F7E5FF4B465A
:1005000036122412F6B2E4B2022B01D800F0CEFE6D
:100510004346022BBBDD5346F04A240223431340DB
:100520003604079A33431B0212061B0A134308932F
:100530004B46FF2B01D101F07AFB5B46DB794B4543
:1005400001D100F084FFFF214346CA1A4B46C91A65
:1005500051430912C9435B46C9B219734346180295
:10056000C01AE0F7ABFE5B4658734A46039BDA704D
:100570005A4618685168F8F7D7FA002801D000F0F9
:10058000E9FE22AB9846089BD44A3693039B196830
:100590005B4659605346234313405A463343527BCC
:1005A0001B0212061B0A1343229343461868F8F7EE
:1005B00075FB5B4698601B7B99465B464A46DA7240
:1005C0005B461B7A9A465B465C7A9E7A64E7069B9A
:1005D000002B01DCFEF7CEFD002C01DCFEF7CAFD8E
:1005E000029BFC2B01D902F070FF022B01D803F013
:1005F0002DF81D02EA1A0492620090463A00424425
:10060000019235AA9246FF22D31A0024079343464B
:100610005E4603940A93019B0A9A059F9B1AB14672
:1006200098463E001DE0029A1D705C709F70DA7063
:100630004B4610981968F8F777FA002855D04B46C2
:10064000D87A4B461D7A5C7A9F7A02239844019BA4
:1006500035707470B770F0700436434501D100F006
:10066000AFFE43465F781B889D4A5B059B0E1C01CD
:10067000E41AA400E4182301E41843461D78FF0897
:10068000ED06ED0E57435543310004225046E0F786
:100690001BFFF1783F1224122D120298FFB2E4B230
:1006A000EDB20229D1D9FF2901D101F0EFFA4B4671
:1006B000DA798A4201D100F0E2FEFF23591A079B42
:1006C000049859430912C9434B46C9B21973E0F75C
:1006D000F5FD4B4658734B46596853461868F8F772
:1006E00023FA10AB9B4600289DD14B46029A5C70C2
:1006F0009F70DA701D70534619684B465960794BEC
:10070000764A24022B40234313404A463F04527B3F
:100710003B431B0212061B0A134310935B461868E7
:10072000F8F7BCFA4B469860187BD87289E7089BAB
:10073000002B01DCFEF71EFD099B002B01DCFEF700
:1007400019FD039BFC2B01D902F0F4FE1A00022BC9
:1007500001D802F028FF1B029B1A0493099B0699FB
:100760005B00CB18019335AB9A46FF2300245E460D
:100770009B1A05930294069B079FB14698463E003C
:100780001DE0039A1D705C709F70DA704B461898DC
:100790001968F8F7C9F9002854D04B46D87A4B4667
:1007A0001D7A5C7A9F7A02239844019B357074709D
:1007B000B770F0700436434501D100F014FE434693
:1007C0001F251B8846495BBA9BB25A05920E14013D
:1007D000A41ADF0A1D40A4004F434D43A418220170
:1007E0003100A41850460422E0F76EFEF1783F1263
:1007F00024122D120398FFB2E4B2EDB20229D2D92D
:10080000FF2901D101F030FA4B46DA798A4201D151
:1008100000F02DFEFF23591A059B04985943091235
:10082000C9434B46C9B21973E0F748FD4B465873AC
:100830004B46596853461868F8F776F918AB9B464B
:1008400000289ED14B46039A5C709F70DA701D7031
:10085000534619684B465960224B204A24022B40CC
:10086000234313404A463F04527B3B431B0212067C
:100870001B0A134318935B461868F8F70FFA4B46A8
:100880009860187BD8728AE7FD20FFF799F9FD2060
:10089000FFF711F8A5782678554362784E43534305
:1008A0001B122D12DBB236129946EDB2F6B2FEF7EC
:1008B0003AFEA578AD18FF2D00DDFF256278EDB278
:1008C000D318FF2B00DDFF232678DBB2761899467C
:1008D000FF2E00DDFF26F6B2FEF725FEFFFF00FF2C
:1008E0003A080000FF00FFFFA5786D18FF2D00DD1E
:1008F000FF256678EDB2B618FF2E00DDFF262778BB
:10090000F6B2FF18FF2F00DDFF27FBB20293FEF7C0
:1009100096FC5A46A3785E436378360A5F43237891
:100920003F0A53431B0A9B46FEF76AFFA3789E19B2
:10093000FF2E00DDFF266378F6B2DF19FF2F00DD02
:10094000FF272378FFB25B44FF2B00DDFF23DBB2E0
:100950009B46FEF755FF6378A77825784B434743BE
:1009600055431B0A98463F0A2D0AFFF7CAF8277815
:10097000A57866785F434D4356433F122D123612D9
:10098000FBB2EDB2F6B20293FEF759FCA7783F181E
:10099000FF2F00DDFF276378FFB25B18FF2B00DD20
:1009A000FF232578DBB2AD189846FF2D00DDFF252B
:1009B000EDB2FFF7A6F8434636935B463599089AA1
:1009C0005960F34B2B401343F24A13405A463B43C2
:1009D000527B1B0212061B0A13432E933068F8F752
:1009E0005DF95B469860187BD872FFF7E3F85346D1
:1009F00035993695029A5960E54B1A401300E54A3D
:100A000033431340099A13435246527B1B0212068A
:100A10001B0A13431E933868F8F740F95346986051
:100A20001B7B994653464A46DA72FEF75FFC4B46FB
:100A30003693D74B079A33401343D64A0498134052
:100A40002B43427B1B0212061B0A359913430500F8
:100A5000169341603868F8F721F92F7BA860EF7290
:100A6000FEF7B8FD43465A46359936965960C84B4D
:100A70001A401300C74A3B431340079A13434246A8
:100A8000527B1B0212061B0A134328932868F8F7AF
:100A900005F943469860187BD872FEF706FF10AB45
:100AA00094331B7808009B4610AB95331F7810AB2E
:100AB00096331E78FEF7FFFE10AB94331E7810AB12
:100AC00095331B780F00994610AB96331D78FEF7CF
:100AD00086FD059B914619785E789D780291FEF718
:100AE0000BFC10AB94331D7810AB95331B780800CA
:100AF000984610AB96331F78FFF762F80D9D002DD6
:100B000000D149E10B9B079A01330B939A4201D123
:100B1000FEF730FB0C9B099AED18069B9B18069379
:100B20000A9A059B9B181E000593FEF7C0FF0B99C0
:100B30000C9B8C460D9A04999B180C930A9A079B60
:100B400061449B180793069B089A634406930E9B87
:100B5000574601330E9304919A4201D0FEF74FFBA2
:100B6000FEF708FB0D9D089B002D00D107E2099AB6
:100B7000013308939A4201D1FEF7FCFA0C9B0A9AC2
:100B8000ED18049B9B1804930B9A059B9B181F0060
:100B90000593FEF709FE09990A9B8C460C9A039966
:100BA0009B180A93089A059B61449B1805930B9B1D
:100BB000069A63440B930D9B039101330D939A4264
:100BC00001D0FEF789FCFEF7D5FA039B369419682D
:100BD000534659606E4B079A2B4013436D4A13409E
:100BE00052463B43527B1B0212061B0A13431493CB
:100BF0003068F8F753F853461E7B9860DE72FFF7B3
:100C0000D2F95A462368136053461968537B5160E2
:100C1000E3702068F8F742F85B461C7B9860DC7252
:100C2000FFF727F9029B369519684B465960584BD8
:100C3000059A23401343574A13404A463B43527B8D
:100C40001B0212061B0A13431C933068F8F726F8A0
:100C50004B461E7B9860DE72FFF74DFA00239846E4
:100C6000FFF711F8089B9846FFF70DF853461A68EE
:100C700043460C001A60FFF700F94346DB788342D5
:100C800001D0FEF7ECFDFEF7F9FD5346DB784B454E
:100C900001D0FEF704FBFEF711FB049BDB78BB429F
:100CA00001D0FEF76FFC049BFEF77DFC5B46DB7812
:100CB000834201D0FEF757FFFEF764FF26AB98464C
:100CC0005B46300019682696F7F72EFF002801D101
:100CD000FFF753F85B46DB7A9846FFF76BF8049B07
:100CE0000A9A0C999B1804930B9A059B5E469B18D5
:100CF000079A059352180E9B0792099A01330E9397
:100D00009A4201D0FEF7A8FFFEF734FA079B0A9A31
:100D10000D999B1807930B9A069B9B18049A0693B0
:100D200052180C9B0492089A01330C939A4201D0FA
:100D3000FFF799F9FEF71EFA059B089A09999B1887
:100D400005930C9A0A9B9B18049A0A9352180B9BC2
:100D50000492069A01330B939A4201D0FFF7DBF815
:100D6000FEF708FA069B099A0C999B1806930A9AB3
:100D7000059B9B18019A05935218049B0192079AB0
:100D8000013304939A4201D0FFF737F8FEF7F2F9E6
:100D9000FF00FFFFFFFF00FF0E9B0B9E9B46069B85
:100DA000099A01369B1806930A9A059B9B1805938E
:100DB000079BB34201D1FEF7DDF9059B069C9946DE
:100DC00000230B969A468EE0012B00D1B7E0022B50
:100DD00000D080E0A6786778361AF3437F1ADB17D5
:100DE0001E40FB432578DB17AD1A1F40EB43DB1792
:100DF0001D40EBB2F6B2FFB204934B46029ADB7889
:100E00002100534335A81D1204221B0A9846E0F71F
:100E10005BFBFC2D59DCE278022A56D9022D00DC5E
:100E20009FE0DF49049B3F020B403104DD4E3B4312
:100E30001E4043460E4336021B06360A08911E43E7
:100E4000FF2A00D1E6E25B46DB79934200D175E2EE
:100E5000FF21481B891A41430912C9435B46C9B2A5
:100E600028021973401BE0F729FA5B4658735B466A
:100E700035985968F7F758FE002800D0D6E12EAB18
:100E800098465B4635993696C54A5960049B13408F
:100E9000C44A3B431340089A13435A46527B1B02F1
:100EA00012061B0A13432E9343461868F7F7F6FE03
:100EB0005B4698601B7B98465B464246DA725B460F
:100EC0001B7A04935B465F7A9E7A049B677023705B
:100ED0004346A670E37001239A4403339944039B6D
:100EE0000434534549D04B4622251A7859789878CE
:100EF000019B5B5D032B17D000D865E7042BEAD17B
:100F0000A6786778361AF317F6187F1A25785E40A8
:100F1000FB17FF18AD1A5F40EB17ED18F6B2FFB2E2
:100F20005D40EBB2049368E72578A678677855436F
:100F300046434F432B0A360A3F0A04935DE7A678DF
:100F40003618FF2E00DDFF266778F6B27F18FF2FD8
:100F500000DDFF272578FFB2AD18FF2DE1DDFF256D
:100F6000DFE710AB94331B789046049310AB9533B6
:100F70001F7810AB96331E78A7E70B9E0FE79A46B3
:100F80000E9B9B4601230A9A9A44049B9B18049348
:100F90000B9A059B9B180593099B534501D1FEF7BE
:100FA000E9F8059B002599465346D846AA46049C75
:100FB000089378E0012B00D1ACE0022B6AD1A37832
:100FC0005A46DF1BFB43DB171F406378FFB25D1BF4
:100FD000EB43DB171D402378EDB29B1ADA43D2179F
:100FE0001340DBB20393029B04225E4333129B4601
:100FF000210035A8E0F768FA5B46360AFC2B44DC92
:10100000E178022941D9022B00DCBDE02B02039AD2
:10101000634D079315401D43624B3F041D403D4304
:101020002D0233062D0A1D43FF2900D101E243465C
:10103000DB798B4200D187E15A46FF23981A591A6F
:1010400041430912C9434346C9B210021973801AB9
:10105000E0F734F943465873434635985968F7F733
:1010600063FD28AE002873D04346280019682895F0
:1010700028AEF7F759FD00286AD04346DE7A43468A
:101080001B7A039343465D7A9F7A039B65702370B6
:10109000A770E67001239A4403339944069B0434F5
:1010A000534500D180E04B461B789B464B46DE788B
:1010B0005D789F78002E0FD0FF2031000002E0F70E
:1010C000D5F85B464743454358430012C3B29B469D
:1010D0003F122D12FFB2EDB22222019B9B5C032B2B
:1010E0002AD000D866E7042BD4D15A46A378DF1B58
:1010F000FB17FF185F406378FFB25D1BEB17ED181D
:101100005D402378EDB29B1ADA179B185340DBB28F
:10111000039368E7A378DF19FF2F00DDFF276378CB
:10112000FFB25D19FF2D00DDFF252378EDB25B4492
:10113000FF2BECDDFF23EAE75A46A3785F43637891
:101140003F0A5D4323782D0A53431B0A03934AE762
:10115000434635993695039A5960114B1A4013004E
:10116000079A13430F4A134042463B43527B1B02EC
:1011700012061B0A134328933068F7F78FFD434686
:101180001E7B9860DE727AE710AB94331B780E00FA
:10119000039310AB95331D7810AB96331F7874E72B
:1011A000FF00FFFFFFFF00FF089BC3469A46E9E6EA
:1011B0002E9310AB9733197040463599F7F76EFDB3
:1011C000030A05002F90070C9846000EFEF7F8FC66
:1011D000169310AB9733197048463599F7F75EFDB3
:1011E000030A060099461790050C070EFEF7F7F95B
:1011F000059B2800DA7035991E95F7F74FFD030E11
:1012000099461F900290060A050CFEF775F810AB80
:1012100097331970300035992896F7F73FFD8346CC
:101220002990070A060C000EFEF745FB2EAB9846E8
:101230005B46300019682E96F7F776FC002800D13F
:101240001FE65B46DB7A984639E65B46089ADB7810
:10125000934201D0FEF771FDFEF781FDDA78A242DC
:1012600001D0FEF7DFFDFEF7EEFD4B46DB78B34223
:1012700001D0FEF718FFFEF726FF5346DB78B34296
:1012800001D0FEF768FEFEF776FE5A46236813602B
:1012900053461968537B5160E3702068F7F7FEFCF2
:1012A0005B461C7B9860DC72FFF79EF8079B9946B3
:1012B000FFF7F2F800239946FFF7EEF853461A6855
:1012C0000C003A60FFF793F8039B2000D97019686F
:1012D0001494F7F7E3FC05001590040A070C060EBA
:1012E000FEF765FE029B2800D97019681C95F7F778
:1012F000D5FC04001D90050A070C060EFEF7FFFE44
:101300005346D97019683498F7F7C8FC4346040E61
:101310001860FEF7B2FD4246039B3000DA70196890
:101320002696F7F7BBFCC3B29946060A070C030ED4
:1013300098462790F6B2FFB2FEF7A5FC5B46DB7835
:10134000434500D084E592E54346DB78B34200D0C4
:1013500072E681E622AB98465B46089819682290AF
:10136000F7F7E2FB002801D1FFF70DF95B46DB7AC6
:101370009946FFF725F9049B0A9A5E469B18049349
:101380000B9A059B9B1805930C9B099A01330C93B0
:101390009A4201D0FFF76BF8FDF7ECFE069B099A25
:1013A0009B1806930A9A059B9B180593019B079A25
:1013B000013301939A4201D0FEF7DBFFFDF7DAFE1D
:1013C000059B089A09999B18019A05935218039B4B
:1013D0000192069A01334E4603939A4201D0FFF7D9
:1013E0001AF9FDF7C7FE0B99079B8C460A9A0199DB
:1013F0009B180793069B089A63440693029B6144DB
:1014000001334E46029301919A4201D0FFF7B3F99E
:10141000FDF7B0FE10AB97331A70300035992E9659
:10142000F7F73CFC030E98462F900490070A060C31
:101430004BE510AB97331970280035992895F7F7CD
:101440002DFC29900390050A070C060E1DE65B464D
:10145000079ADB78934201D0FFF775F8FFF785F81C
:10146000DA78A24201D0FEF798FFFEF7A7FFDA78FC
:10147000039B9A4201D0FFF7CDF9FFF7D9F9DA784B
:10148000029B9A4201D0FFF718F9FFF724F936AB17
:101490009B46180004220021E4F72CF804220021C6
:1014A00037A8E4F727F80422002138A8E4F722F847
:1014B00001235A465B429381069B002B01DCFDF71A
:1014C00059FE002C01DCFDF755FE6400331904932E
:1014D000099B002B01D101F052FC002753460C95CB
:1014E0005D4605930B960E970B9BA8469946099B64
:1014F0000C9C9B4635AB9A467FE0012B00D19CE0CB
:10150000022B72D1A7782578BF1AFB43DB171F4047
:101510006378AD1A9B1AD943C9170B40DBB203930A
:10152000EB43DB171D40EBB2FFB202934A465B462A
:1015300056781B7804225E43059B21005E4350468B
:101540003514360CDFF7C0FFFD2D48D0E1780229B5
:1015500045D9022D00DCAEE0039BD9481A02029B5C
:10156000039203401343D74A3804134003431B023A
:1015700032061F0A0A901743FF2900D1C5E04346EF
:10158000DB798B4200D1BAE0FF235A1A591B514331
:101590000912C9434346C9B228021973401BDFF739
:1015A0008DFE434658734346596853461868F7F70B
:1015B000BBFA32AE002861D0434638001968329732
:1015C00032AEF7F7B1FA002858D04346DE7A4346E8
:1015D0001B7A029343465B7A039343469F7A029BAE
:1015E000A7702370039BE670637002239944013B4C
:1015F0009B44049B04344B4567D04B4622211A7808
:10160000019B5B5C032B2DD000D876E7042BECD13B
:10161000A7782578BF1AFB17FF185F406378AD1ACB
:101620009B1AD9175B184B40DBB20393EB17ED18ED
:101630005D40EBB2FFB2029378E7A778BF18FF2FA7
:1016400000DDFF276378FFB29B18FF2B00DDFF232F
:101650002578DBB2AD180393FF2D00DDFF25EBB23B
:10166000029363E7637825785343A778554357433C
:101670001B0A03932B0A3F0A029357E75346196844
:10168000434636978E4A5960029B1340039A134390
:101690008C4A13400A9A13434246527B1B0212069D
:1016A0001B0A134332933068F7F7F8FA43461E7B60
:1016B0009860DE728BE753461B780E000293534608
:1016C0005B78039353469F7889E70899099B8C467A
:1016D0000D9A04999B180993079A0C9B61449B18D7
:1016E0000C930B9B069A63440B930E9B4546013368
:1016F0000E9304919A4200D0F6E6FDF73BFD434677
:10170000DB78B34200D03FE74DE75346D97038004D
:1017100019683297F7F7C2FA030A349002900393DC
:10172000070C060E5BE736AB9B461800042200212F
:10173000E3F7E0FE0422002137A8E3F7DBFE0422F2
:10174000002138A8E3F7D6FE01235A465B42938175
:10175000069B002B01DCFDF70DFD039B002B01DC3C
:10176000FDF708FD4B46002B01D101F0F5F953467A
:10177000002702934B465D460B970A96049300267A
:10178000AB46B0460A9C7AE0012B00D19CE0022BCC
:101790006FD1A6782778B61AF343DB171E4063781B
:1017A000BF1A9B1AD943C9170B40DBB29946FB43BA
:1017B000DB171F40F6B2FFB24246049B21009D5C3E
:1017C000059B04225D432B129A4635A8DFF77CFE69
:1017D00053462D0AFC2B47DCE178022944D9022B21
:1017E00000DCABE04B461A02354B08923B401343FA
:1017F000344A3604134033431B022A061B0A1343A0
:101800009946FF2900D1C1E05B46DB798B4200D1CC
:10181000B6E0FF235A1A5146591A51430912C943D7
:101820005B46C9B2197353461802C01ADFF746FD6A
:101830005B4658735B4635985968F7F775F930ADD4
:10184000002860D04B4630935B464846196830AD5F
:10185000F7F76AF9002856D05B46DD7A5B461F7AB7
:101860005B7A99465B469E7A4B4627706370A670FA
:10187000E57001239844039B043443456AD04246F3
:101880002221029B9A5C019B5B5C032B30D000D829
:101890007AE7042BEDD1A6782778B61AF317F61855
:1018A0005E406378BF1A9B1AD9175B184B40DBB2B6
:1018B0009946FB17FF185F40F6B2FFB27CE7C046BF
:1018C000FF00FFFFFFFF00FFA678B618FF2E00DD28
:1018D000FF266378F6B29B18FF2B00DDFF232778E5
:1018E000DBB2BF189946FF2F00DDFF27FFB263E789
:1018F0006378A67827785343564357431B0A994683
:10190000360A3F0A58E74B4636935B463599089AA4
:101910005960E74B3B401343E64A13405A46334372
:10192000527B1B0212061B0A134330932868F7F7F9
:10193000B5F95B461D7B9860DD728FE710AB943381
:101940001F7810AB95331B780D00994610AB96337A
:101950001E7889E7049B0C9A5D469B180493079AAE
:101960000A9B9B180A93099A029B9B1802930B9B54
:10197000069A01330B939A4200D000E7FDF7FAFB79
:101980005B46DB78AB4200D043E753E7309310ABC4
:101990009733197048463599F7F780F9030A07001D
:1019A00099463190060C050E5EE736AB9B46180053
:1019B00004220021E3F79EFD0422002137A8E3F76B
:1019C00099FD0422002138A8E3F794FD01235A462B
:1019D0005B429381079B002B01DCFDF7CBFB029B55
:1019E000002B01DCFDF7C6FB049B002B01D101F0AD
:1019F000E4FA4B460027039353465E460D970C933B
:101A00000025B346A9460C9C8DE0012A00D1B2E026
:101A1000022A00D081E0A6786778F61AF24325788A
:101A2000FF1AD217ED1AEB431640FA43DB17D21711
:101A300017401D40F6B2FFB2EDB24A46049B2100AA
:101A40009B5C069A53431A1292461B0A984634AB83
:101A5000180004220593DFF737FD5346FC2B57DCB3
:101A6000E278022A54D9022B00DCA1E0904B310429
:101A70003F02904E2B403B431E4043460E433602EE
:101A80001B06360A0B911E43FF2A00D1C1E05B46BC
:101A9000DB79934200D1B6E0FF2153468A1AC91A76
:101AA00051430912C9435B46C9B219735346180220
:101AB000C01ADFF703FC5B4658735B4634985968DD
:101AC000F7F732F8002800D08EE033AB98465B463B
:101AD000349936965960764B764A2B403B431340F7
:101AE0000B9A13435A46527B1B0212061B0A1343DE
:101AF000339343461868F7F7D1F85B4698601B7B31
:101B000098465B464246DA725B461D7A5F7A9E7A59
:101B1000434625706770A670E37001239944029BC9
:101B200004344B454AD04B46039ADB104946D35CFC
:101B300007228A431341012222211340019A5B426A
:101B4000525CDBB2032A29D000D85EE7042AE4D134
:101B5000A6786778F61A2578F217FF1AB618ED1AE4
:101B60005640EB17FA17BF18ED1857405D40F6B214
:101B7000FFB2EDB261E7A678F618FF2E00DDFF2672
:101B80006778F6B2FF18FF2F00DDFF272578FFB238
:101B9000ED18FF2D00DDFF25EDB24EE7A678677842
:101BA00025785E435F435D43360A3F0A2D0A44E7CA
:101BB000059B90461D785F789E78A9E7049B0A9A5A
:101BC0005E469B180493089A0C9B9B180C93099AE9
:101BD000039B9B1803930D9B079A01330D9393422C
:101BE00000D00DE7FDF7C6FA33AB98465B463000F0
:101BF00019683396F6F798FF002800D167E75B462F
:101C0000DB7A984680E75B46DB78434500D043E7C4
:101C100053E7059B3000DA7034993396F7F73EF8B6
:101C2000030E050098463590070A060C70E74A46F1
:101C3000039B0898DA7019682290F7F72FF8C3B25F
:101C40009A46040A060C030E99462390E4B2F6B2B3
:101C5000FEF722FC5346D97019683498F7F71EF83E
:101C60003860040EFEF7C3FB18AB1D705C709F70EC
:101C7000D8705346D97019681898F7F70FF805000F
:101C80001990040A070C000EFEF78DFD10AB1D70B5
:101C90005C709F70D8705346D97019681098F6F729
:101CA000FDFF05001190040A070C000EFEF7CDFCA5
:101CB000FF00FFFFFFFF00FF069B002B01DCFDF78D
:101CC00059FA002C01DCFDF755FAFF2399460D9BCC
:101CD00000279B46099B64009C46A84635003619A0
:101CE000290060464246AA4607E09470547014707A
:101CF0000231013004328E4220D04C7803786343A5
:101D00001B12F5D04D460C78D570FC2BEDDC5C43F6
:101D1000DB439578DBB25D432D192D0A957055781C
:101D200002315D432D192D0A5570157801306B4332
:101D30001B191B0A137004328E42DED15546079BD5
:101D4000089A9844069B0137AD18DC44B618BB428C
:101D5000C6D1FDF70FFA069B002B01DCFDF70AFA4E
:101D6000039B0027FF25002B01DCFDF703FA099BED
:101D7000B44698460C9B4E4699463C00039F6246EB
:101D80000021A34606E090705070107001310432BB
:101D90008F421DD0735C002BF8D05046405CD5704C
:101DA000FC2BF0D85843DB439478DBB25C43241817
:101DB000240A9470547801315C432418240A547026
:101DC000147863431B181B0A137004328F42E1D14D
:101DD0005C46079B01349C44069BC2444E44A3428C
:101DE000CDD1FDF7C7F9079B002B01DCFDF7C2F948
:101DF000029B0027002B01DCFDF7BCF901259C4666
:101E00004B46B946049F3A00984667460023504621
:101E1000944606E0827042700270013304309F42A3
:101E20002AD06246D15C0029F7D04446DA10A25C81
:101E300007249C432241FF242A405242D2B2C4705C
:101E4000FC29E7D84A43C9438478C9B24C43A34626
:101E500093445C46240A8470447801334C43A3467F
:101E600093445C46240A4470047861438918090A43
:101E7000017004309F42D4D162464346BC461700ED
:101E8000089A9244099A9B180A9ABF180122914411
:101E9000079A4A45B7D1FDF76DF9099B002B01DC84
:101EA000FDF768F9069B002B01DCFDF763F9FF18CD
:101EB000039735AB00279A460F970792039B069A24
:101EC000D3469B1A9946059B049F1C0016E03900D7
:101ED00058460432DFF7F8FA019B022B00D99DE047
:101EE00053463B704346FB7001239944039B7E702D
:101EF000BD70043404374B4500D198E023786678F0
:101F00009A46E378A57898464246FB780193002AE2
:101F1000DDD0FF2041460002DFF7A8F953464543D4
:101F2000464358430012C3B29A464B4642461B787A
:101F3000390053431B1202936B461A7A5846904657
:101F40000422DFF7C1FA029B2D123612EDB2F6B26F
:101F5000FC2BC5DC53463202C44913430D920B409F
:101F60002A0413430E9242461B0212061B0A134315
:101F70000893019B022BB3D9029A022A4EDD1A0064
:101F8000FF2B6FD0079BDB79934266D0FF21029B2A
:101F90000198CA1A091A51430912C943079DC9B2C7
:101FA00018022973C01ADFF789F968735B46019A32
:101FB00024ADDA70079B59685B461868F6F7B4FDE4
:101FC000002810D0079E08983168249024ADF6F7B9
:101FD000ABFD002807D0F37A9846079B1A7A5E7A01
:101FE00092469D7A7CE7089B0D9A36935B4619686A
:101FF000534613439D4A079E13400E9A7160134344
:10200000727B1B0212061B0A134324932868F6F7FF
:1020100045FE337BB0609846F372DEE75B461B7883
:102020009A465B465E789D78019B984658E7049BEC
:102030000A9A0C999B1804930B9A059BDA469B18F5
:10204000039A059352180F9B0392099A01330F9339
:102050009A4200D032E7FDF78DF8079BDB784345C5
:1020600094D1A3E75B460898DA7019682490F6F7D4
:1020700015FEC3B29A46060A050C030E9846259033
:10208000F6B2EDB22CE7089B002B01DCFDF772F8ED
:10209000099B002B01DCFDF76DF80024FF1835AB20
:1020A000029704940193029B099A079F9B1A9A46F0
:1020B000069B99464CE042466D4B10042D026B4A3C
:1020C00023402B43134003431B0232061B0A1343D6
:1020D00098460390FF2900D1A0E05B46DB798B4254
:1020E00000D195E0FF239A1B591A51430912C943A5
:1020F0005B46C9B230021973801BDFF7DFF85B461D
:1021000058735B465968019B1AAE1868F6F70CFDC8
:1021100000284CD043461A935B46404619681AAED5
:10212000F6F702FD002842D05B46DE7A5B461C7A59
:102130005D7A9B7A98464346BB7001239A440133EB
:102140009944029B3C707D70FE70043753454AD021
:1021500053461E784B463F211C88464A64BAA4B2B7
:10216000E30A53431B12DBB2984663090B401D017F
:10217000ED1AAD00ED182B01ED181F231C40544340
:102180002D122412042239000198EDB2E4B2DFF7D7
:102190009BF9FC2ECFD8F9780229CCD9022E8AD807
:1021A000019B0E001C785D789B789846C3E74346F8
:1021B0003693019B2D4A19685B4659602C4B23408E
:1021C0002B431340039A13435A46527B1B021206B9
:1021D0001B0A13431A933068F6F760FD5B461E7BBB
:1021E0009860DE72A2E7079B0A9A0D999B180793E5
:1021F0000B9A069B9B18029A06935218049B029214
:10220000089A013304939A4200D04CE7FCF7B2FFDE
:102210005B46DB78B34200D064E772E71A93019B18
:102220004046D9701968F6F739FD030C040098464A
:102230001B90050A060E7EE7069B002B01DCFCF7CF
:1022400099FF002C01DCFCF795FF63000024FF18C8
:102250000A9335AB0297079404950193049B0A9A5D
:102260009A46029B059F9B1A1E0069E0FFFF00FF34
:10227000FF00FFFF3A0800004A46C34BC348240250
:102280002B402343120403401343039242461B0294
:1022900012061B0A13439946FF2900D1AAE05B46A8
:1022A000DB798B4200D19FE0FF234246591A9A1AEC
:1022B00051430912C9435B46C9B219734346180218
:1022C000C01ADEF7FBFF5B4658735B465968019BFB
:1022D0001868F6F729FC002862D112AB98464B46E5
:1022E0003693019BA94A19685B465960A64B2B405F
:1022F00023431340039A13435A46527B1B02120690
:102300001B0A1343129343461868F6F7C7FC5B4653
:1023100098601B7B98465B464246DA725B461D7AA4
:102320005C7A9B7A99464B46BB704346FB7001230F
:102330009A44029B02363D707C700437B3423ED013
:1023400053461B78924A984673783578DB08534396
:102350001B12DBB299463388ED065B059B0E1C0110
:10236000E41AA400E418ED0E2301554339000422B9
:102370000198E418DFF7A8F8434624122D12E4B2BE
:10238000EDB2FC2BCFD8F9780229CCD9022B00D999
:1023900072E7019B88461D785C789B789946C2E776
:1023A0004B46129312AB98465B4648461968F6F7BF
:1023B000BBFB002893D05B46DB7A9846AEE7059BD3
:1023C000089A09999B1805930C9A049B9B18029AEA
:1023D00004935218079B0292069A013307939A427C
:1023E00000D03BE7FCF7C6FE5B46DB78434500D0F8
:1023F0005AE76AE71293019B4846D9701968F6F7C5
:102400004DFC030C9946030E050098461390040AF0
:1024100089E7079B002B01DCFCF7ACFE039B002B3C
:1024200001DCFCF7A7FEFF1835AB00249A462CAB65
:10243000984601970294019B039A059E069D9F1A58
:1024400040E0E978022955D9022B67DDFF2900D148
:1024500083E05B46DA798A427BD0FF234A46591AE9
:102460009A1A51430912C9435B46C9B219734B46C4
:102470001802C01ADEF722FF5B4658735B465968A4
:1024800053461868F6F750FB34AC002836D05B464C
:1024900034981968F6F748FB00282FD05B46DC7AA1
:1024A0005B4642469B681360434619785A789B788E
:1024B0000137AB70019B29706A70EC7004360435EB
:1024C000BB4231D0F3783C7872785C432312994652
:1024D000337812021343B278240A120421061343FC
:1024E0000B430422290050463493DEF7EDFF4B46A0
:1024F000FC2BA6DD4246349B1360D5E75A46236881
:10250000136053461968537B5160E3702068F6F7F7
:10251000C5FB5B461C7B9860DC72C1E753461A68BA
:1025200043460C001A60BFE7069B099A0C999B185A
:1025300006930A9A059B9B18019A05935218029BD1
:102540000192079A013302939A4200D073E7FCF795
:1025500011FEDA78A24280D190E75346D97019680B
:102560003498F6F79BFB4346040E18609CE7039DE6
:1025700003972B025B1B0593FF235B1B0993069BB1
:10258000A946079C1D0089E0FF00FFFFFFFF00FF39
:102590003A080000012800D1B1E0022879D166781C
:1025A000A078F61AF343411AC8432778DB17BF1AFD
:1025B0001E40C017FB430140C9B28846DB171F40CD
:1025C000F6B2FFB235AB1800042221009A46DEF7BE
:1025D0007BFF48464B46FC2856D8E078022800D8B6
:1025E000AFE0022B00D8AEE04346E04AE0493602B5
:1025F0003A4032431B040A401A4302934B461202EC
:102600001906120A0A439046FF2800D1CBE05B4628
:10261000DA79824200D1C1E0FF23191A099B05989B
:1026200059430912C9435B46C9B21973DEF746FE26
:102630005B4658735B4635985968F6F775FA00287B
:1026400000D09CE01EAB9A46434636935B463599D4
:10265000C74A5960C54B3B4033431340029A13436A
:102660005A46527B1B0212061B0A13431E93534603
:102670001868F6F713FB5B469860187BD8725B46C8
:102680001F7A5E7A9B7A9846434627706670A370DD
:10269000E070049B023504349D425AD02A88B54E1E
:1026A00052BA92B25005800E03011B1A9B001B18F0
:1026B00018011B181F20D10A024071437243019E6A
:1026C0000330305C09121B12121203282BD000D8E1
:1026D00060E70428DDD1A0786678411AC817091888
:1026E0004140C9B28846F61A2778F317F618BF1A80
:1026F0005E40FB17FF18F6B25F40FFB262E7A078BA
:102700004118FF2900DDFF216678C9B2F618884616
:10271000FF2E00DDFF262778F6B2BF18FF2FECDD75
:10272000FF27FFB24EE7A0786678277841435E43E3
:1027300057430912C9B236123F128846F6B2FFB2A9
:1027400040E74846A0E753461F785E789B78984656
:102750009AE70B99079B8C460A9A04999B18079352
:10276000069B089A63440693039B614401334D46DC
:10277000039304919A4200D001E7FCF7FBFC434627
:102780001E931EAB9A465B4640461968F6F7CCF995
:10279000002800D158E75B46D87A70E7DA784A45D6
:1027A00000D039E746E75346D870359910001E929D
:1027B000F6F774FA030C07001F90060A9846000EFD
:1027C00062E79A46FEF7EDFB029A0A9513029B1AFE
:1027D0000B93FF239B1A0C930797664B079D994613
:1027E000059C83E0012800D1C6E0022879D16678F3
:1027F000A078F61AF343821AD0432778DB177F1AA2
:102800001E40C017FB430240D2B29046DB171F4068
:10281000F6B2FFB235AB1800042221009A46DEF76B
:1028200053FE029B1800FC2B56D8E078022800D8F3
:10283000B6E0022B00D8B5E043464C4A4C4936027C
:102840003A4032431B040A401A430493029B12028B
:102850001906120A0A439046FF2800D1D2E05B46CF
:10286000DA79824200D1C7E0FF23191A0C9B0B983A
:1028700059430912C9435B46C9B21973DEF71EFDFD
:102880005B4658735B4635985968F6F74DF9002852
:1028900000D0A2E016AB9A46434636935B46359984
:1028A000334A5960314B3B4033431340049A13433E
:1028B0005A46527B1B0212061B0A134316935346B9
:1028C0001868F6F7EBF95B469860187BD8725B46A0
:1028D0001F7A5E7A9B7A9846434627706670A3708B
:1028E000E070039B02350434AB4261D04B4648464E
:1028F00029886A784905890ED2085A430B015B1A68
:102900009B005B1819015B182978019EC906C90E46
:1029100041432220305C12121B120912032817D0E7
:1029200000D85FE70428DCD1A0786678821AD01737
:1029300012184240D2B29046F61A2778F317F618CA
:102940007F1A5E40FB17FF18F6B25F40FFB261E7E7
:10295000A0786678277842435E434F431212D2B282
:1029600036123F129046F6B2FFB253E7FF00FFFF68
:10297000FFFF00FF3A080000A0788218FF2A00DD60
:10298000FF226678D2B2F6189046FF2E00DDFF26B1
:102990002778F6B27F18FF2FD8DDFF27FFB239E77F
:1029A000180099E753461F785E789B78984693E71E
:1029B0000999059B8C46089A03999B180593079BD8
:1029C000069A634407930A9B614401330A93039177
:1029D0009A4200D001E7FCF7CDFB4346169316ABB5
:1029E0009A465B4640461968F6F79EF8002800D1E3
:1029F00052E75B46D87A6AE7DA78029B9A4200D0BF
:102A000032E73FE75346D870359910001692F6F733
:102A100045F9030C07001790060A9846000E5BE77D
:102A2000069B002B01DCFCF7A5FB002C01DCFCF76E
:102A3000A1FB9946079B00229846089BFF279A46D0
:102A4000AC46A4002C1901923100624606E0907059
:102A5000507010700432023194421DD04B78002B1C
:102A6000F8D00878D770FC2BF1D85843DB43957821
:102A7000DBB25D43AB4683445D462D0A95705578C5
:102A80005D43AB4683445D462D0A557015786B4314
:102A90001B181B0A1370DDE7019BC4440133564425
:102AA000019344449945CFD1FCF764FB002B01DC32
:102AB000FCF760FB029B00250120002B01DCFCF7EA
:102AC00059FB1F00079B4E460193089BAB46984657
:102AD000099B9946524600210725CB10F35C8D4394
:102AE0002B4103405B420131D370937053701370DC
:102AF00004328F42F0D101239B44019BC2444E44D7
:102B00005B45E7D1FCF736FB069B002B01DCFCF7AD
:102B100031FB039A002A01DCFCF72CFB9846079B4B
:102B200000259C46099BFF24574699469000301883
:102B300033003A00DC7011789970597011780132C5
:102B4000197004339842F5D1013566444F4460440E
:102B5000A845EDD1FCF70EFB059A002513029B1A40
:102B60000B931300FF210895059655461E008A1AFF
:102B70000C92039BB1469C46AC4463462E00059CD8
:102B800002930A9583E0012B00D1A9E0022B79D1B1
:102B9000A37865789B1AD943C9170B40DBB2AD1AED
:102BA0009846EB432778DB17BF1A1D40FB43DB1722
:102BB0001F40EDB2FFB235AB1800042221009A4647
:102BC000DEF782FC48464B46FC2856D8E0780228BF
:102BD00000D899E0022B00D898E04346D84AD9495A
:102BE0002D023A402A431B040A401A4304934B46E1
:102BF00012021906120A0A439046FF2800D1B0E0DB
:102C00005B46DA79824200D1A6E0FF23191A0C9BB9
:102C10000B9859430912C9435B46C9B21973DEF7D1
:102C20004DFB5B4658735B4635985968F5F77CFF5A
:102C3000002800D081E030AB9A46434636935B468D
:102C40003599C04A5960BE4B3B402B431340049A10
:102C500013435A46527B1B0212061B0A134330933E
:102C600053461868F6F71AF85B469860187BD872D6
:102C70005B461F7A5D7A9B7A98464346277065705B
:102C8000A370E070029B01360434B34244D0222189
:102C9000019B32785B5C032B17D000D873E7042BC1
:102CA000F0D1A37865789B1AD9175B184B40DBB23B
:102CB000AD1A27789846EB17ED18BF1A5D40FB1741
:102CC000FF18EDB25F40FFB275E7A378657827780B
:102CD0005343554357431B0A98462D0A3F0A6AE758
:102CE000A3789B18FF2B00DDFF236578DBB2AD18BE
:102CF0009846FF2D00DDFF252778EDB2BF18FF2F86
:102D0000E1DDFF27FFB256E74846B6E753461F7896
:102D10005D789B789846B0E7059B079A0A9D9B18BB
:102D20000593099B069AED18089B4E4601330893BC
:102D30009A4200D01DE7FCF71DFA4346309330ABB2
:102D40009A465B4640461968F5F7EEFE002800D12A
:102D500073E75B46D87A8BE7DA784A4500D054E7C8
:102D600061E75346D870359910003092F5F796FF19
:102D7000030C07003190050A9846000E7DE70B937F
:102D800053460A955D4603930996099BAB469946BF
:102D900035AB9A460A9C8EE0012B00D1AAE0022BAB
:102DA00000D082E0A6786778B61AF343BF1ADB1723
:102DB0001E40FB432578DB17AD1A1F40EB43DB17A2
:102DC0001D40EBB2F6B2FFB202934B46039A5B781A
:102DD0002100534350461D1204221B0A9846DEF779
:102DE00073FBFC2D5BDCE278022A58D9022D00DC53
:102DF0009DE05349029B3F020B403104514E3B433F
:102E00001E4043460E4336021B06360A05911E43FA
:102E1000FF2A00D1C3E05B46DB79934200D1B8E0E2
:102E2000FF21481B891A41430912C9435B46C9B2B5
:102E300028021973401BDEF741FA5B4658735B4664
:102E4000596853461868F5F76FFE002800D091E0E6
:102E500032AB9846534619685B463696384A5960F5
:102E6000029B1340374A3B431340059A13435A468B
:102E7000527B1B0212061B0A134332934346186807
:102E8000F5F70CFF5B4698601B7B98465B46424615
:102E9000DA725B461B7A02935B465F7A9E7A029BEC
:102EA000677023704346A670E37002239944049B25
:102EB00004344B4548D04B4622211A78019B5B5C79
:102EC000032B29D000D867E7042BEED1A6786778CA
:102ED000B61AF317F618BF1A25785E40FB17FF18CD
:102EE000AD1A5F40EB17ED18F6B2FFB25D40EBB2E2
:102EF00002936AE7A678B618FF2E00DDFF266778F2
:102F0000F6B2BF18FF2F00DDFF272578FFB2AD18FE
:102F1000FF2DECDDFF25EAE72578A6786778554395
:102F2000564357432B0A360A3F0A02934DE753464E
:102F30001B789046029353465F789E78AFE7C04671
:102F4000FF00FFFFFFFF00FF08990A9B8C46079ACE
:102F500004999B180A93099B069A634409930B9B57
:102F6000614401335D460B930491934200D00CE71A
:102F7000FCF700F932AB98465B4630001968329690
:102F8000F5F7D2FD002800D164E75B46DB7A98466E
:102F90007FE75B46DB78434500D041E74FE7534688
:102FA000DA70300019683296F5F778FE030E98460D
:102FB00034900290070A060C71E7069D00272B0249
:102FC0005B1B0A93FF235B1B0B934B4603935346F8
:102FD00006970593A946059C002583E0012A00D1A8
:102FE000A6E0022A79D1A2786778D21AD14326784E
:102FF000C9170A40FF1AD2B2F61AF3439046FA43B1
:10300000DB17D21717401E40FFB2F6B234AB1800E0
:10301000042221009A46DEF757FA48464B46FC2820
:1030200056D8E078022800D8A1E0022B00D8A0E012
:103030004346E14AE1493F0232403A431B040A4019
:103040001A4304934B4612021906120A0A43904689
:10305000FF2800D1B9E05B46DA79824200D1AFE0C7
:10306000FF23191A0B9B0A9859430912C9435B465F
:10307000C9B21973DEF722F95B4658735B46349880
:103080005968F5F751FD002800D08AE033AB9A4625
:10309000434636935B463499C84A5960C64B334021
:1030A0003B431340049A13435A46527B1B021206B9
:1030B0001B0A1343339353461868F5F7EFFD5B463D
:1030C0009860187BD8725B461E7A5F7A9B7A984626
:1030D000434626706770A370E070029B013504348C
:1030E000AB424CD0039AEB10D35C0722AA431341A6
:1030F00022220199DB078A5CDB17DBB2032A2BD083
:1031000000D86BE7042AE8D1A2786778D21AD117E1
:10311000521826784A40FF1AD2B2F61A9046FA1789
:10312000F317BF185740F618FFB25E40F6B26DE7CE
:10313000A278D218FF2A00DDFF226778D2B2FF18EA
:103140009046FF2F00DDFF272678FFB2F618FF2EEE
:10315000ECDDFF26F6B259E7A278677826785A4365
:103160005F435E43120A90463F0A360A4EE74846DE
:10317000AEE753461E785F789B789846A8E7059B94
:10318000089A4D469B180593099A039B9B18039335
:10319000069B079A013306939A4200D01AE7FBF781
:1031A000E9FF4346339333AB9A465B464046196882
:1031B000F5F7BAFC002800D16AE75B46D87A82E7C7
:1031C000DA784A4500D04BE758E75346D87034992F
:1031D00010003392F5F762FD030C06003590070AE4
:1031E0009846000E74E7099B002B01DCFBF7C2FF39
:1031F00000239846069B002B01DCFBF7BBFF4246F1
:10320000DA469B4602920024059DA146049E05E0F5
:103210000123994404350436CB4569D0EF78002F5B
:10322000F6D0FF2039000002DEF720F86B78AC788A
:1032300043431B12DBB298462B7844435843001299
:10324000C3B224120422310035A8E4B20193DEF7A0
:103250003BF9FC2F45D8F178022942D9022F74D9C5
:10326000434655481A02019B039203401343534AB5
:103270002404134023431B023A061B0A13439846B7
:10328000FF2974D05346DB798B426BD0FF23DA1BC6
:10329000591A51430912C9435346C9B23802197326
:1032A000C01BDEF70BF853465873534635985968E0
:1032B000F5F73AFC20AF00282BD043462093534625
:1032C0004046196820AFF5F72FFC002821D053465F
:1032D000DF7A53461B7A019353465B7A98465346EE
:1032E0009C7A019BB47033704346F77073708FE71C
:1032F000049B0A9A9B1804930B9A059B9B180593B1
:10330000029B099A013302939A4200D07BE7FBF7B4
:1033100031FF4346369353463599274A5960019BFE
:103320001340039A1343254A134052462343527BCA
:103330001B0212061B0A134320933868F5F7AEFCF4
:1033400053461F7B9860DF72C3E710AB94331B7842
:103350000F00019310AB95331B78984610AB963352
:103360001C78BEE75346DB78BB428FD19DE72093A4
:1033700010AB9733197040463599F5F78FFC030A67
:10338000984621900190040C070EAAE7079B002B9A
:1033900001DCFBF7EFFE039B002B01DCFBF7EAFEF1
:1033A0000023019335AB9A4634AB99462AAF0023EC
:1033B000059E9846069C40E0FF00FFFFFFFF00FFD0
:1033C000E178022946D9022D5BD9FF2973D05B46EB
:1033D000DA798A426BD0FF235A1B591A51430912DA
:1033E000C9435B46C9B228021973401BDDF766FF6B
:1033F0005B4658735B46596853461868F5F794FB6B
:1034000000282BD05B4619684B461868F5F78CFBF3
:10341000002823D05B46DD7A5B469B683B60BB7827
:103420003978A37001237A789844039B21706270E5
:10343000E57004360434434528D004223100484660
:10344000DEF742F8F578042221005046DEF73CF81A
:10345000FC2DB5D94B461B683B60E0E74B465A460E
:10346000DD701B68136053461968537B51604A46F0
:10347000D3701068F5F712FC5B461D7B9860DD7217
:10348000CAE753461A680D003A60C8E7069B099AD6
:103490009B1806930A9A059B9B180593019B079A14
:1034A000013301939A4200D081E7FBF763FEDA789B
:1034B000AA4290D19EE75346D97019684B461868C6
:1034C000F5F7ECFB3860050EA9E70023059A09988B
:1034D000B946824690469C46A400864D0899029BB8
:1034E00014194E4640468B46328877785205910E25
:1034F0000A01521A92005218110152183178FF082D
:10350000C906C90E6F4369433F0A121209120170BE
:1035100042708770C370043002368442E4D10122C5
:1035200059469444069AD844D14464186245D8D187
:10353000FBF720FE099B3F219D000023079A984638
:10354000069B91469A468C466A4C0B9955191F3733
:10355000564648468B46338802365BBA9AB23B40A1
:1035600063431B1203706346510919400B015B1A38
:103570009B005B18D20A624319015B181B1243704F
:10358000039B12128270C37004308542E3D1012282
:103590000A9B90449944ED18089B5946DA444345E8
:1035A000D6D1FBF7E7FD099B524F9C00079B1C19E6
:1035B0000023984635AB9A461F239B464346A046B8
:1035C00001933F239946069C079E042231005046F2
:1035D0002588DDF779FFF378022B0BD9534619784C
:1035E0005A789B7831707270B370043646451CD09F
:1035F0000234EAE75B466DBAAAB21D404B46510958
:1036000019400B015B1A9B005B18D20A7D437A4379
:1036100019015B181B127370039B2D121212357067
:10362000B270F3700436B045E2D10A9A079B0B9949
:103630009B180793069B90445B180693019B089A7E
:10364000013301939A42BCD1FBF794FD059B002600
:10365000994635AB9A46A400264BA14403969B4657
:103660003E004F46B846B1463700059D7B783E8800
:10367000DB083C780422290050460193DDF724FF43
:10368000EB787605E406B60EE40E022B0BD9534612
:1036900019785A789B7829706A70AB700435454563
:1036A00017D00237E2E75B465C4333019B1B9B006C
:1036B0009B191A019B185A461B126B70019B24120E
:1036C00053431B12AB70029B2C70EB700435A84562
:1036D000E7D14E464746089A059BBF189B180593AD
:1036E000099B069AF618039B013303939A42B9D1BA
:1036F000FBF740FD3A080000F0B5DE4657464E465F
:103700004546E0B54368A1B00B9321238568069038
:1037100003910E95C25C1CAF0592026804000C92E6
:10372000C26800211092826906690D92C2690F92E7
:103730004269380092460422E1F7DCFE04220021AF
:103740001DA8E1F7D7FE042200211EA8E1F7D2FE52
:1037500001235B42BB812333E35C002B00D100E1FA
:10376000002D00DCF6E00B9B002B00DCF2E0002ECD
:1037700000D1D2E3002398465346139343463400C6
:1037800011930B9B0D9D9C46A4446346A346AA46F9
:103790000C9E0893129498E0012B00D194E1022B27
:1037A00000D08AE0B3784A46181A0793C343DB1760
:1037B0001840C3B2019373780A939B1ADA43D21765
:1037C0001340DBB2994633781C1B0993E343DB17A4
:1037D0001C40E3B298464B464446DE4A1B02144066
:1037E0001C43DD4A019B14401B041C4324022B068E
:1037F000240A1C43042231001AA81994DDF764FE40
:10380000049BFC2B52DC029A022A4FD9022B00DCCB
:1038100098E1FF2A00D1BBE1FB79934200D19DE101
:10382000FF21029BCA1A049BC91A51430912C943BA
:103830001802C9B23973C01ADDF740FD7968787390
:103840001A98F5F771F9002800D092E1FF23049A45
:1038500007999B1A0A005A430198120A12180A98EB
:10386000D2B2019202005A43120A4A44D5B2099ACE
:10387000A94653431B0A4344DBB29846030202980D
:103880001343090402060B4313433D7B1D934B4630
:1038900041461B020B43019AAF4912040B401343EC
:1038A0001B022A061B0A13431C941E9343463370C3
:1038B0004B467370019BF570B370039B04369A44BA
:1038C00001239B44089B5B4532D0534698785B7834
:1038D0002222994653461C785B461D78059B5D4322
:1038E0002B120493069B2D0A9B5CF2780292032B09
:1038F00000D105E100D84FE7042BDED14A46B3786A
:10390000181A0793C317C0185840C3B201937378AD
:103910000A939B1ADA179B185340DBB29946337807
:103920001C1B0993E317E4185C40E3B2984652E786
:10393000139B129C109AE4180C9B9B180C930F9AE3
:103940000D9B9B180D93119B0E9A013311939A4274
:1039500000D016E721B0F0BCBB46B246A946A0464F
:10396000F0BD059B002E00D11EE1FC2B00D9F2E139
:103970000E9B002BEEDD0B9B002BEBDDF31802936F
:103980000026534609960A93029B0B9A0D9D9B1A9B
:103990009846AB460C9C5EE0FF2A00D1C8E1069930
:1039A0000802049901438C460799080461460843BC
:1039B000110608430890F979914200D19DE1FF2159
:1039C0005346CB1A891A594309125346C943180260
:1039D000C9B23973C01ADDF771FC089B7873796836
:1039E00018001993F5F7A0F8002800D092E1089B81
:1039F00052461D93FF239B1A079A01995A43120AB4
:103A0000AD18069A54485A43120A52180499D2B271
:103A10004B431B0A4B44DBB29946494601921202C2
:103A20000A43EDB229041C9602403B7B0A43120272
:103A30001906120A0A431E92E37001234A4698446B
:103A4000039B22709B44019A029B6270A570043410
:103A5000434500D13DE14346059A1B783D4E534313
:103A60001A1292465A469578524655435A4651463E
:103A7000527850464A43110A5A46127801914243FD
:103A8000120A91460A0249460E40334916432D0A4E
:103A90002A040E4016431B0A36021A06360A16433B
:103AA000E2781B96022AC7D92178049161780691A1
:103AB000A1780791022800DD6EE71300069A079DA2
:103AC0000192049A9146B7E7B3780793C018029B16
:103AD000984200DD1800C3B201937378029A0A93EA
:103AE0004B44934200DD1300DBB2994633780993CF
:103AF000E418029B9C4200DD1C00E3B298466AE693
:103B0000B37807932B1C002D00D10123DBB298461C
:103B1000079B41465843DDF7A9FBC3B248460193D2
:103B20007378414658430A93DDF7A0FBC3B2994628
:103B300033784146180060430993DDF797FBC3B221
:103B4000984648E6079B150001930A9B9946099BF6
:103B50009846ABE6FF00FFFFFFFF00FFFB78AB429C
:103B600000D05DE679681A98F4F7DEFF002800D1EE
:103B70006CE639681998F4F7D7FF002800D165E69C
:103B80003B7A98467B7A9946BB7A0193FD7A8DE61B
:103B90001A991998F5F7D0F8030A9946030C80464C
:103BA0001B900193050E81E6FC2B00D9FDE20E9AD5
:103BB000002A00DCCEE60B9A002A00DCCAE6022BC3
:103BC00000D836E31A001B029B1A0A931BAB9B46D4
:103BD000FF23002691469B1A0893099600230D9E09
:103BE0000C9DB04601935AE0190028786B78AA78AA
:103BF000069005930492FF2900D16DE31B02034355
:103C000012040800134309060B430793FB79834210
:103C100000D14EE3FF23029A0A98991A089B594350
:103C20000912C943C9B23973DDF748FB7873079BA2
:103C3000796818001593F4F777FF002800D03DE36A
:103C40005346BB704B460298FB70F871049B089872
:103C5000BB7143431B0A9A4453460599BB720B0040
:103C60004343069A1B0A7C70E41813004343387BD5
:103C70001B0A3E70F6183A7179717C723E72F872C6
:103C80005346039AAB70019B90440B9A01332E70FC
:103C90006C70E870019304359A4200D1F8E2434613
:103CA0004A469B7853431B0A9A4643465C781E78E3
:103CB00054435B46564352469A704A46240A360A93
:103CC0001E705C70DA70EB780293022B8CD8484639
:103CD000D6E70C9B109A0A999B180C930F9A0D9B90
:103CE0009B18029A0D935218099B02920E9A013367
:103CF00009939A4200D047E62CE6F978994200D021
:103D00005DE6089B796818001993F4F70DFF002809
:103D100000D16CE639681B98F4F706FF002800D143
:103D200065E63B7A99467B7A0193BD7AFB7A83E616
:103D3000049919AB19700699DA7059700799300017
:103D400099701999F4F7F8FF030A019381461A90C4
:103D5000050C030E70E60E9B002B00DCFAE50B9BB6
:103D6000002B00DCF6E5F318019300239846534638
:103D7000099343460893019B0B9A0C9D9B1A984606
:103D80000D9B994659E0FF2B00D1B3E0059A0499A9
:103D900012020A4306990804024319060A430792CD
:103DA000FA799A4200D18AE0FF210A1BC91A5143CD
:103DB0000912C9432002C9B23973001BDDF77EFA2C
:103DC000079B7873796818001793F4F7ADFE002805
:103DD00000D081E0FF231C1B069BDE4963431B0AC6
:103DE000F618059BF6B263431B0A5344DBB29A46AE
:103DF000049B5C43240A5C44E3B29B46029B3C7BED
:103E00001C93079B5A461D9353461B0213430B40BA
:103E1000320413431B0222061B0A13431E935B4604
:103E20002B7053466B7001239844039BAE709944EA
:103E3000019BEC70043543452DD043461C784B461E
:103E40009E785B78664363431B0A9A464B461B7811
:103E5000360A63431B0A9B4653465A461B021343CA
:103E6000310422060B43134302931B93FC2CD6D838
:103E7000EB78022BD3D92A7804926A780592AA7833
:103E80000692022C00D97EE71C00059B16009A467C
:103E9000049B9B46C3E70C9B109A09999B180C93B3
:103EA0000F9A0D9B9B18019A0D935218089B019233
:103EB0000E9A013308939A4200D05CE74AE5FA78FB
:103EC000A24200D070E7079B796818001793F4F7B7
:103ED0002BFE002800D17DE739681B98F4F724FEFB
:103EE000002800D176E73B7ABE7A9B467B7AFC7A43
:103EF0009A4694E7049917AA11700599D3705170E6
:103F000006991B9891701799F4F716FF030A8346D8
:103F10009A461890060C040E81E7059A00251302B4
:103F20009B1A0A93FF239B1A0893099500260D9B61
:103F3000B2469B460C9D94E0012B00D1BAE0022BC7
:103F400000D086E0AB78181A0293C343DB17184001
:103F5000C3B201936B789E1B0493F343DB171E409F
:103F60002B78F6B21C1B0793E343DB171C40E3B22C
:103F700098464246784C330214401C43754A019BD4
:103F800014401B041C43059B24021B06240A1C43EB
:103F9000042229001AA81994DDF796FA059BFC2B38
:103FA00000D985E04A46022A00D881E0022B00D8D9
:103FB000B8E0FF2A00D1ECE0FB794B4500D1CDE021
:103FC000FF234A46991A089B0A9859430912C94384
:103FD000C9B23973DDF772F9796878731A98F4F712
:103FE000A3FD002800D0C5E00498079A03021343FC
:103FF0004A460298120601040B4313430200089933
:1040000001984A43120A1218D0B2049A01904A4306
:10401000120AB618079AF6B24A43120A4244D1B2BB
:104020008846397B1D938946414633020B434949F3
:1040300002040B4013434A461B0212061B0A134399
:104040001C941E9343462B70019B6E70AB704B46C5
:10405000EB7001239A44039B04359B440B9B53450F
:1040600066D05B46222298785E781C78069B9B5C23
:10407000EA789146032B33D000D85DE7042BE8D1D2
:10408000AB78181A0293C317C0185840C3B20193F3
:104090006B789E1B0493F317F6185E402B78F6B2EC
:1040A0001C1B0793E317E4185C40E3B2984660E7F3
:1040B0009946C7E7AB78C0180293904200DD100024
:1040C000C3B201936B78F61804934E4500DD4E465B
:1040D0002B78F6B2E41807934C45E6DD4C46E4E74E
:1040E000AB78059A0293131C002A00D10123DBB29E
:1040F0009846029B41465843DDF7B8F8C3B2019396
:104100006B784146180070430493DDF7AFF82B78C5
:10411000C6B21800414660430793DDF7A7F8C3B263
:10412000984626E7029B049E0193079B984689E7E1
:104130000C9B109A9B180C930F9A0D9B9B180D9338
:10414000099B0E9A013309939A4200D0EEE6FFF7DD
:1041500001FCC046FFFF00FFFF00FFFFFB78059A50
:10416000934200D02CE779681A98F4F7DDFC002818
:1041700000D139E739681998F4F7D6FC002800D146
:1041800032E73B7A7E7A9846BB7A0193FB7A99466E
:1041900058E71A991998F4F7CFFD030C0193030E11
:1041A000804699461B90060A4CE7039B042B27D0B8
:1041B0000E9B002B01DCFFF7CDFB0B9B002B01DCE2
:1041C000FFF7C8FB0025FF240C9F98000D9E3818B0
:1041D00032003B0091789970517859701178DC70F9
:1041E0001970043303329842F4D1109B0F9AFF18D0
:1041F000C0180E9B0135B618AB42E9D1FFF7AAFBF8
:104200000E9B002B01DCFFF7A5FB00240B9B0C9EF3
:104210000D9F9D00390030002A00E1F725F9109B21
:104220000134F6180F9BFF180E9BA342F2D1FFF743
:1042300091FB1F00109B0C999C460D9B9500984686
:104240003200039E4D190B008A469146414600E01C
:104250008919DA78022A0CD888784C780A78784359
:104260007C437A43000A240A120A1A705C70987020
:10427000DF7004339D42EBD14A4651460F9B013219
:1042800098440E9B614465449342DCD1FFF762FB86
:104290000C9B109A9B180C930F9A0D9B9B180D93D7
:1042A000099B0E9A013309939A4200D096E4FFF7D6
:1042B00051FBFB784B4500D0ACE4B8E45B46396871
:1042C0001868F4F731FC002800D1B9E4BB7AF87A19
:1042D0009A467C7A3E7AD3E4059A15AB5A70049AD2
:1042E00018709A70029ADA705B4615991868F4F79C
:1042F00023FD030C06001690040A9A46000EBFE444
:10430000F0B5DE464E46454657464368E0B598460A
:104310008368A1B099464369C67E0993C3680422A5
:1043200007931CAB9A460021046905001800039608
:10433000E1F7E0F8042200211DA8E1F7DBF80422F0
:1043400000211EA8E1F7D6F8012352465B42938173
:10435000FC2E00D8B9E0FF21A869F4F7A7FB12AB47
:104360001290002C00D141E24A46002A00DCA5E070
:104370004246002A00DCA1E01A782F6802925A789F
:1043800003929A780492DB780593FC2B00D976E2AD
:1043900000221900C34643469046FF32521A0C923F
:1043A0004246A3440B924A4699465B460E920A97B0
:1043B000019308904A46019BCB460A9D9F1A07E04D
:1043C000022C00D996E2019B01370435BB4265D02F
:1043D0003C78FC2CF4D9089B1B93EB78022B00D87B
:1043E00079E32A786E789046059AAC78022A4BD900
:1043F000FF2B00D1C8E3414632020A4320041906CC
:1044000002430A4391465246D2799A4200D1A4E32C
:10441000FF22D11A0C9B59430912C9435346C9B212
:104420001973059B1802C01ADCF748FF53465873EE
:104430004B461693534648465968F4F775FB0028D7
:1044400000D091E30C9A089B544356431C93049B61
:10445000240AE418039B360AF61843465343029A8B
:104460001B0A9B18DBB298464A4653464046F6B2B2
:104470001B7BE4B21D923202210402430A43120262
:104480001906120A0A431E924246EB70019B01373D
:104490002A706E70AC700435BB4299D10A9B079AA2
:1044A00009999B18019A0A9352180B9B01920E9A34
:1044B0000133D9460B93934200D07BE721B0F0BC87
:1044C000BB46B246A946A046F0BD3100A869F4F744
:1044D000EDFA030ADBB2020CD2B20693C3B22F6824
:1044E000129005920893002C00D1B5E04B46002BAA
:1044F000E4DD4346002BE1DDC34600264B46A344E2
:104500005D460F9304970D964346AB46049CEE1A06
:1045100004E001360434B34500D18EE03378022B39
:10452000F7D9039A069D53431A1291464946059AB4
:1045300048464A43110A4A465543089AD84F4243CF
:104540002D0A100A07402A02174301910A04D5498F
:104550001B0A0F4017433F021A063F0A1743E2782F
:1045600002901997022A5DD921780B9161780C91FC
:10457000A1780A914946022900DCFDE0FF2A00D11A
:1045800021E10C9908020B9901438C460A99080411
:10459000614608431106084351460E90C97991427D
:1045A00000D1F0E0FF214B46C81A891A4143091295
:1045B000C9435346C9B219734B461802C01ADCF7F7
:1045C0007DFE5346587353460E9859681A90F4F777
:1045D000ABFA002800D0E4E04A46FF239B1A0A9A6F
:1045E00001995A43120A5218D1B20C9A01915A43B6
:1045F000120AAD180B9A1C975343029A1B0A9B1878
:10460000D8B253460E9A0290EDB21B7B1D922A023D
:104610000243A448090402400A4312021906120A7E
:104620000A431E92029A01362270019A6570A270A6
:10463000E3700434B34500D070E75D46049B079AED
:104640009B18099A04930D9BAD180F9A01330D9393
:104650009A4200D058E731E74B46002B00DC2DE7AB
:104660004346002B00DC29E71300039A53431B0A3F
:104670009B46069B53431B0A9C46089B53431B0ABD
:104680000193022A00D8FDE2190013029B1A0A9333
:10469000634610005A461B020B4312041A43FF23C1
:1046A0001B1A06935B460293634604934B4600260F
:1046B000C34601060A4309920B9308970025B146A9
:1046C000A846089C50E021786778A6780591FF2BD2
:1046D00000D130E23A020A433004190602430A4389
:1046E00015005246D2799A4200D105E2FF22D11A32
:1046F000069B0A9859430912C9435346C9B2197314
:10470000DCF7DCFD5346587353462800596814956E
:10471000F4F70AFA002800D0FDE10698099B464309
:104720004743029A04991C93330A9B183A0A521879
:1047300005991D9541430198090A09185046D2B2BE
:10474000007BDBB2C9B215021F040D4306063D43D0
:1047500035431E95A3700123984421706270E07068
:104760000434C34500D1BCE1E378022BABD80398F5
:10477000029B049A0199EDE713000A9A0C9D01929D
:104780000B9A02924EE75146C978994200D009E748
:1047900053460E9859681A90F4F7C6F9002800D1CC
:1047A0001AE7534619981968F4F7BEF9002800D1A2
:1047B00012E753461B7A029353465D7A9B7A019324
:1047C0005346DB7A2EE70B991AAB19700C99DA7005
:1047D00059700A99380099701A99F4F7ADFA030CD8
:1047E00001931B900290050A030E1BE7A869F4F7DA
:1047F0007DF94B46002B00DC60E64746002F00DCCD
:104800005CE67B1E9C46079B2C68012600259A4689
:104810006346052B00D82EE2A308334000D1E9E11E
:10482000012290462060F91A4A089B00E318D20042
:10483000D2181860586008339A42FAD10E4200D15B
:10484000CFE1B14341448B004A1CE050974211DD57
:10485000E3188A1C586097420CDDCA1C9860974286
:1048600008DD0A1DD860974204DD053118618F42CA
:1048700000DD586101355444A945C9D11EE6C3463F
:1048800043460022A344C8465D4699460B920897CA
:104890004B46EF1A4346AB46C846089E99460AE087
:1048A000FF00FFFFFFFF00FF022C00D99AE0013755
:1048B0000436BB450ED03C78FC2CF5D9029B013761
:1048C0003370039B7370049BB370059BF3700436C5
:1048D000BB45F0D14B465D46C1469846079A089BBA
:1048E0009B1808930B9B099A01330B93AD189845BD
:1048F000CED1E3E5049BE14E63431B0A9846039B3C
:1049000063431B0A9946029B63431A0A4B461640AF
:104910001B021E4343460692D94A1B0416401E43FF
:1049200036022306360A1E43EB781B96022B51D91A
:1049300029786A78A878119110920F90FF2B00D1F6
:104940005BE112020A430004190602430A430D9276
:104950005246D2799A4200D129E1FF22D31A111B83
:1049600059430912C9435346C9B220021973001BA7
:10497000DCF7A4FC5346587353460D9859681890B9
:10498000F4F7D2F8002800D017E1FF231C1B0F9B7F
:10499000069A63431B0A4344DBB29846109B634369
:1049A0001B0A4B44DBB29946119B5C43230A9B18BC
:1049B000D9B2534606911C7B0D9B1C961D93434612
:1049C0001A044B461B020B4313431B0222061B0A0D
:1049D00013431E93069BEC702B704B466B70434643
:1049E000AB70F0E4039B049D63431A0A029B65438A
:1049F0006343190AA14B01920B4012020691A04990
:104A000013432D0A2A040B4013431B0222061B0AE0
:104A100013430A931B93F378022B55D932780C92E7
:104A200072780D92B2780E92FF2B00D110E10D9AA0
:104A30000C9912020A430E990804024319060A430C
:104A40000F925246D2799A4200D1E9E0FF21081B29
:104A5000C91A41430912C9435346C9B22002197306
:104A6000001BDCF72BFC5346587353460F985968CC
:104A70001890F4F759F8002800D0D7E0FF230E9AD9
:104A80001B1B5A43120AAD180D9A01995A43120A78
:104A900052180C99D2B24B4306991B0A5B18D9B233
:104AA0005346019206911C7B0A9BEDB21C930F9B0F
:104AB0001D9313020B4372492A040B4013431B023C
:104AC00022061B0A13431E93069BB5703370019B8D
:104AD000F4707370EBE6029A059B9046049C039E6B
:104AE000D2E44E46089B079A01369B1808930B9B0D
:104AF000B34200D0E2E5E1E452460399D2788A421B
:104B000000D0F3E55346280059681495F4F70CF8E3
:104B1000002800D101E65346099819681390F4F76C
:104B200003F8002800D1F8E553465246197AD07AA6
:104B30009B7A527A0EE614AAD37011705770967051
:104B4000099814991390F4F7F7F8020A030C1590DA
:104B5000C1B2D2B2DBB2000EFCE552460599D27862
:104B60008A4200D054E463E453461B981968F3F773
:104B7000DBFF002800D165E453461B7A9846534674
:104B80005E7A9C7ADB7A7FE4414616AA567094706E
:104B9000D370117016991B98F4F7CEF8C3B2060AB9
:104BA000040C98461790F6B2E4B2030E6CE4524639
:104BB000D278A24200D0D0E6DEE653461B981968B0
:104BC000F3F7B2FF002800D1DFE653461B7A0693C5
:104BD00053465B7A994653469B7A98465346DC7A0D
:104BE000F8E60135A94500D168E45444A3083340F0
:104BF00000D015E60022904615E618AA117010990B
:104C0000D37051700F991B9891701899F4F794F81C
:104C1000030A9946030C984619900690040ED9E6AB
:104C20005246D278A24200D010E71EE753461B98A6
:104C30001968F3F779FF002800D11FE753461B7A64
:104C4000069353465B7A019353469D7ADC7A3BE7A1
:104C50000C9918AA11700D99D37051700E991B9868
:104C600091701899F4F768F8030A19900690019367
:104C7000050C040E28E70021E5E5C046FF00FFFF14
:104C8000FFFF00FF1E00434600209900079B65467A
:104C90005C4684469846100079183B00DA78022A70
:104CA00003D81E705D709C70D87004339942F5D1A2
:104CB00001239C4447444144E145EED1FFF7FEFB0C
:104CC000F0B5DE4657464E4645462023E0B5A7B030
:104CD0000190C35C112B00D165E200D924E10F2BB8
:104CE00000D156E2102B00D056E221234768866897
:104CF00009970E96C35C0500049303680422994645
:104D0000C36800210C93836904699B46C3690D93B2
:104D10004369109322AB984618000093E0F7EAFB32
:104D20000422002123A8E0F7E5FB0422002124A8A7
:104D3000E0F7E0FB012342465B4293812333EB5CC7
:104D4000002B00D133E2002E00DC25E2002F00DC36
:104D500022E20027002C01D100F000FE4B460A930E
:104D60005B460F971D0027000B93099B0A9C9C46EE
:104D7000BC446346A846BA462500069311979CE0BA
:104D8000012B00D1B7E3022B00D08DE0AB78181ACD
:104D90000593C343DB171840C3B202936B78DF1B44
:104DA0000893FB43DB171F402B78FFB29E1B079332
:104DB000F343DB171E40F3B29B465E467F4A3B023D
:104DC00016401E437E4A029B16401B041E433602B9
:104DD0002306360A1E430422290021A82096DCF768
:104DE00073FB4B46FD2B00D183E3039A022A55D96E
:104DF000022B01DC00F00CFCFF2A01D100F0D0FEF8
:104E0000009BDB79934201D100F02FFCFF21039B33
:104E1000009CCA1A4B46C91A51430912C9431802C9
:104E2000C9B2C01A2173DCF749FA230060735968CC
:104E30002198F3F779FE002801D000F01FFC4A46C4
:104E4000FF2305999B1A0A005A430298120A121866
:104E50000898D2B2029202005A43120ABF18079A67
:104E6000090453431B0A5B44DBB29B46009BFFB221
:104E70001C7B030213430B435946039822960206F8
:104E8000134323933B020B43029A4D4912040B40F8
:104E900013431B0222061B0A134324935B462B7009
:104EA000029B6F70AB70EC7004239844033B9A44F0
:104EB000069B0435534500D1B8E342465346D478A7
:104EC00090785778167822221B785C43049B5C43C9
:104ED000231458435F435E439946019B240C9B5C1B
:104EE000EA7800123F1236120392032B00D11DE321
:104EF00000D845E7042BD7D1AB78181A0593C31710
:104F0000C0185840C3B202936B78DF1B0893FB179D
:104F1000FF185F402B78FFB29E1B0793F317F6181C
:104F20005E40F3B29B4648E71A2B00D034E12123C0
:104F30004668856806960C95C35C22AF04930368A7
:104F400004000A93C36804220E93836900219A46E1
:104F5000C36900970F930369994643693800119319
:104F6000E0F7C8FA0422002123A8E0F7C3FA0422DC
:104F7000002124A8E0F7BEFA01235B42BB81233362
:104F8000E35C002B00D1E2E1002D00DC04E1002E07
:104F900000DC01E14B460025002B00D19CE3534689
:104FA0000D934B460D9F0B9310950B9B069A0A9EF3
:104FB0009A18B8460293370007929EE0FF00FFFF61
:104FC000FFFF00FF012B00D1D1E2022B00D08AE0CD
:104FD000BB78181A0593C343DB171840C3B2039379
:104FE0007B781C1B0993E343DB171C403B78E4B23E
:104FF0005D1B0893EB43DB171D40EBB29B465D4600
:10500000E44A230215401D43E34A039B15401B0459
:105010001D432D0233062D0A1D430422390020A80A
:105020001F95DCF751FA4B46FD2B00D15FE253464A
:10503000022B52D94B46022B00DCF0E25346FF2BE9
:1050400001D100F0B9FD009BDB79534500D105E3A8
:10505000FF215346CA1A4B46C91A51430912C94384
:10506000009E1802C9B2C01A3173DCF727F9330069
:10507000707359682098F3F757FD002800D00EE3AD
:105080004A46FF2305999B1A0A005A430398120ABD
:1050900012180998D2B2039202005A43120AA418B5
:1050A000089A090453431B0A5B44DBB29B46009BEE
:1050B000E4B21E7B0302504613430B4359460206DB
:1050C0001343039A2393230212040B4313431B023B
:1050D00032061B0A1343229524935B463B70039BC5
:1050E0007C70BB70FE7004239844029B079A0133C6
:1050F000029304379A4200D172E243461B789A46E3
:105100004346DE785C789D78002E0FD0FF2031007A
:105110000002DCF7ABF853464543444358430012C2
:10512000C3B29A462D122412EDB2E4B2029B22229F
:105130001B785E43049B5E4333145D43281255463F
:105140005C435D439946019B360C9B5CFA782412C4
:1051500092462D12032B00D121E200D832E7042B16
:10516000C1D1BB78181A0593C317C0185840C3B2F1
:1051700003937B781C1B0993E317E4185C403B788E
:10518000E4B25D1B0893EB17ED185D40EBB29B4654
:1051900035E70321FEF7B0FA27B0F0BCBB46B246B4
:1051A000A946A046F0BD0421FEF7A6FAF4E7049B49
:1051B000002C01D101F0C4F8FC2B01D900F00AFE4B
:1051C0000E9B002BE8DD099B002BE5DDE318029325
:1051D0004B46002708935B460B970A93029B099A5C
:1051E0000A9F9B1A9946089C4A46F978049B1578B1
:1051F0004B435D432D14022D00DC8CE0A678BB7878
:10520000059666783878069626787A780796E6784E
:105210000196059EB34204D1069EB24201D100F030
:10522000DCFE6B436A431B0A9B46130A9A4668439B
:10523000030A984653461E0243461E435B461A0421
:10524000E9B22B0616431E4303910422210021A834
:105250002096DCF739F9019B022B54D91A00FF2B59
:1052600001D100F042FF009BDB79934201D100F0B5
:105270001FFFFF21019B4A1BC91A51430912C94351
:10528000009BC9B228021973401BDCF717F8009B7A
:105290005873009B21985968F3F746FC002801D009
:1052A00000F00FFF0698079B22960202059E1A4304
:1052B000019B31040A431B061343FF22239333004F
:1052C000521B53431B0A5B44D9B2030053431B0ACE
:1052D00053448B46D9B2079B8A465A43130A434428
:1052E000DBB29846009B4246197B53461B02134390
:1052F0005A4629481204034013431B020A061B0A9C
:1053000013430391249343462370534663705B46D3
:10531000A370039BE37001239944029B0437043478
:105320004B4500D060E7089B0C9A10999B18089396
:105330000D9A0A9B9B18029A0A9352180B9B029291
:105340000E9A01330B939A4200D047E724E74B466D
:10535000002B01D100F003FF049BFC2B01D800F0CF
:1053600076FC0C9B002B00DC16E7069B002B00DC78
:1053700012E799444B46002601935346089607933B
:10538000019B069A079E0A9D9C1AA346A846B24610
:1053900066E0C046FF00FFFFFFFF00FFFF2A01D1CC
:1053A00000F053FE03990802029901438C460499C8
:1053B0000804614608431106084300990590C9791D
:1053C000914201D100F015FEFF214B46C81A891AFF
:1053D000414309124A46C943009BC9B210021973DE
:1053E000801ADBF76BFF009B5873009B0598596888
:1053F0001D90F3F799FB002801D000F016FE059BE5
:105400004A462393FF239B1A049AB8485A43120A28
:10541000A418039AE4B25A43120AAD18029AEDB2E4
:1054200053431B0AF618F6B22A02009B32432104AA
:10543000229702401B7B0A4312021906120A0A43F2
:1054400024924246D37004239A449844033B9B44DD
:10545000019B1670557094705B4501D100F0A7FD5B
:105460005346DF781E785D789C78002F0DD0FF20A2
:1054700039000002DBF7FAFE44434543704324122F
:105480002D120012E4B2EDB2C6B25B461B7897490A
:105490007B431A129146554356435443944F2D0A69
:1054A000360A2A0237401743240A22040F401743C2
:1054B0001B0A3F021A063F0A17434A462197FC2A55
:1054C000BFDC4246D278022ABBD941460978029114
:1054D0004146497803914146897804914946022919
:1054E00000DD5BE71300049C039D029EA9E7FD26F7
:1054F000F3E5FD24D2E4AB780593C018039B9842F2
:1055000000DD1800C3B202936B780893FF18039B69
:105510009F4200DD1F002B78FFB20793F618039B14
:105520009E4200DD1E00F3B29B4646E4AB78059335
:10553000231C002C00D10123DBB29B46059B59465E
:105540005843DBF793FEC3B202936B7859461800B9
:1055500078430893DBF78AFE2B78C7B218005946C8
:1055600070430793DBF782FEC3B29B4625E4BB780A
:10557000C0180593904200DD1000C3B203937B78FE
:10558000E4180993544500DD54463B78E4B2ED1825
:105590000893554500DD5546EBB29B462FE5BB7899
:1055A0000593331C002E00D10123DBB29B46059BE3
:1055B00059465843DBF75AFEC3B203937B785946EA
:1055C000180060430993DBF751FE3B78C4B2180022
:1055D000594668430893DBF749FEC3B29B460EE584
:1055E0000B9B002B6AD0109B0C9A013310939A42AC
:1055F00000D1D1E50B9B119A9B180B930E9A0A9B35
:105600009B180A930F9A0D9B9B181F000D93CCE4D7
:10561000059B14000293079B089F9B463EE4059B55
:1056200056460393089B099C9B4656E5119F002F05
:1056300000D1AFE20F9B0E9A01330F939A4200D133
:10564000AAE5109B0C9AFF180A9B9B180A930D9AC7
:105650000B9B9B181D000B93FFF787FB009BDB78D0
:10566000B34200D0F4E4009B03E5009BDB78A34247
:1056700001D0FFF7CBFB009BFFF7D9FB009C2098E4
:105680002168F3F751FA002801D1FFF7D8FB227AFD
:10569000677A9346A27A0292E47AFFF7FFFB009EB4
:1056A0001F983168F3F740FA002800D1E8E4327A15
:1056B000747A9346B27A0392F67A0EE50D9B109DAA
:1056C0009A460A9B0E9A01359B180A930F9B9A449F
:1056D0000C9BAB4200D15FE50023039353460A9F26
:1056E000D146B84609930B959CE0C046FFFF00FFEA
:1056F000FF00FFFF012B00D1DAE0022B00D087E092
:1057000043469B785D1B0593EB43DB171D404346E7
:105710005B78EDB29E1B0793F343DB171E404346B5
:105720001B78F6B21C1B0893E343DB171C40E3B263
:105730009B465C468E4A330214408E4A1C431440FA
:105740002B041C4324023B06240A1C43042241462A
:1057500020A81F94DBF7B8FE5346FC2B52DC029BBB
:10576000022B4FD95246022A00DCDFE0FF2B00D18A
:1057700063E21A00009BDB79934200D128E2FF210B
:105780005346CA1A029B009FC91A51430912534635
:10579000C9431802C9B23973C01ADBF78FFD787399
:1057A000009B20985968F3F7BFF9002800D01BE24E
:1057B0005246FF2305999B1A0A005A430798120A7A
:1057C000AD1802005A43120AB618089A0904534346
:1057D0001B0A5B44DBB29B46009BF6B21F7B0302B5
:1057E00013430B435946029AEDB212061343239317
:1057F00033022A040B4313431B023A061B0A1343CA
:105800002294249343465A465E701A709D70DF704E
:105810000422039B91449044069A013303939A42D5
:1058200000D189E04B46DF781C785E789D78002FA8
:105830000DD0FF2039000002DBF718FD4543464339
:1058400060432D1236120012EDB2F6B2C4B222221B
:10585000049B5F433B125D435E435C439A46019B5E
:105860003F0A9B5C4246D2782D12361224120292D5
:10587000032B38D000D83DE7042BC9D143469B7891
:105880005D1B0593EB17ED185D4043465B78EDB269
:105890009E1B0793F317F6185E4043461B78F6B23B
:1058A0001C1B0893E317E4185C40E3B29B4640E7F7
:1058B00043469B780593ED18029B9D4200DD1D0039
:1058C00043465B78EDB20793F618029B9E4200DDDB
:1058D0001E0043461B78F6B20893E418029B9C42D4
:1058E000E3DD1C00E1E743469B7805933B1C002F5A
:1058F00000D101230598DBB2190068439B46DBF712
:10590000B5FC43465B78C5B218005946704307930F
:10591000DBF7ACFC43461B78C6B21800594660431F
:105920000893DBF7A3FCC3B29B4602E71F00089B6A
:10593000059D9B46079E65E7099B0B9D9A46C0E621
:10594000089B0B9F99460A9B9B460C9B01379944E9
:105950000D9B9B440E9BBB4200D11DE400234D4692
:1059600003935B46DA4608950A930B979FE0C0467F
:10597000FF00FFFFFFFF00FF012B00D1CBE0022B58
:1059800000D08AE0AB781C1B0593E343DB171C4077
:105990006B78E4B29E1B0693F343DB171E402B7813
:1059A000F6B2DF1B0793FB43DB171F40FBB29B469E
:1059B0005F46B44A33021740B34A1F4317402304DB
:1059C0001F4343463F021B063F0A1F430422290090
:1059D00021A82097DBF778FD4B46FC2B57DC029B78
:1059E000022B54D94A46022A00DCCDE0FF2B00D11D
:1059F00018E11A00009BDB79934200D1EEE0FF2111
:105A00004B46CA1A029BC91A514309124A46C94356
:105A1000009BC9B210021973801ADBF74FFC009B80
:105A20005873009B21985968F3F77EF8002800D03E
:105A3000E8E04A46FF2305999B1A0A005A43069854
:105A4000120AA41802005A43120AB618079A090447
:105A500053431B0A5B44DBB29B46009BF6B21B7BA5
:105A6000E4B2984603021343029A0B43120613430F
:105A70005A4685492393330213430B4022041343B0
:105A800042461B0212061B0A1343229724935B46CD
:105A90002B7043466E70AC70EB700422039B9244F3
:105AA000099A0133039304359A4200D148E75346DB
:105AB000049ADB7853431A121B0A984653469C7883
:105AC0005E781F7854435643574391462222019BE8
:105AD00024129B5CEA7836123F120292032B32D0DA
:105AE00000D849E7042BD8D1AB781C1B0593E317EA
:105AF000E4185C406B78E4B29E1B0693F317F6182B
:105B00005E402B78F6B2DF1B0793FB17FF185F4050
:105B1000FBB29B464CE7AB780593E418029B9C4292
:105B200000DD1C006B78E4B20693F618029B9E42DF
:105B300000DD1E002B78F6B20793FF18029B9F42F0
:105B4000E6DD1F00E4E74246AB7805934346002AB2
:105B500000D101230598DBB2190060439B46DBF7B7
:105B600085FB6B78C4B21800594670430693DBF787
:105B70007DFB2B78C6B21800594678430793DBF7B4
:105B800075FBC3B29B4613E79846079B059C9B4653
:105B9000069E7CE70A9B0F9F99460B9B9B46D4E68B
:105BA00021992098F3F7C8F8030C83461790070A49
:105BB0000293040EFFF772F920991F98F3F7BCF8CF
:105BC000030C83462190040A0393060EFFF785FA1F
:105BD000009BDB78BB4200D0D1E5E1E5009BDB78A0
:105BE000434500D00BE71CE7009F1F983968F2F788
:105BF0009BFF002800D1DBE53A7A7E7ABD7A934696
:105C0000FF7AFFE5009B20981968F2F78DFF0028C6
:105C100000D10EE7009B1A7A5E7A9C7ADB7A934673
:105C2000984634E721992098F3F786F8030E8346C7
:105C300098461790060A040C29E720991F98F3F755
:105C40007BF883462190060A050C070EDAE50C9BCB
:105C5000002B01DCFFF7A0FA069B002B01DCFFF70D
:105C60009BFA99444B4600250193534609950893A6
:105C7000019B069A089C0A9D9E1AB346A846A14617
:105C800062E0C046FF00FFFFFFFF00FFFF2A00D1D8
:105C9000EEE103990802029901438C460599080434
:105CA000614608431106084300990790C97991425B
:105CB00000D1A6E1FF215346C81A891A41430912AF
:105CC0005246C943009BC9B210021973801ADBF710
:105CD000F5FA009B5873009B079859681F90F2F7DC
:105CE00023FF002800D092E1079B52462393FF2315
:105CF0009B1A059AEC485A43120AA418039AE4B274
:105D00005A43120AAD18029AEDB253431B0AF61811
:105D1000F6B22A02009B32432104229702401B7BE9
:105D20000A4312021906120A0A4324924246D37009
:105D3000042399449844033B9B44019B167055707F
:105D400094705B4500D11DE14B46DF781E785D788D
:105D50009C78002F0DD0FF2039000002DBF786FA77
:105D600044434543704324122D120012E4B2EDB2B5
:105D7000C6B2049BCC495F435B461B787B431A1435
:105D8000554356435443C94F2D0A360A924637406D
:105D90002A021743240A22040F4017431B0C3F0218
:105DA0001A063F0A17434246D2782197022ABDD9E4
:105DB00041460978029141464978039141468978E4
:105DC00005915146022900DD60E71300059C039D03
:105DD000029EABE70E9B002B01DCFFF7DDF9099A71
:105DE000002A01DCFFF7D8F998464B46A218079322
:105DF00000245B4601920B940893019B099AC346C9
:105E0000089E079D9F1A0CE06146AB70FF23297026
:105E10006A70EB70019B013704360435BB4200D138
:105E20009BE0F0783C78337844439C467278B378B2
:105E30002412FC2CE8DC022CECDDA97803916978B3
:105E4000059129780691E978029103998B4203D153
:105E500005998A4200D11DE1E1B204916146634394
:105E6000624361431B0A9946130A9A460B0A9846F5
:105E7000534642461B0213434A4611040B43220673
:105E800013432900042221A80A932093DBF71CFB6B
:105E9000029B022B52D91A00FF2B00D14FE1009B2D
:105EA000DB79934200D131E1FF21029B0A1BC91A21
:105EB00051430912C943009BC9B220021973001B48
:105EC000DBF7FCF9009B5873009B21985968F2F7A7
:105ED0002BFE002800D020E10A9B05982293069B08
:105EE00002021A43039B1904029B0A431B06134335
:105EF000FF222393039B121B53431B0A4B44D9B22B
:105F0000030053431B0A53448946D9B2069B8A4671
:105F10005A43130A4344DBB29846009B4246197B1E
:105F200053461B0213434A465F481204034013437F
:105F30001B020A061B0A13430491249343462B7049
:105F400053466B704B46AB70049B0137EB70019B63
:105F500004360435BB4200D063E7079B0C9A1099C6
:105F60009B1807930D9A089BD8469B180893019A93
:105F70000B9B521801330B9301929B4500D03CE7D9
:105F8000FFF70AF90A9B0E9A11999B180A930F9A28
:105F9000089B9B18019A08935218099B01920C9A2E
:105FA000013309939A4200D062E6FFF7F5F80A9BA5
:105FB0000E9A11999B180A930F9A079B9B18019AA6
:105FC00007935218089B01920C9A013308939A4246
:105FD00001D0FFF7D5F9FFF7DFF8079EB04201D0F7
:105FE000FFF71FF9019EB14201D0FFF71AF9FFF741
:105FF00092F90099C978994201D0FFF7E5F9FFF7C6
:10600000F4F90099C978994200D053E663E6009B01
:1060100021981968F2F788FD002800D164E6009BFA
:106020001E7A5D7A9C7ADB7A80E6009B219819685B
:10603000F2F77AFD002801D1FFF7E1F9009B1E7A03
:106040005D7A9C7ADB7AFFF7FCF902991DAB197037
:106050000399DA7059700499380099701D99F2F714
:106060006BFE06001E90050A040C030EFFF7E9F90B
:1060700002991FAB19700399DA70597005993800AD
:1060800099701F99F2F758FE06002090050A040C3B
:10609000030E4BE606998C4500D0DDE60299884256
:1060A00000D0D9E6B6E6C046FFFF00FFFF00FFFFC5
:1060B000009BEAB2DB78934201D0FFF7DAF8FFF7F2
:1060C000E8F8009B20981968F2F72EFD002801D10E
:1060D000FFF7E8F8009B1A7A90465A7A92469A7A25
:1060E000DB7A93460393FFF70EF912AB3F331A7036
:1060F00021992098F2F720FE030A9A46030C9B464A
:10610000030E804616900393FFF7FDF8009BE2B262
:10611000DB78934200D0C7E6D6E6009B209819684A
:10612000F2F702FD002800D1D6E6009B1A7A9046CD
:106130005A7A92469A7ADB7A91460493FEE612AB3B
:106140003F331A7021992098F2F7F6FD030A9A4618
:10615000030C9946030E804615900493EEE6049BCB
:10616000FC2B00D9C5E20C9B002B01DCFFF714F8D7
:10617000069B0025002B01DCFFF70EF8534608951F
:1061800007930023079E0A9D9B46A846B1465CE004
:10619000FF2A00D1C2E002990802019901438C460E
:1061A00003990804614608431106084300990590C5
:1061B000C979914200D19DE0FF215346C81A891A3E
:1061C000414309125246C943009BC9B210021973D8
:1061D000801ADBF773F8009B5873009B0598596889
:1061E0001B90F2F7A1FC002800D089E0059B5246E5
:1061F0002393FF239B1A039AD4485A43120ABF18C9
:10620000029AFFB25A43120AAD18019AEDB25343F3
:106210001B0AF618F6B22A02009B32433904229474
:1062200002401B7B0A4312021906120A0A432492F7
:106230004246D37001239B44033399449844069B00
:106240001670557097705B4543D04B46DC781E78CE
:106250005D789F78002C0DD0FF2021000002DBF735
:1062600005F84743454370433F122D120012FFB219
:10627000EDB2C6B2049BB5495C4323129A4652461E
:10628000554356435743230AB14C2D0A360A2A0276
:10629000344014433F0A3A040C40144324021A06C3
:1062A000240A14434246D2782194022AC0D9414696
:1062B00009780191414649780291414689780391D4
:1062C0005146022900DD63E71300039F029D019EF2
:1062D000AEE70A9B0E9A9B180A930F9A079B9B188E
:1062E0000793089B0C9A013308939A4200D048E721
:1062F000FEF752FF0099C978994200D05CE76CE73D
:10630000009B21981968F2F70FFC002800D16DE777
:10631000009B1E7A5D7A9F7ADB7A89E701991BAB35
:1063200019700299DA7059700399200099701B99BD
:10633000F2F702FD06001C90050A070C030E77E732
:10634000FC2B00D9EAE00E9B002B01DCFEF724FFBA
:10635000099B0027002B01DCFEF71EFF4B4607932D
:106360005B460A9708930026B146089D079CE8788B
:10637000049F47433F12022F00DC86E0A678AB78EB
:10638000039666782978059626786A780696E678E0
:106390000196039EB34203D1059EB24200D18DE027
:1063A0007B437A431B0A9B46130A9A4679430B0A9E
:1063B000984653461E0243461E435B461A04F8B2F3
:1063C0003B0616431E4302900422210021A820967A
:1063D000DBF77AF8019B022B4FD91A00FF2B00D173
:1063E0008CE0009BDB79934271D0FF21019BCA1B9B
:1063F000C91A51430912C943009BC9B23802197323
:10640000C01BDAF75BFF009B5873009B219859680B
:10641000F2F78AFB002860D10598069B22960202BB
:10642000039E1A43019B31040A431B061343FF22B8
:1064300023933300D21B53431B0A5B44D9B203009E
:1064400053431B0A53448B46D9B2069B8A465A4390
:10645000130A4344DBB29846009B4246197B5346DD
:106460001B0213435A4639481204034013431B02CC
:106470000A061B0A13430291249343462370534692
:1064800063705B46A370029BE37001239944099BF0
:10649000043504344B4500D069E7079B0C9A9B18E0
:1064A00007930D9A089B9B1808930A9B0E9A013339
:1064B0000A939A4200D056E7FEF76EFE069EB1425E
:1064C00000D06DE7019EB04200D069E7DDE7009B98
:1064D000FAB2DB78934288D197E7009B209819683D
:1064E000F2F722FB002897D0009B1A7A90465A7A3E
:1064F00092469A7ADB7A93460293BEE712AB3F3319
:106500001A7021992098F2F717FC030A9A46030C97
:106510009B46030E804614900293AEE70E9B002B21
:1065200001DCFEF739FE00239846099B002B01DCB5
:10653000FEF732FE424608924A4605925A469B466C
:1065400006920025069FAA46059E0FE0FFFF00FF6A
:10655000FF00FFFFB370FF2331707270F3700123EF
:106560009A4404370436D34500D192E0FC78397858
:106570007A78BB78FC2CEDD8022CF0D97578B078FD
:106580000395357807900495F5780195834203D1FA
:10659000039DAA4200D18DE0634362436143180A20
:1065A000130A98460B0A994643464A46C24D1B02B7
:1065B0001540C24A1D43154003041D432D02230606
:1065C0002D0A1D4302900422310021A82095DAF7FC
:1065D0007BFF019B022B4ED91A00FF2B00D15CE1FF
:1065E000009BDB7993427ED0FF21019B0A1BC91AD5
:1065F00051430912C943009BC9B220021973001B01
:10660000DAF75CFE009B5873009B21985968F2F7FB
:106610008BFA002857D10798FF2302001B1B5A430F
:106620000299120A52180399D2B202920A005A43EE
:10663000120A4244D4B2049AA04653431B0A4B4464
:10664000DBB29946009B09021C7B019B11430204AB
:106650000A431B0613432393434649461B020B433D
:10666000029A964912040B4013431B0222061B0A8E
:106670001343229524934B46337043467370029B19
:10668000F470B37001239A4404370436D34500D024
:106690006CE7059B0C9A9B1805930D9A069B9B181B
:1066A0000693089B0E9A013308939A4200D048E75C
:1066B000FEF772FD0498814200D06DE70198844294
:1066C00000D069E74BE7009B20981968F2F72CFA95
:1066D0000028A0D0009B5A7A90469A7A02921A7AA1
:1066E000DC7A9146C7E7009BDB78A34200D07BE7CA
:1066F0008AE70C9B002B01DCFEF74EFD0023984639
:10670000069B002B01DCFEF747FD434608935346EA
:10671000079300239A46009B079D9B460A9E63E0D1
:106720004246494612020A433804210602430A43FC
:106730000592FF2B00D199E0029A019912020A43B7
:1067400003990804024319060A4304925A46D2796F
:106750009A4274D0FF210A1BC91A51430912C94336
:106760005B46C9B220021973001BDAF7A7FD5B462E
:1067700058735B46049859681990F2F7D5F90028C8
:1067800062D1059B4D492293049B2393FF231C1B3D
:10679000039B63431B0AFF18029BFFB263431B0A60
:1067A0004344DBB29846019B5C43230A4B44DBB273
:1067B00099465B461C7B43464A461B0213430B40EB
:1067C0003A0413431B0222061B0A134324934B462D
:1067D00033704346737001239A44069BB770F4707C
:1067E00004350436534519D02B78EC7899466B78EC
:1067F000AF789846FC2CEAD8F378022BE7D93278A8
:10680000019272780292B2780392022C88D81C000E
:10681000029B17009846019B9946D8E70A9B0E9A5F
:106820009B180A930F9A079B9B180793089B0C9A37
:10683000013308939A4200D06BE7FEF7ADFC5A464D
:10684000D278A24286D194E75B46059819681890E1
:10685000F2F76AF9002894D05B461B7A99465B46AA
:106860005B7A98465B469F7ADC7AB0E70199100024
:10687000189219AA11700299D370517003999170EE
:106880001999F2F759FA030A070CC2B2DBB2914622
:1068900098461A90FFB2040E99E712AB3F331A7074
:1068A00021992098F2F748FA030A9846030C81468A
:1068B00013900293040EDEE6FF00FFFFFFFF00FFD0
:1068C000F0B55746DE464E4645462223E0B5C35C4A
:1068D0008A468BB0002B7CD1826807260292212247
:1068E000825C446A9146C268016907928269436882
:1068F0000492C26905680892E217520FA418344046
:10690000A21A0692002900D1C9E0426909924A46BA
:10691000FC2A65D9029A002A5BDD002B59DD069816
:1069200000241B1801930723091A98465346A346CF
:106930000127894692460393049E069C30000096E8
:106940000CE0634681431970019B0134A34234D0AB
:10695000039B9C46009B634418000093F2F77EF96A
:10696000434602904046E21713401B19DB10E9181A
:106970008C46E95C530FE2189043C2180B0048465E
:106980001341005D3B405B42DBB2002809D0FC288C
:1069900000D9CBE0C643F6B27343029E70431B1886
:1069A0001B0A3800904002001B06CAD563460A4302
:1069B0001A70019B01349C42CAD1079B089AED18BA
:1069C000049B9B18049301239B44099B9944DA453B
:1069D000B2D10BB0F0BCBB46B246A946A046F0BD52
:1069E000029A002AF5DD002BF3DD069800241B181F
:1069F0000193072398464B46091A03935346A3462F
:106A00000127894692460593049E069C09E0634649
:106A10009343009A01341370019BA34232D0059B2B
:106A2000F6183000F2F71AF94346E21713401B1923
:106A3000DB10E918EB5C00919C464146520FA3180D
:106A400099436346029088184A460341125D0399B0
:106A50003B404A435B42DBB2121206D0D143C9B27B
:106A60005943029B5A4389180B0A3A0082401B067D
:106A7000CDD5634613431A00009B01341A70019B65
:106A80009C42CCD1079B089AED18049B9B18049359
:106A900001239B44099B9944DA45B5D199E74A46BD
:106AA000FC2A45D8029A002A93DD002B91DD4A4644
:106AB000002A00D193E000220092069A9B180193CD
:106AC0004B46DB430722DBB290469B46049E069C66
:106AD0003000F2F7C3F8E3179C4643466246134082
:106AE0001B19DB10EA5CE918634647465B0F9C46BE
:106AF000E3189F433B00012763449F40BC461700B7
:106B00001F413B0001273B405F465B42DBB27B43BA
:106B10004F4678431B181B044CD463469A43019B91
:106B200001340A709C424CD05644D1E7029B38E7AE
:106B3000029A002A00DC4CE7002B00DC49E7002227
:106B40009146069A07279B1801229B469046049E71
:106B5000069C3000F2F782F83B00E21713401B1945
:106B6000DB10E918EB5C40B20093530FE2189C462F
:106B70003B0093431A004346624493401A00009B33
:106B8000002806DB934301340B70A34506D056441E
:106B9000DFE71A4301340A705C45F8D1079B089A75
:106BA000ED18049B9B18049301239944029B4B45C9
:106BB000CDD10EE763461A43019B01340A70A3420C
:106BC000B2D1079B089AED18049B9B180493009B75
:106BD000029A01330093934200D077E7F9E6069AD0
:106BE00001279B1807229B469046049E069C300076
:106BF000F2F734F84346E21713401B19DB10E9188B
:106C00008C464146E85C530FE2189143CB180100D3
:106C10003A0019419A400F4207D16346904301342C
:106C20001870A34507D05644E1E763460243013498
:106C30001A705C45F7D1079B089AED18049B9B18C6
:106C4000049301239944029B4B45CED1C1E6C04633
:106C5000F0B5DE4657464E464546E0B5836889B0F6
:106C60000393C37E05009A46436944680593C3684D
:106C7000066980690493F1F7C5FF2A68C309E869CA
:106C80000725C117490F40182840411A8B46DBB22F
:106C90005146002E00D1BAE0FC2961D803990029A1
:106CA00057DD002C55DD59465B4201935346701A5F
:106CB00021000724002502935B465944A046012782
:106CC00016008346079306950091B146079C06E09F
:106CD000534632431A70009B01349C422ED05B46CF
:106CE000185D0028F7D0434649464546E217134051
:106CF0001B19DB10CE5C9A46530FE2189543ED1832
:106D0000029BFF215843DAF7B1FA31002941FF23F2
:106D100039401B1A49420B4001993A000840FE21B4
:106D20001B18FE33AA40CA4449008B42D0D85346B0
:106D300096431E70009B01349C42D0D14E46049B6A
:106D4000059AF618069B9344039A013306939A42D8
:106D5000BBD109B0F0BCBB46B246A946A046F0BDC7
:106D600003990029F5DD002CF3DD002B00D1C1E0F3
:106D70005B46F61A0123210000259846FC33FF33B9
:106D800059449A465B460C000727AC461100029313
:106D9000A146029B019610E05E46040034412600A5
:106DA0004446344200D0FF22FE3252451DD8009A9C
:106DB000A843107001334B451DD0019AD25C002AC4
:106DC000F8D03800DD172840C0186D0FC0100C181F
:106DD0005E19009434003E00A643B346AB445C46C3
:106DE0004546085CA540FF2AD6D1009A05430133E9
:106DF00015704B45E1D1049B019EC91801239C44A9
:106E0000059B4C46F618039B6345C1D1A1E7FC29BD
:106E100048D8039900299CDD002C9ADD51465B423D
:106E200019405046FF231B1A9946FE235B009A46E1
:106E30005B4688462100039C0393049B594400272A
:106E400001259B468C4602976346A446039801930E
:106E50000723C41723401B18DB10D118009107210A
:106E6000640FD75C031999430B1939002C001941A1
:106E70009C400B0049462B405B420B404344FE3391
:106E800053456FD80099019BA74301300F7098427A
:106E9000DED164469C46029B5A44013302939C42D5
:106EA000D2D156E70398002800DC52E7002C00DC22
:106EB0004FE7002B68D19946049B210098468446F1
:106EC0005944584607230727C4172340640F06195F
:106ED000B74301263C19A6401B18DB10D45C0130D7
:106EE000B443D4548842EDD1012399444244CC4563
:106EF000E7D12EE75B462100F61A072359449C464A
:106F0000063B99460B00002011005C461A008346A0
:106F10002300A246080090460096009AD25C002A00
:106F20000FD061466646DD1729406D0F5F19BE43DD
:106F300077194D46BD40C918C9104418415CA94392
:106F4000217001339845E8D101005846049B009E0A
:106F5000C918059B0130F618039B544642468342EC
:106F6000D5D1F6E6009B3C431C70019B0130834267
:106F700000D06DE764469C46029B5A44013302935D
:106F80009C4200D060E7E4E600239946049B210080
:106F90009846039B59449C46584607230727C41725
:106FA0002340640F0619B7433C190127A7403C0052
:106FB0001B18DB10D65C01303443D4548842ECD12A
:106FC000012399444244CC45E6D1C2E6F0B5DE4601
:106FD00057464E4645462023E0B591B00190C35C2C
:106FE000063BDBB2152B07D8DE4A9B00D3589F46E1
:106FF00003210198FFF764FC11B0F0BCBB46B24618
:10700000A946A046F0BD21230720019CA568626A1D
:107010000B95E35C61689846236826699946E368A6
:107020000893A3690693E369099363690C93D317E3
:107030005B0FD2180240D31A07932223E35C002B84
:1070400001D100F0E4FD002DD6DD0029D4DD0023C0
:10705000079A0A930FAB9B468B180393002E01D11E
:1070600001F051FA43464C46069F0593079BA14603
:107070001D00F31A04930D96029709E053468143CD
:107080001970029B013502330293039B9D426ED01F
:107090002222029B1888049B40BA5E5D059B81B248
:1070A0005E4333129846019BC90A9F5C1F23AE4A78
:1070B00003404005800E140053430201121A92004F
:1070C000121810011218FF20614300021B1209124E
:1070D0000240DBB2C9B209041343360A32060B433D
:1070E00013430F935B461868F1F7C6FD0723190099
:1070F0004C46EA1711404919520FC9108A46615C83
:10710000AC18A3439B180A001A41D207D217CA44ED
:10711000D2B2032F01D101F00CF901D901F0B5F879
:10712000012F01D101F010F9022FAAD1101AC74383
:10713000FF173840C0B24446002C09D0FC2C01DDBA
:1071400001F0E0F8F643F6B2564360433018020A05
:1071500001209840120691D50B005246034313704C
:10716000029B013502330293039B9D4290D10D9EF9
:107170004C46002E01D101F04CFA0A9B0B9A0133C8
:107180000A939A4200D137E70C9B099AF618089B9C
:10719000E418069B9B181F00069367E7019F0720D2
:1071A000BA687B6807922122B95CBD698846396854
:1071B0003E698946F9687C690991F9690A91796A99
:1071C000CA17520F89180140891A2222BA5C8A46CE
:1071D000002A01D100F03CFC079A002A00DC0BE7F2
:1071E000002B00DC08E76A1A534404920FAA0293AA
:1071F000002793464346002E01D101F051FE05932E
:107200000B940C91069608970C9A069B15009B1AF6
:10721000984606E0534681431970029B01359D4212
:1072200054D0049B22215A5D43465C5D059B5C4320
:10723000019B27125E5C13021343240A12042106E9
:1072400013430B430F935B461868F1F715FD0723B3
:10725000190003904846EA1711404919520FC91006
:107260008A46415CA81883439B180A001A41D2073A
:10727000D217CA44D2B2032E01D101F04CF801D981
:1072800000F0F7FF012E01D101F071F8022EC4D1F8
:107290000398101AC643F6173040C0B2002F09D029
:1072A000FC2F01DD01F02BF8E443E4B254437843B2
:1072B0002018020A012098401206ABD50B00524656
:1072C00003431370029B01359D42AAD1069B0B9A82
:1072D0000A999B180693049A099B52189944089B93
:1072E0000492079A013308939A428DD184E62123B0
:1072F0000720019C6668A56802960A95E35C616AAE
:107300000693E36822680B93A3690393E3690893E8
:107310002369059363699946CB175B0FC918014030
:10732000CB1A04932223E35C002B01D100F003FC71
:10733000002D00DC60E6002E00DC5DE6059B0024ED
:10734000002B01D101F02AFE0FAB9B46012398468A
:107350004B460C935B4607279346099407930025F9
:107360000BE0C0460CC403103A080000634681439A
:107370001970029B0135AB4261D0039AEB10D35CCC
:107380003A00AA431341424622211340059A5B4228
:10739000545D069ADBB2544322129246049A240AA0
:1073A0005619019A525C190491461A0213430B4371
:1073B000220613430F93079B1868F1F75DFC3B000F
:1073C0005946F21713409B19DB109C46C95C530FBA
:1073D0003A00F618B243D2180B0046461341334028
:1073E0004E465B42DC44DBB2032E01D100F0B3FF1A
:1073F00001D900F055FF012E01D100F0B1FF022E9E
:10740000B7D1181AC643F6173040C0B25646002E00
:1074100009D0FC2E01DD00F06CFFE443E4B25C43D4
:1074200070432418230A4046904002001B069DD555
:1074300063460A431A70029B0135AB429DD1059BFE
:10744000002B01D101F07FF9099B0A9A01330993BE
:107450009A4200D1D0E5059B0C9A9B1805930B9B93
:10746000089A9B44039B9B18039378E721230720EA
:10747000019DAF686A6A0C97EB5C69680393EB68DF
:107480002E680993AB692C690693EB690A936B69C3
:107490000D93D3175B0FD2180240D31A08932223FF
:1074A000EB5C002B01D100F021FC002F00DCA3E5F8
:1074B000002900DCA0E50023089A99460FAB9B4603
:1074C0008B180293002C01D100F096FF4B460794D5
:1074D0003400069F0B93089A079B15009B1AA14640
:1074E000059307E0534681431970029B0135043729
:1074F0009D425AD02222059BFE785B5D5E43039B32
:107500005E4333149846019B360C9C5C7A783B783A
:1075100012021343BA783106120413430B430F933C
:107520005B461868F1F7A8FB07231900049048464A
:10753000EA1711404919520FC9108A46415CA81830
:1075400083439B180A001A41D207D217CA44D2B209
:10755000032C01D100F023FF01D900F0ACFE012C77
:1075600001D100F00CFF022CBFD10498101AC443C3
:10757000E4172040C0B24446002C09D0FD2C01D1B4
:1075800000F0BAFEF643F6B2564360433018020AE2
:10759000012098401206A5D50B00524603431370F4
:1075A000029B013504379D42A4D1079B4C46002B1A
:1075B00001D100F011FF0B9B0C9A01330B939A42FF
:1075C00000D119E5079B0D9A9B180793099B0A9A0E
:1075D000E418069B9B181F0006937CE70421019882
:1075E000FFF76EF908E521230720019DAF686A6A5D
:1075F0000B97EB5C69689946EB682E680893AB695A
:107600002C690693EB6909936B690C93D3175B0F95
:10761000D2180240D31A07932223EB5C002B00D12F
:1076200057E1002F00DCE7E4002900DCE4E400235C
:10763000079A98468B1802930FAB9B46002C01D1FA
:1076400000F0FCFF4B4605934346B146069F0A9364
:10765000079B0D941D00E31A049307E053468143F2
:107660001970029B013502379D426CD02222049B87
:1076700039885C5D059B49055C4323129846019B54
:10768000890E9E5C0A01521A92005218110152187A
:10769000FF213B7809020A407978C948DB06DB0EF6
:1076A000C908434341431B120912DBB2C9B20904A2
:1076B0001343240A22060B4313430F935B461868B7
:1076C000F1F7DAFA0723190003904846EA17114048
:1076D0004919520FC9108A46415CA81883439B1868
:1076E0000A001A41D207D217CA44D2B2032E01D1DE
:1076F00000F00BFE01D900F0B0FD012E01D100F029
:1077000010FE022EADD10398101AC643F617304072
:10771000C0B24646002E09D0FC2E01DD00F0E3FD8C
:10772000E443E4B2544370432018020A0120984015
:10773000120693D50B00524603431370029B01358A
:1077400002379D4292D10D9C002C01D100F064FFC4
:107750000A9B0B9A01330A939A4200D14CE40C9B8A
:10776000099AE418089B9944069B9B181F000693EE
:107770006EE7019E0725B368F06906932123F25C4A
:107780000A90706A0292C3175B0FC0182840C01A93
:107790002223326809909246F26871680B92F35C7A
:1077A000B26937697469002B00D1E5E0069B002BB4
:1077B00000DC21E4002900DC1EE4002F01D101F0EF
:1077C000E3FA002398460FAB9B460B1803934346FE
:1077D0000D9454460C9307920897099A089B15003C
:1077E0009B1AA146079E059307E0534681431970F3
:1077F000039B013502369D4258D02221059B7778A4
:107800005B5D32785F43029B5F433B149846019B6C
:107810003F0C5C5C130213431204390613430B4301
:107820000F935B461868F1F727FA072319000490B5
:107830004846EA1711404919520FC9108A46415C5F
:10784000A81883439B180A001A41D207D217CA44CA
:10785000D2B2032C01D100F071FD01D900F037FD47
:10786000012C01D100F093FD022CC1D10498101A13
:10787000C443E4172040C0B24446002C09D0FD2C7C
:1078800001D100F033FDFF43FFB257436043381886
:10789000020A012098401206A7D50B005246034366
:1078A0001370039B013502369D42A6D14C46089BBE
:1078B0000D9A9B1808930B9B0A9AE418079B9B1838
:1078C00007930C9B069A01330C939A4285D1FFF7DC
:1078D00093FB4B46002C00D192E2FC2B01D901F026
:1078E000B5F83B1E01DCFFF787FB002901DCFFF741
:1078F00083FB079A9A46A01A8A180024029207224C
:107900004B46A3469046012781460493069D079C5B
:107910002888F1F789F94346E21713401B19DB1059
:10792000F118F35C01919C464146520FA31899430C
:107930006346039088184A460341125D04993B4010
:107940004A435B42DBB2121206D0D143C9B259435B
:10795000039B5A4389180B0A3A0082401B0600D544
:1079600035E263469343019A01341370029B9C42B3
:1079700000D136E20235CBE7029B002F00D1A0E216
:10798000FC2B01D901F029F9069B002B01DCFFF744
:1079900033FB002901DCFFF72FFB3B1A091899463E
:1079A0000391072113004A468C46012700200A9DB7
:1079B000059404928146AB46984609990AE0C04670
:1079C0003A0800009543019A01311570039A9142DB
:1079D0002ED002336046CA1710404018C010040071
:1079E000544401945446255C6446520F88188443DD
:1079F0002800A4182041049A5E78525C38407243F3
:107A0000029E40427243C0B2121406D01E78564302
:107A1000D243D2B24243B618300A3A00A24000061E
:107A2000D0D51543019A01311570039A9142D0D1F6
:107A300048465D4643460B9A05999244049A0130A4
:107A400052180492069A5B198242B3D1FFF7D4FA16
:107A50004246002E00D185E2FC2A01D901F023F92B
:107A6000079A002A01DCFFF7C7FA002B01DCFFF7B9
:107A7000C3FA5344029343466A1A94460493721A13
:107A80000B00099993468A466146059159460022A2
:107A900007274D4620000A9C03911900A146804605
:107AA0009B46944606E0019B82431A70029B01317B
:107AB00099422BD03A003C00CB171A405218D210F2
:107AC000A8185B0FAA5C0190C8188443E41813003F
:107AD0000120234103400398049E405C5B427043B5
:107AE000DBB2001207D0C643F6B27343059E765C44
:107AF00070431B181B0A0120A0401B06D3D5019B15
:107B000002431A70029B01319942D3D10599624612
:107B10008C46CC4461460591039901328C46C4449D
:107B20006146039107994C4640465B465544914255
:107B3000B3D1FFF761FA059B002B00D16EE2069BE3
:107B4000FC2B01D900F0E3FF002D01DCFFF754FA14
:107B5000002E01DCFFF750FAFF218A460599002329
:107B600094464A46072701268B4607920593002034
:107B700007E04346019CAC431C70029B01308342EA
:107B800035D05B461A5C002AF7D03C006546049B62
:107B90001918CB171C406418E410A0462C5D3D005A
:107BA0005B0FC9188D43E918069B0194039C5A4347
:107BB000C310E35C3C0084432341019C35000C412D
:107BC0008D4021005446334012125B423140134035
:107BD0004942A21A0A409B18E0441B06C9D5019BE2
:107BE00001301D4343461D70029B8342C9D10B9B4C
:107BF000089A9C44039B9B180393079B0A9A9B44F7
:107C0000059B013305939A42B1D1FFF7F5F943463D
:107C1000002E00D15EE2FC2B01D900F043FE002DC6
:107C200001DCFFF7E9F9002901DCFFF7E5F9079A24
:107C30000020B71A3B0083464F460126AA469946C4
:107C40008A180392069D079C2B00019509E0029B70
:107C500090431870039B01349C4239D0019B02333E
:107C60000193FC21F8201F22C9001B880A4300024F
:107C70005BBA10431840F0F7D7FF07210A00E3175B
:107C80001A401219D2105B0F0490B8180290B85C19
:107C9000E2189143C91803004A4645460B41125D5C
:107CA00033406A435B42DBB2121206D0D543EDB2D9
:107CB0006B43049D6A439B181B0A32008A401B06D3
:107CC000C5D5029B02431A70039B01349C42C5D167
:107CD000089B099AFF18069B9B18069301239B4457
:107CE0000C9B9944DA45ADD1FFF786F9039B002C34
:107CF00000D14BE2FC2B01D900F040FE3B1E01DC21
:107D0000FFF77AF9002901DCFFF776F9089A0127D5
:107D1000A01A8A18814602920020072283469046C4
:107D20009A46069D089C6A782B7812021A43AB7813
:107D3000E8781B04134300061843F0F79DFF434601
:107D4000E21713401B19DB10F118F35C01919C46FC
:107D50004146520FA31899436346049088184A4637
:107D60000341115D039A3B405143EA785B424A4329
:107D7000DBB2121406D0D143C9B25943049B5A4313
:107D800089180B0A3A0082401B0609D463469343C4
:107D9000019A01341370029B9C420AD00435C2E759
:107DA000634613431A00019B01341A70029B9C42E4
:107DB000F4D1099B0A9AF618069B9B180693012397
:107DC0009B440D9B9944DA45ABD1FFF715F9634607
:107DD00013431A00019B01341A70029B9C4200D08D
:107DE000C8E5089B099AF618069B9B180693012381
:107DF0009B440C9B9944DA4500D087E5FFF7FCF8DB
:107E0000FC2B01D901F02FF9002F01DCFFF7F4F86A
:107E1000002901DCFFF7F0F84B46002B01D101F0FF
:107E200015FB00239A46079BCA184B46DB430721E4
:107E3000DBB29B465346884692460193069D079CBB
:107E40002888F0F7F1FEE3179C464346624613404C
:107E50001B19DB10F25CF118634647465B0F9C462A
:107E6000E3189F433B00012763449F40BC46170033
:107E70001F413B0001273B405F465B42DBB27B4337
:107E80004F4678431B181B0407D4634601349A43BA
:107E90000A70544507D00235D2E7634601341A43CD
:107EA0000A705445F7D1089B099AF618069B9B184F
:107EB0000693019B0B9A013301939A42BED1FFF7BF
:107EC0009BF8FC2B01D901F0A4F9069B002B01DCE7
:107ED000FFF792F8002901DCFFF78EF84B0007212D
:107EE000D018049253463A008246884606398C469A
:107EF0000B9C09990D0089465746A34619009246E6
:107F0000049E09E09A431300019A02361370BE42A0
:107F100001D100F0A5FC013543464446EA17134061
:107F20005B19DB10C818520F0190C85CAB189C435A
:107F3000A41863460390204172781840029B404287
:107F40005A43C0B2121206D033785343D243D2B24E
:107F500042439B18180A6346039AA3400006D1D5F2
:107F60001A43D0E7FC2A01D901F0C1F8079A002A88
:107F700001DCFFF741F8002B01DCFFF73DF842463A
:107F8000002A01D101F032FA1A004346DB43DBB28A
:107F90009B46434603930A9B6D1A002052444F466A
:107FA0000124A9469C4655469246099907360490F5
:107FB0002A008846059533003500D1170B409B18E1
:107FC000DB10F818490F0290F85C53189D436B18AA
:107FD000050021001D4199402B005D4623405B4276
:107FE000DBB26B434D460191A95C039D69435B186D
:107FF0001B0400D5E7E10199029B88430132187008
:108000005245D8D14146049B079A0133059D7F18FC
:108010000493E1449A42CBD1FEF7EEFF0699FC2986
:1080200001D901F0A9F82C1E01DCFEF7E5FF0020C4
:10803000002E01DCFEF7E0FFFF235B1A9946049B4C
:1080400001259B46039BA4469A464B46E14684463F
:108050001000002204939046D8444346D9170723C2
:108060000B404344DB10C418C75C4B0F41460394DC
:108070000724C9188C43E1182B008B405446019308
:10808000D310E35C072494432341069C2B405B42BE
:1080900023403C000C412100049C294049422140DE
:1080A0005B181B0600D580E1019B039C9F43029B4C
:1080B000013227709342CED1049B02006046CC4629
:1080C00099460B9B0130D218089B9A448445BCD139
:1080D000FEF792FFFC2B01D901F0FEF8002D01DC28
:1080E000FEF78AFF002901DCFEF786FF4346002BDE
:1080F00001D101F03AF90023079A9B468B180393AC
:108100004346FC22DB43D2004F469246994607364F
:10811000069D079C2B0001950AE08A43029B0134CF
:108120001A70039B9C4200D1AEE3019B0233019382
:108130005146F8201F221B880A4300025BBA1043F5
:108140001840F0F771FD33003500E1170B401B19A3
:10815000DB10FA18490F0292FA5C63189D43AC4693
:108160008C44654601216346A94015001D412B0042
:1081700001252B404D465B42EDB2DBB26B434546D9
:1081800068431B181B04C8D50A43C7E7FC2B01D959
:1081900000F008FF3A1E01DCFEF72EFF002901DC8B
:1081A000FEF72AFF0020834608980127091802914C
:1081B0000721994688469246069C089D6278237856
:1081C00012021A43A378E0781B04134300061843F5
:1081D000F0F752FD4346EA1713405B19DB10F11824
:1081E000F35C01919C464146520FAB18994363469C
:1081F0000390881849460341E2783B404A435B427A
:10820000DBB2121206D0D143C9B25943039B5A4381
:1082100089180B0A3A0082401B0609D4634693432F
:10822000019A01351370029B9D420AD00434C5E7C0
:10823000634613431A00019B01351A70029B9D424D
:10824000F4D1099B0A9AF618069B9B180693012302
:108250009B44DA45B0D1FEF7CFFE042E01D0FFF7E4
:1082600000FA0398101AC61780197040C0B2FFF7C1
:1082700050FA042E01D0FEF7D0FF0398101AC6174B
:1082800080197040C0B2FFF709F8042F01D0FEF743
:10829000F8FE101AC717C0197840C0B2FEF74BFF9E
:1082A000042E01D0FFF765F8181AC6178019704020
:1082B000C0B2FFF7ABF8042C01D0FFF716F9049811
:1082C000101AC41700196040C0B2FFF754F9042C0B
:1082D00001D0FFF78DFA0498101AC41700196040F6
:1082E000C0B2FFF7C9FA0200FFF720FA0200FFF759
:1082F000D0FA0300FFF797F80200FFF749F90200F0
:10830000FEF7D8FF0200FEF723FF03985043001248
:10831000C0B2FFF7FEF9039850430012C0B2FEF757
:10832000BDFF03981018FF2800DDFF20C0B2FFF743
:10833000F0F950430012C0B2FEF7FDFE049850431E
:108340000012C0B2FFF798FA1018FF2800DDFF20D6
:10835000C0B2FEF7F0FE58430012C0B2FFF756F865
:108360001818FF2800DDFF20C0B2FFF74FF8039870
:108370001018FF2800DDFF20C0B2FEF78FFF049821
:108380001018FF2800DDFF20C0B2FFF7F4F80498B2
:108390001018FF2800DDFF20C0B2FFF76DFA049827
:1083A00050430012C0B2FFF7E6F8019B03993B432C
:1083B0000B70029B01329A4200D04CE602006046EC
:1083C000CC46A1467DE6019B0299034301320B7026
:1083D000524500D0EFE515E60B9B26009946012398
:1083E0009944099B0A9AF618069B9B1806930C9BC6
:1083F0004B4501D1FEF700FE4B46069FB146089D56
:10840000059307E0534681431970029B01350437F9
:108410009D424ED02222039BFC785C432312984657
:10842000019B240A9E5C7A783B7812021343BA7847
:108430002106120413430B430F935B461868F0F7B1
:108440001BFC0723190004904846EA1711404919FC
:10845000520FC9108A46415CA81883439B180A0032
:108460001A41D207D217CA44D2B2032E37D024D829
:10847000012E2DD0022EC8D10498101AC643F6172B
:108480003040C0B24646002E07D0FC2E1EDCE4432E
:10849000E4B2624370431218120A01209840120697
:1084A000B0D5534601431970029B013504379D42F4
:1084B000B0D1059B4E46994691E7042EA5D104986C
:1084C000101AC61780197040C0B2DBE70200E4E75B
:1084D00004988018FF28F7DDFF20C0B2D2E7049887
:1084E00050430012C0B2CDE7B946089A09999144A9
:1084F000069A0A9B521806920B9A01330A939A42E3
:1085000001D1FEF779FD43461B06049322239A46C8
:108510004346DB43DBB24F46069E079C059307E0CC
:108520004B4681431970039B01340236A342DBD0D2
:1085300052463188D34849BA8BB29C46019B9D5C18
:108540001F230B404905890E0A01521A9200521846
:1085500011015218FF2109020A406146C90A43432A
:1085600048431B0400121B0EC0B200041343049ABC
:10857000034313430F935B461868F0F77DFB072313
:108580001900E21711400919C910520F029078180A
:108590008146795CA01883439B180A001A41D207D0
:1085A000D217D2B2032D28D01CD8012D2AD0022DEB
:1085B000B9D10298101AC543ED172840C0B24546FC
:1085C000002D07D0FC2D16D8059D6A43454668430B
:1085D0001218120A012098401206A1D54B460143F9
:1085E0001970A0E7042D9ED10298101AC5174019E2
:1085F0006840C0B2E3E70200ECE702985043001283
:10860000C0B2DCE702988018FF28F2DDFF20C0B27C
:10861000D5E7059B984668E7059B4E4699460A9B19
:10862000099A984601239844089BF618069B9B18C4
:1086300006930B9B434501D1FEF7DEFC4B461B0620
:10864000049322239A464B46DB43DBB20593434611
:10865000069D079C0A9307E0434681431970029BDD
:10866000013402359C42DAD052462888019B4005ED
:10867000800E9F5C0201121A92001218100112184B
:10868000FF202B780002024068787E49DB06C00894
:10869000DB0E4B4341431B120912DBB2C9B2090482
:1086A0001343049A0B4313430F935B461868F0F788
:1086B000E3FA07231900E21711400919C910520FF4
:1086C000039070188046715CA01883439B180A00C1
:1086D0001A41D207D217D2B2032F2FD01CD8012FA4
:1086E00025D0022FBBD10398101AC743FF1738407B
:1086F000C0B24F46002F07D0FC2F16D8059F7A43F3
:108700004F4678431218120A012098401206A3D54A
:10871000434601431970A2E7042FA0D10398101A11
:10872000C717C0197840C0B2E3E70200ECE703982E
:108730008018FF28F7DDFF20C0B2DAE70398504326
:108740000012C0B2D5E7079B5A469B46099C0B9B7B
:108750000899D218039B01345B1803930A9BA34228
:1087600001D1FEF749FC069B00251906DB4389462B
:108770000721DBB2884692460994079305E08243BD
:108780000A70029B0135AB4250D0039AEB10D35CC8
:108790004246AA4313410124049A23405619222237
:1087A00001995B42DBB28F5C19021A040B4313433D
:1087B0004A4613430F935B461868F0F75DFAF317C8
:1087C0009C4643466246134052469B19DB10D11823
:1087D000D25C6346059040465B0FF618B043160026
:1087E000C3181E4134406442E4B2032F2CD020D879
:1087F000012F2ED0022FC4D10598201AC643F61798
:108800003040C0B2069E002E06D0FC2E1AD8079F1C
:1088100070437C432418240A012098402406AED5D6
:10882000029B024301350A70AB42AED15246099C0D
:108830008DE7042FA5D10598201AC617801970401E
:10884000C0B2DFE70400E7E7059860430012C0B25A
:10885000D8E705980019FF28F2DDFF20C0B2D1E764
:1088600052465C46BA4604980A9E0132801904902A
:1088700006980B19B2444946824201D0FFF73AFBF1
:10888000FEF7BAFB3A080000089B099AFF18069BFE
:108890009B18069301239B440B9B5B4500D037E458
:1088A000FEF7AAFB002D01DCFEF7A6FB002901DC88
:1088B000FEF7A2FB079A0020B71A8A180392FC223F
:1088C0003B00D2004F46834690460126AA46994671
:1088D000069D079C2B00019509E0634681431970B2
:1088E000039B01349C4239D0019B023301934146E2
:1088F000F8201F221B880A4300025BBA104318406D
:10890000F0F792F907221100E31719400919C9106D
:108910005B0F029078188446795CE0188243D21885
:108920000B0048461341005D33405B42DBB2002838
:1089300008D0FC2820D8C543EDB26B43029D6843A4
:108940001B181B0A3000904002001B06C5D5634669
:108950000A431A70039B01349C42C5D1089B099AB3
:10896000FF18069B9B18069301239B440C9B99447C
:10897000DA45ADD1FEF740FB029BE3E7002F01DCB7
:10898000FEF73AFB002901DCFEF736FB089BE21AF2
:10899000CB1802930723914600229846069B9246E5
:1089A0009B465D46089C6A782B7812021A43AB7886
:1089B000E8781B04134300061843F0F75DF94346BB
:1089C000E21713401B19DB10F11801914146520FB9
:1089D0000390F05CA3189943030089180B4101220E
:1089E00013404A46125D5B421700EA78DBB27A43D5
:1089F000121208D0FC2A27DCD743FFB27B43039F27
:108A00007A439B181B0A01228A401B0608D4019B4B
:108A100090431870029B01349C4208D00435C2E791
:108A2000019B02431A70029B01349C42F6D1099BC0
:108A3000F6180A9B9B4401239A440D9B99440C9B76
:108A40005345AED1FEF7D8FA039BDCE73B1E01DCB1
:108A5000FEF7D2FA002901DCFEF7CEFA079A0127C9
:108A6000A01A8A1881460292002007228346904667
:108A70009A46069D079C2B00019509E063468143B9
:108A80001970029B01349C4231D0019B0233019347
:108A90001888F0F7C9F8434603904046E2171340A0
:108AA0001B19DB10F1188C46F15C530FE218904350
:108AB000C2180B0048461341005D3B405B42DBB2ED
:108AC000002808D0FC2820D8C543EDB26B43039D95
:108AD00068431B181B0A3800904002001B06CDD5C6
:108AE00063460A431A70029B01349C42CDD1089B15
:108AF000099AF618069B9B18069301239B440C9B2E
:108B00009944DA45B5D1FEF777FA039BE3E7002DE8
:108B100001DCFEF771FA002E01DCFEF76DFAFF2191
:108B20000B9B0020072701268A46A8469C464C46F8
:108B3000E3460021C4468146A04601923800059BC9
:108B4000019D5C5C049B5A18D31718408018C01014
:108B50002D180795019D5B0F285C3D00D2189543A9
:108B6000EA1833009340039D0693CB10EB5C3D0065
:108B70008D432B41050015412A00554633403240B4
:108B80005B422D1B5242234015405B191B061BD430
:108B9000069B079D9843029B013128708B42CDD1E3
:108BA000039B089944465B180393059B48469946E6
:108BB000A144E0464B46019A0130DC465A440593F5
:108BC0008045B5D1FEF718FA069B01311843079B83
:108BD0001870029B9942B1D1E2E7069B002B01DCA1
:108BE000FEF70AFA002901DCFEF706FA0300CB18AB
:108BF000039307239C460B9B381A160001279946BE
:108C0000002205940490CB4635009046B146099960
:108C100007E0019B94431C70039B0131994230D0C3
:108C200002356246CB171A405218D2101000504439
:108C300001905046845C60465B0FCA189043C01890
:108C400023000341049A6E78525C3B4072435B42BE
:108C5000DBB212120AD02E780296FC2A21DCD6430F
:108C6000F6B27343029E72439B181B0A3A0082407D
:108C70001B06CED5019B14431C70039B0131994206
:108C8000CED14E4642460A9B0599F618049B013206
:108C90005B180493069BD946DA449A42B3D1FEF797
:108CA000ABF93300E2E7079A002A01DCFEF7A4F9EA
:108CB000002B01DCFEF7A0F9691A8C46514690465C
:108CC000711A624600268B4601275146534402938F
:108CD00009980A9B0794069605920A00C44688469E
:108CE000594682469B4604910723D1170B409B1897
:108CF000DB101800484403904846C45C0720490F25
:108D000053189843230040180341049901943B40B1
:108D10008C5C5B42DBB2002C09D00599895CFC2C91
:108D200030D8E643F6B273434C431B191B0A390093
:108D300081401B061CD4019B01328B4303990B70AD
:108D4000029B9A42D0D1059C5B464146E046A44630
:108D50009C446446049A05949346069A079C013203
:108D60005046D1440692A3449045B6D1FEF744F94B
:108D7000019B01320B431900039B1970029B9A421D
:108D8000B2D1E0E70B00D2E7002449005318049366
:108D90000FAB07949B4654460592A146059E099D3C
:108DA00007E0534681431970049B02360135B342F4
:108DB0004CD02221029B777832785F433B12984651
:108DC000019B3F0A5C5C13021343120439061343F0
:108DD0000B430F935B461868EFF74EFF072319000C
:108DE00003904846EA1711404919520FC9108A46A4
:108DF000415CA81883439B180A001A41D207D21776
:108E0000CA44D2B2032C46D033D8012C3CD0022C19
:108E1000CAD10398101AC443E4172040C0B2444694
:108E2000002C07D0FC2C2DDCFF43FFB27A436043BB
:108E30001218120A012098401206B2D55346014377
:108E40001970049B02360135B342B2D10A994C46DF
:108E50008C460B9B0499E418059B069A6344059382
:108E6000079B61440133079304919A4295D1FEF721
:108E7000C3F8042C98D10398101AC4170019604045
:108E8000C0B2CCE70200D5E703988018FF28F7DDD1
:108E9000FF20C0B2C3E7039850430012C0B2BEE740
:108EA0001B0605934346DB43DBB20693049B0897FE
:108EB0004E46474698460B9122230B9C994606E066
:108EC000534681431970029B01349C4243D0434670
:108ED00049461B5D019A555C19021A040B43134362
:108EE000059A13430F935B461868EFF7C5FE0723F7
:108EF0001900E21711400919C910520F0390701898
:108F00008246715CA01883439B180A001A41D2075D
:108F1000D217D2B2032D35D029D8012D37D0022D4A
:108F2000D1D10398101AC543ED172840C0B2002FC5
:108F300006D0FC2F24D8069D78436A431218120AE3
:108F4000012098401206BBD5534601431970029B7D
:108F500001349C42BBD1099B0A9AF618089B9044A5
:108F6000079A013308939A42A6D1FEF745F8042DDB
:108F7000A9D10398101AC51740196840C0B2D6E7A6
:108F80000200DDE7039850430012C0B2CFE7039818
:108F90008018FF28F2DDFF20C0B2C8E70FAB9B4668
:108FA000FFF7E1FB002F01DCFEF726F8002901DCCA
:108FB000FEF722F80022089893460A180292072228
:108FC000069B9046B9469A465446089D6278237897
:108FD00012021A43A378E0781B04134300061843D7
:108FE000EFF74AFE434601904046EA1713405B19EB
:108FF000DB10F1188C46F15C530FEA189043C2184D
:109000000B0001271341E0783B405B42DBB20028B4
:1090100008D0FC2825D8C743FFB27B43019F784383
:109020001B181B0A0120904002001B0608D463464F
:1090300081431970029B01359D4208D00434C5E775
:1090400063460A431A70029B01359D42F6D1099B83
:10905000F6180A9B9A4401239B44D945B4D1FDF7E5
:10906000CBFF019BDEE7002F01DCFDF7C5FF0029E8
:1090700001DCFDF7C1FF0023079A99468B180122F6
:109080009046069A072793469A465D46079C28888D
:10909000EFF7CAFD3B00E21713401B19DB10F11874
:1090A000F35C40B20193530FE2189C463B0093439C
:1090B0001A004346624493401A00019B002806DBD5
:1090C000934301340B70544506D00235DFE71A4351
:1090D00001340A705445F8D1089BF618099B9B444B
:1090E000012399440B9B4B45CFD1FDF785FF079E8C
:1090F000002E01DCFDF780FF002B01DCFDF77CFF7B
:109100000A9853446D1A0127494600228146984621
:109110000295099DAB46534694460D0003960722DF
:109120000726D8170240D218D210A918400F019173
:10913000A95C1A18964332183800029E9040F25CDF
:109140007F2A12D8019A8143013311704345E6D139
:10915000624629005D46029B039E4B440132491939
:109160000293B242D6D1FDF747FF019A0143013382
:1091700011704345D3D1EBE7281E01DCFDF73CFF1E
:10918000002E01DCFDF738FF089B01259C46049B5F
:1091900000279B46039B0B9E9846B14682461600CD
:1091A000002203975B4607219B18D8170140C91876
:1091B000C9107718715C01970F000721400F1B1829
:1091C00099430B18280041469840D310CB5C0721E7
:1091D00091430B411D4212D13B00019F83433B70E1
:1091E000029B01329342DDD1320050464E46039F2E
:1091F00092190137E044B842CFD1FDF7FDFE3B00A4
:1092000003431800019B01321870029B9A42C9D196
:10921000EAE7069B002B01DCFDF7EEFE002901DCEE
:10922000FDF7EAFE4B00072188460639D3188C4625
:109230001100099A9B460027534692465A465446C7
:109240000D008946BB4603924246E1170A401219B7
:10925000D2109818029040469E5C490F62189043C5
:10926000320040180241614601960A406E7852422F
:10927000D2B2002E08D02978FC2E2BD8F743FFB2AB
:109280007A434E439219120A61468140120609D46C
:10929000019A02358A4302990A70039A95420AD0CC
:1092A0000134D1E7019A02350A431100029A117084
:1092B000039A9542F4D1039A5F46494693460B9A26
:1092C0000A989B18069A0137091883449742B5D12A
:1092D000FDF792FE0A00D7E7002D01DCFDF78CFEBA
:1092E000002901DCFDF788FE0023079A98468B18B9
:1092F000069A9A4693465D46079CFC21F8201F2259
:10930000C9002B880A4300025BBA10431840EFF7EC
:109310008BFC07234F464946E21713401B19DB100D
:10932000C918FB5C0727520F9C46A3189F430123D3
:10933000BA1840B293406246002806DB9A430134D3
:109340000A70544506D00235D7E71A4301340A7033
:109350005445F8D1089B9944099B9B4401239844A8
:109360000B9B4345C7D1FDF747FE079A8B18069A1A
:109370009A4693465D46079CFC21F8201F22C900AF
:109380002B880A4300025BBA10431840EFF74CFCED
:109390000723494648460727E21713401B19DB10ED
:1093A000C05CC918530FE21897430122FB1817003D
:1093B0009F40BC4607001F4163463A4206D198438E
:1093C00001340870544506D00235D5E718430134FE
:1093D00008705445F8D1089B9944099B9B4401238C
:1093E00098440B9B4345C5D1FDF706FE002453442A
:1093F000A04601204C468C46994662460723D71763
:109400003B409B18DB10E618E35C07219A467F0F70
:10941000D3199943CB195146070019419F40534630
:1094200008420DD1BB43013233704A45E6D1099B56
:10943000E41801239844079B4345DED1FDF7DCFD8A
:109440001F43013237704A45D8D1F0E7079A012708
:109450008B1807229046069A9A4693465D46079CCB
:109460002888EFF7E1FB4346E21713401B19DB1096
:10947000F1188C464146F05C530FE2189143CB182B
:1094800001003A0019419A400F4207D163469043C8
:1094900001341870544507D00235E1E763460243B2
:1094A00001341A705445F7D1089BF618099B9B4468
:1094B000012399440B9B4B45D0D1FDF79DFDC04640
:1094C000F0B54E46DE4657464546E0B5836885B062
:1094D00000930769C36881469B464468C67E002F97
:1094E0005DD0436980691D00FC2E30D9EFF78AFBFF
:1094F000009B002B24DD002C22DD4B460026196842
:10950000009BAC469946B246002303E0C8540133A1
:109510009C420FD0FA5C002AF9D0FC2AF6D8D64338
:10952000CD5CF6B275434243AA18120ACA540133FD
:109530009C42EFD101239A4459446744D145E3D179
:1095400005B0F0BCBB46B246A946A046F0BDEFF759
:1095500059FB009B002BF3DD002CF1DD4B46196815
:1095600000239A46009BA8469C4600900022BB5CC4
:1095700073431B1209D0D8438D5CC0B26843814647
:10958000009843434B441B0A8B5401329442EED162
:1095900001239A4459444744D445E7D1D0E7806930
:1095A000FC2E53D9EFF72EFB009B0600002BC7DDE6
:1095B0004B461F6811235B429946A1444A4620331B
:1095C0009A43130010339A46039300230193102CFF
:1095D00003DC00239A46102C7CDD03239846424688
:1095E00041463B003A400F4255D149463B4D09099F
:1095F0000131029130023A49354005430D403004B3
:1096000005432D0230062D0A0299284301321860C5
:1096100058609860D86010339142F7D8544551DDB6
:109620005346E31A98465D4653464246F8183100C1
:10963000D7F744FF019B009A013301939A4200D16E
:109640007EE77F19102CEFDDAB46C6E7EFF7DAFABD
:10965000009B002B00DC73E7002C00DC70E7002E81
:1096600000D16DE74A4617680022F14370431500A8
:109670005E469C463C19C9B23A0013784B431B180E
:109680001B0A137001329442F7D10135BF19A41996
:10969000AC45F1D154E7039AD2191E705E709E70EA
:1096A000DE701E715E719E71DE711E725E729E7240
:1096B000DE721E735E739E73DE7310339A42ECD1BA
:1096C0005445ADDC019B009A01335F4401939A42FB
:1096D00085D135E7002CA3DC32E7C046FF00FFFF51
:1096E000FFFF00FFF0B55746DE464E4645462023B5
:1096F000E0B5C35C8246063BDBB28DB0152B16D8B5
:10970000CD4A9B00D3589F46049B089A07999B1803
:109710000493069A029B8A449B180293039B059A22
:109720005B180393099B013309939A422ED10DB024
:10973000F0BCBB46B246A946A046F0BD21238268D4
:1097400001690592C35C0491009303684668029323
:10975000C368069383690393C369079343690893B6
:109760002223C35C002B00D1E0E3002ADFDD002EC2
:10977000DDDD002901D101F030FC039A73000025E2
:10978000D3180BACA3469A4609950190049F039EFB
:10979000B846029F1FE0012C01D101F024F9022CF0
:1097A00013D13B78181AC243D2171040C0B24A46B0
:1097B000002A0AD0FC2A01DD01F027F8ED43EDB2C2
:1097C0006B4350431B181B0A3B700123023698441D
:1097D0000137564598D0434622221D78009B308899
:1097E0005D432B129946019B40BA9C5C1F23934A10
:1097F00081B203404005800E53430201121A9200C9
:10980000121810011218FF20000202408B48C90AEA
:1098100041431B0409121B0EC9B213432D0A09044C
:109820002A060B4313430B935B461868EFF724FAA1
:10983000032C01D101F0D1F8ADD9042CC5D13B786E
:10984000181AC21780185040C0B2B0E75246212300
:109850004468806802940490D35C56460093D368B1
:1098600015680693936911699C46D36907935369F8
:109870002222B25C002A00D1E8E3002800DC56E78F
:10988000002C00DC53E700270BAC002901D101F0CC
:10989000C0F8089363468946A3460395059701934C
:1098A0000026039F20E0012D01D101F064F8022D74
:1098B00013D13B78181AC243D2171040C0B24246A7
:1098C000002A0AD0FC2A01DD00F07FFFE443E4B265
:1098D000634350431B181B0A3B70029B0136013740
:1098E000B34201D100F079FF019B22219A5D4B46E2
:1098F0009C5D009B5C432312984653465D5C1302BB
:109900001343240A1204210613430B430B935B46B3
:109910001868EFF7B1F9032D01D101F026F8C2D98B
:10992000042DDAD13B78181AC21780185040C0B203
:10993000C5E70300524699682123406807910090CB
:10994000D35C5446019313689946D3689269059392
:109950005346DB69069353461B699C4653465D6933
:109960002223E35C002B00D1ADE3002900DCDEE61E
:10997000002800DCDBE66346002B01D101F02AFB66
:109980000023494698460BAC6346A346D14608954A
:109990000491039202930026049C20E0012F01D140
:1099A00000F0CDFF022F13D12378181AC243D2172B
:1099B0001040C0B25246002A0AD0FC2A01DD00F055
:1099C000E3FEED43EDB26B4350431B181B0A2370BB
:1099D000009B01360134B34201D100F0DDFE039A51
:1099E000F310D35C0722B243134101221340029AC1
:1099F0002221955D019A5B4255432A1292464A46BE
:109A0000DBB2575C1A0219042D0A13430B432A06D2
:109A100013430B935B461868EFF72EF9032F01D120
:109A200000F087FFBAD9042FD2D12378181AC217B1
:109A300080185040C0B2BDE764C403103A0800006B
:109A40005146212243688068554604908A5C009202
:109A50000A680292CA6807928A69C96906915146E2
:109A60000C694969039408912221695C002900D19D
:109A700073E3002800DC5AE6002B00DC57E65900AF
:109A8000CB18D3180193002C01D101F0E0FC002584
:109A90000BAC05925246A3469A4609950192039F44
:109AA000059EB846029F21E0012C01D100F04FFF36
:109AB000022C13D13B78181AC243D2171040C0B2FF
:109AC0004A46002A0AD0FC2A01DD00F03DFEED43A3
:109AD000EDB26B4350431B181B0A3B700123033646
:109AE00098440137B24501D100F037FE43462222A7
:109AF0001D78009B5D432B129946019B2D0A9C5CAF
:109B00007278337812021343B27829061204134391
:109B10000B430B935B461868EFF7AEF8032C01D1AB
:109B200000F01DFFC0D9042CD8D13B78181AC217F9
:109B300080185040C0B2C3E7436882689946212329
:109B40000492C35C01680093C36803910693836920
:109B500005690293C3690793436908932223C35C91
:109B6000002B00D188E3002A00DCE0E54B46002B07
:109B700000DCDCE5CB180193002D01D101F0ACFA3B
:109B800000230BACA34609930595059C029EA046B5
:109B9000039F22E0012C01D100F0C3FE022C13D15F
:109BA0003B78181AC243D2171040C0B24A46002A66
:109BB0000AD0FD2A01D100F08BFEED43EDB26B43DC
:109BC00050431B181B0A3B7001239844019B01372B
:109BD0000436BB4201D100F085FE4346F5781B7880
:109BE00022225D43009B5D432B14994653469C5CA7
:109BF0007278337812021343B2782D0C12042906BE
:109C000013430B430B935B461868EFF735F8032CAF
:109C100001D100F080FEBDD9042CD5D13B78181AB3
:109C2000C21780185040C0B2C0E752462123466890
:109C3000806854460390D35C009313680293D36802
:109C4000926907935346DB690693534619695B692A
:109C500008932223E35C002B00D1C8E2002800DC3B
:109C600065E5002E00DC62E576009319019300297A
:109C700001D101F097FA00250BAC05925246A3469C
:109C80009A46049109950192049F059EB846029F49
:109C900021E0012C01D100F092FE022C13D13B787F
:109CA000181AC243D2171040C0B24A46002A0AD03E
:109CB000FC2A01DD00F0ECFDED43EDB26B435043B7
:109CC0001B181B0A3B700123023698440137B2452A
:109CD00001D100F0E6FD434622221D78009B318829
:109CE0005D432B1299464905019B890E9C5C0A0134
:109CF000521A9200521811015218FF2133780902AA
:109D00000A407178D048DB06DB0EC9084343414363
:109D10001B120912DBB2C9B213432D0A09042A0629
:109D20000B4313430B935B461868EEF7A5FF032C18
:109D300001D100F04CFEACD9042CC4D13B78181AE8
:109D4000C21780185040C0B2AFE743688268994696
:109D500021230492C35C01680093C36803910793B5
:109D6000836905690293C3690693436908932223B3
:109D7000C35C002B00D1D1E2002A00DCD7E44B46C3
:109D8000002B00DCD3E4CB180193002D01D101F0AE
:109D90008AFA00220BACA3469A46099205950190D7
:109DA000059C029EA046039F21E0012C01D100F0FA
:109DB000FEFD022C13D13B78181AC243D217104073
:109DC000C0B24A46002A0AD0FC2A01DD00F040FD5C
:109DD000ED43EDB26B4350431B181B0A3B7001234C
:109DE000013704369844BA4501D100F03AFD4346A4
:109DF00022221D78009B5D432B129946019B2D0A60
:109E00009C5C7278337812021343B27829061204EC
:109E100013430B430B935B461868EEF72DFF032C9F
:109E200001D100F0BEFDC0D9042CD8D13B78181A5E
:109E3000C21780185040C0B2C3E721238268466829
:109E40000592C15C036805690293C3680693836940
:109E50000393C3690893436922209C465346185CC8
:109E6000002800D1B3E0002A00DC60E4002E00DC12
:109E70005DE4002D01D101F083FA039A7300D31839
:109E8000624600270BAC09925246A3469A460091BF
:109E9000049507970192049F039EB846029F21E014
:109EA000012C01D100F075FD022C13D13B78181A5A
:109EB000C243D2171040C0B24A46002A0AD0FC2A38
:109EC00001DD00F0A5FCED43EDB26B4350431B18E0
:109ED0001B0A3B700123023698440137B24501D179
:109EE00000F09FFC434622211D78009B32785D43A1
:109EF0002B129946019B2D0A5C5C1302134312043A
:109F0000290613430B430B935B461868EEF7B4FE28
:109F1000032C01D100F037FDC2D9042CDAD13B78F3
:109F2000181AC21780185040C0B2C5E7002900D1E6
:109F30003CE2009BFC2B01D900F0FCFE002A01DC76
:109F4000FFF7F5FB00229046002E01DCFFF7EFFB48
:109F50009A46029BFC279B46B146049D039EFF0048
:109F60002A0033004D46564600249A4691465246F2
:109F70006300D35AF8201F2200023A435BBA104311
:109F80001840EEF751FE4B461B5D73431B1209D080
:109F90005A46115DDA43D2B243434A43D2185B4674
:109FA000120A1A550134A542E1D14B465246A94640
:109FB0001D00069BB2469B44079BD618089BED18D4
:109FC00001239844059B4345CAD1FFF7B0FB13001A
:109FD000002D00D12FE2FC2901D900F06CFE002AEF
:109FE00001DCFFF7A4FB002E01DCFFF7A0FB089BC0
:109FF00000229946039B0C009846029947469246D8
:10A000003A00002700945078EB5D434300984343A7
:10A010001B1409D0C85D0400D843C0B26043147853
:10A020006343C018000AC85501370232BE42EAD164
:10A030005246069B0132C918059B009CC8446544E2
:10A040009342DBD1FFF773FB3A080000002900D1EF
:10A0500024E2009AFC2A01D900F0EFFD002801DC7F
:10A06000FFF765FB002C01DCFFF761FB079A6646F2
:10A070009046069A2700002094469946009B824607
:10A080000800190000230096C25C4A4312120AD04D
:10A09000EC5C2600D443E4B27443009EF65C724349
:10A0A000A418240AEC5401339F42EDD10B000100A7
:10A0B0005046009E049A0130654446444944824219
:10A0C000DDD1FFF734FB6346002B00D115E2019B85
:10A0D000FC2B01D900F06CFD002901DCFFF727FB08
:10A0E00007239846009B0127002B01DCFFF71FFB8D
:10A0F0001E00019BAA464C46654691469C4600229E
:10A100002B000020654693469C4663461B5C6B43D0
:10A110001B1210D04946C210895C4246824311414D
:10A1200039404942C9B25943DB43225CDBB2534355
:10A13000C918090A215401308642E6D163465A46BD
:10A14000AC461D00059B0132E418069B554499441A
:10A15000079B9342D4D1FFF7EAFA002C00D109E221
:10A160000099FC2901D900F0F5FE002801DCFFF779
:10A17000DEFA002B01DCFFF7DAFA59008A469A442E
:10A1800000239946039B52449B4653460193029BEE
:10A1900017009A46009B9846019B5E46FC1A3B00BE
:10A1A0005546474698462000EEF758FD33787B43E6
:10A1B0001B1207D0DA432978D2B24A434343D2185C
:10A1C000120A2A70033401360135A045EBD143460B
:10A1D000B8461F00079B9A44089B9B44012399445F
:10A1E000069BFF18049B4B45D6D1FFF7A0FA009BB6
:10A1F000002900D1F9E1FC2B01D900F0E7FD00288E
:10A2000001DCFFF794FA002E01DCFFF790FA7000F2
:10A210001218170000229846029B91468A469B46D8
:10A220000090009B5546FC1A3B005E464746984608
:10A230002088EEF7F9FC2B787B431B1207D0DA431A
:10A240003178D2B24A434343D218120A32700234F0
:10A2500001350136A045EBD14346B8461F00079BA8
:10A260009B44089B9A4401239944069BFF18039B37
:10A270004B45D6D1FFF75BFA009B002D00D1EDE1F5
:10A28000FC2B01D900F0E0FD002A01DCFFF74FFABA
:10A290004A46002A01DCFFF74AFA00224D44904664
:10A2A0004A469946029B2F009A46039B00929B4682
:10A2B000009B5446FD1A3B005E464F469946627825
:10A2C000237812021A43A378E0781B041343000694
:10A2D0001843EEF7D1FCE2782B787A4353431B14F2
:10A2E00007D0DA433178D2B24A434343D218120A34
:10A2F0003270013504340136A945E0D14B46B946E8
:10A300001F00069B9B44079B9A4401239844089B8B
:10A31000FF18049B4345CBD1FFF709FA009B002DA2
:10A3200000D1DAE1FC2B01D900F0D6FD002A01DCD6
:10A33000FFF7FDF94B46002B01DCFFF7F8F900238E
:10A3400098464B460193009B4D449946029B2F0033
:10A350009A46039B9B46019B5646FC1A3B005D4672
:10A360004F4699463000EEF779FC23787B431B1269
:10A3700007D0DA432978D2B24A434343D218120AAB
:10A380002A70013404360135A145EBD14B46B9465C
:10A390001F00079B9B44069B9A4401239844089BFB
:10A3A000FF18049B4345D6D1FFF7C1F9009BFC2B56
:10A3B00001D901F0B9F8002A01DCFFF7B8F9002E45
:10A3C00001DCFFF7B4F9002B01D101F014FA1900F8
:10A3D0000023FC209946CB43039ADFB2C000BA4663
:10A3E000804693460F00760096195D46029C4146D2
:10A3F000F8201F222B880A4300025BBA1043184042
:10A40000EEF712FC52462378784353431B181B0A7D
:10A41000023523700134AE42E9D1029B069A9B18A3
:10A4200001220293079B91449B44F618059B4B45E0
:10A43000DBD1FFF77CF9FC2901D901F096F9002A5C
:10A4400001DCFFF774F9002E01DCFFF770F9984684
:10A45000069B03989946089B00229C46029B8246D5
:10A460009B467600861950465C4643784B431B1248
:10A4700008D0DF432578FFB27D4307787B43EB1894
:10A480001B0A2370023001348642EED10132CB44E4
:10A49000E24466449045E6D1FFF749F9009F030086
:10A4A000FC2F01D901F0E4F8002801DCFFF73FF9A7
:10A4B000261E01DCFFF73BF9002F01D1FFF737F92A
:10A4C0000020069AF9439046079A644691468246D0
:10A4D0009C46C9B20022AB5CA05C4B4378431B187E
:10A4E0001B0AAB5401329642F5D101239A444544EC
:10A4F0004C44D445EED1FFF71AF90199FC2901D952
:10A5000001F08EF80798002801DCFFF710F9009B96
:10A51000002B01DCFFF70BF9002901D1FFF707F948
:10A52000CB430026DFB2069B83469A46059B4846EE
:10A530003C00B04699460F00002126000724CB10AE
:10A54000D35C8C432341012423405B42445CDBB257
:10A550007B4374431B191B0A4354009B01318B42FC
:10A56000ECD101239844340048445244C345E3D11C
:10A57000FFF7DDF80099FC2901D901F091F80028D6
:10A5800001DCFFF7D4F8002B01DCFFF7D0F800293D
:10A5900001D101F066F95900884698440023994694
:10A5A000009B4244DF431600029AFFB2BA4693462C
:10A5B0001F0043465C46F51A2800EEF74FFB524653
:10A5C0002378784353431B181B0A03352370013447
:10A5D000AE42F1D1079B9B4401239944069BF61898
:10A5E000049B4B45E5D1FFF7A2F8FC2B01D900F005
:10A5F000CBFF002801DCFFF79AF8002E01DCFFF703
:10A6000096F8002B01D101F0E3F87300984600237F
:10A610009946009B4244DE431700029AF6B2B246C6
:10A6200093461E0043465C46FD1A2888EEF7FCFA66
:10A6300052462378704353431B181B0A023523707C
:10A640000134AF42F1D1079B9B4401239944069BFF
:10A65000FF18039B4B45E5D1FFF769F8FC2B01D9A7
:10A6600001F045F8002A01DCFFF761F84A46002AAC
:10A6700001DCFFF75CF80027079AB8461F00029B31
:10A680000E0093469A464E444B465446F51A62785D
:10A69000237812021A43A378E0781B0413430006C0
:10A6A0001843EEF7E9FAE3787B431B1207D0DA434D
:10A6B0002978D2B24A434343D218120A2A7001358C
:10A6C0000434AE42E3D101239844069BDA44F618E1
:10A6D000049B4345D8D1FFF72AF8FC2B01D900F0A1
:10A6E00079FF002A01DCFFF722F84A46002A01DC44
:10A6F000FFF71DF8002B01D101F09EF80022DF4387
:10A700009046029AFFB20E00BA4693461F004E448E
:10A710004B465D46F41A2800EEF7A0FA524623781D
:10A72000784353431B181B0A237001340435A64297
:10A73000F1D1069B9B4401239844079BF618049B88
:10A740004345E5D1FEF7F3FF012303363870984403
:10A750000137B24501D0FFF7C9F9039B089A069962
:10A760009B180393079A029B8A449B180293059BAC
:10A77000049A5B180593099B013309939A4201D00F
:10A78000FFF78DF9FEF7D3FF009B013620700134EF
:10A79000B34201D0FFF723F9029B002B00D18EE1D9
:10A7A00001239844079B434501D1FEF7C0FF029B5C
:10A7B000089A9B180293059A049B9B180493069A87
:10A7C000039B9B180393FFF7E6F8029B0136387052
:10A7D0000137B34201D0FFF787F84B46002B00D179
:10A7E000E0E1059B049A013305939A4201D1FEF7FB
:10A7F0009EFF089B069A9944039B9B180393079A14
:10A80000019B9B180193FFF74BF83870FEF7DDFFB3
:10A8100001230236387098440137B24501D0FFF762
:10A8200061FB049B099A08999B180493069A029B62
:10A830008A449B180293039B059A5B180393079B1A
:10A84000013307939A4201D0FFF725FBFEF76FFF14
:10A8500001233870013704369844BA4501D0FFF718
:10A86000C6FA059B089A06999B180593079A039BBD
:10A8700092449B180393029B049A5B180293099BD2
:10A88000013309939A4201D0FFF78AFAFEF74FFF8E
:10A8900001230236387098440137B24501D0FFF7E2
:10A8A0001AFA049B089A06999B180493079A029B2C
:10A8B0008A449B180293059B039A5B180593099B96
:10A8C000013309939A4201D0FFF7DEF9FEF72FFF1B
:10A8D00001239844019B387001370436BB4201D0F4
:10A8E000FFF77BF9059B089A07999B180593069A31
:10A8F000039B9B180393029B5B1801990293099B8E
:10A900008918049A0133099301919A4201D0FFF703
:10A910003CF9FEF70CFF3B7858430012C0B2FFF73A
:10A9200045F93B781818FF2800DDFF20C0B2FFF77B
:10A930003DF9237858430012C0B2FFF73BF8237863
:10A940001818FF2800DDFF20C0B2FFF733F83B786E
:10A950001818FF2800DDFF20C0B2FFF7B1F83B78E0
:10A9600058430012C0B2FFF7ABF83B7858430012CF
:10A97000C0B2FEF7A4FF3B781818FF2800DDFF20C7
:10A98000C0B2FEF79CFF3B7858430012C0B2FFF7FD
:10A9900093FA3B781818FF2800DDFF20C0B2FFF7BC
:10A9A0008BFA3B7858430012C0B2FFF70AFA3B78A3
:10A9B0001818FF2800DDFF20C0B2FFF702FA3B782D
:10A9C0001818FF2800DDFF20C0B2FFF76EF93B78B2
:10A9D00058430012C0B2FFF768F93B7858430012A1
:10A9E000C0B2FEF7E4FE3B781818FF2800DDFF2018
:10A9F000C0B2FEF7DCFE3C00DC464746059D069BE8
:10AA00000137ED18079B9C44049BBB4201D1FEF724
:10AA10008EFE009BB8461A069146029ADB43934687
:10AA2000DBB2AB445A46039323002E00E346644650
:10AA30001F000192059514E0012D34D0022D0BD199
:10AA40003378181AC243D2171040C0B2009A002AB5
:10AA500002D0FC2A1FD93070019B01360134B34269
:10AA6000C9D0524622212378555C19021A040B439F
:10AA700013434A4613430B933868EEF7FDF8032D52
:10AA800018D0D9D9042DE7D13378181AC2178018F5
:10AA90005040C0B2DAE7039A5343009A50431B1860
:10AAA0001B0A3370D8E73378C018FF28F1DDFF2088
:10AAB000C0B2CBE7337858430012C0B2C6E7434672
:10AAC0000293049BCA465C469946039A0599029BE9
:10AAD000894406990133521807990293994201D18A
:10AAE000FEF725FE019B4F461906DB43DBB2A1466C
:10AAF000002588469B461400039714E0012E45D09C
:10AB0000022E0BD13B78181AC243D2171040C0B2A4
:10AB1000019A002A02D0FC2A27D93870009B0135FF
:10AB20000137AB422DD00722EB10E35CAA4313415F
:10AB300051462222DB07DB17DBB28E5C19021A04B6
:10AB40000B431343424613430B934B461868EEF7EF
:10AB500093F8032E21D0D1D9042EDFD13B78181AD7
:10AB6000C21780185040C0B2D2E75A465343019AE8
:10AB7000013550431B181B0A3B70009B0137AB4249
:10AB8000D1D1039B22004C4699469FE73B78C018E1
:10AB9000FF28E8DDFF20C0B2BAE73B785843001237
:10ABA000C0B2B5E7019B5C469C46039D059F26E726
:10ABB0000B1E01DCFEF7BBFD07218846009900292A
:10ABC00001DCFEF7B4FD00211E00634694464A46B0
:10ABD000A946009D8B4600201100B2461A0003E0F2
:10ABE0000C54013085421AD0165C002EF9D0644610
:10ABF000C310E45C434683431C4101231C40644270
:10AC0000E4B2FC2EECD80B5C1F00F343DBB27B43B9
:10AC100066439B191B0A0B5401308542E4D1130093
:10AC20000A005946564605980131121806984B44B9
:10AC300084448E42CED1FEF77AFD002801DCFEF777
:10AC400076FD002C01DCFEF772FD079A6646904601
:10AC5000069A002794469946049C029BA2460096B9
:10AC600000222E001C00BB460D0003E0B15401324F
:10AC7000944212D0A85C0028F9D0009B995CFC2873
:10AC8000F4D8B35C1F00C343DBB27B4348431B18BB
:10AC90001B0AB35401329442ECD15F4629002300D1
:10ACA00035005446009E0137654446444944BC4241
:10ACB000D4D1FEF73CFD002A01DCFEF738FD002769
:10ACC000002E01DCFEF733FD069B3C009A46089BF4
:10ACD00037009946039B029E984641460022A346B0
:10ACE000009605E0009B9C5401320231974216D039
:10ACF0004878AB5C43431B12F6D00C78FC2BF1DC9C
:10AD000000980231805C0600D843C0B263437043B0
:10AD1000C018009B000A985401329742E8D15C4663
:10AD2000009E059B01345644C8446544A342D4D1D7
:10AD3000FEF7FDFC002A01DCFEF7F9FC002E01DC29
:10AD4000FEF7F5FC0022039B9246FC229846D200B7
:10AD500091467600049AB04447469B4690465C462E
:10AD60004546029E05E03070023401350136A742A7
:10AD70001CD04946F8201F2223880A4300025BBAF0
:10AD800010431840EDF750FF2B78002BECD0FC2B34
:10AD9000E9D8DA433178D2B24A434343D218120A8F
:10ADA0000234327001350136A742E2D1029B069A85
:10ADB0009B18089A029390440122079B92449B445B
:10ADC000FF18059B5345CAD1FEF7B1FC002801DCF2
:10ADD000FEF7ADFC002E01DCFEF7A9FC73009A46DD
:10ADE00000239946029B5244170088469B465346CF
:10ADF00045465E46FC1A05E03070023401350136E6
:10AE0000A74214D02088EDF70FFF2B78002BF4D049
:10AE1000FC2BF1D8DA433178D2B24A434343D218FB
:10AE2000120A0234327001350136A742EAD1079B7B
:10AE30009B44089B984401239944069BFF18039B5D
:10AE40004B45D4D1FEF773FC002A01DCFEF76FFC02
:10AE50004B46002B01DCFEF76AFC00239846029B60
:10AE60004D449A46039B9B464B4654465F46EE1A1A
:10AE700005E03870013604340137B5421FD06278DE
:10AE8000237812021A43A378E0781B0413430006C8
:10AE90001843EDF7F1FEE278337853431B12E9D003
:10AEA000FC2BE6DCDA433978D2B24A434343D2186A
:10AEB000120A01363A7004340137B542DFD1069BDD
:10AEC0009B44079B9A4401239844089BED18049BDC
:10AED0004345C9D1FEF72BFC002A01DCFEF727FC15
:10AEE0004B46002B01DCFEF722FC00239846029B18
:10AEF0004D449A46039B2F009B464B4655465E4663
:10AF0000FC1A05E03070013404350136A74214D034
:10AF10002800EDF7A3FE2378002BF4D0FC2BF1D80A
:10AF2000DA433178D2B24A434343D218120A013489
:10AF3000327004350136A742EAD1079B9B44069B39
:10AF40009A4401239844089BFF18049B4345D4D19D
:10AF5000FEF7EDFB002801DCFEF7E9FB002B01DC2E
:10AF6000FEF7E5FB59008946994400239A46039B66
:10AF70004A449B46029B170098464B465D46464610
:10AF8000FC1A05E03070033401350136A74214D0B5
:10AF90002000EDF763FE2B78002BF4D0FC2BF1D8CA
:10AFA000DA433178D2B24A434343D218120A033407
:10AFB000327001350136A742EAD1079B9844089BBD
:10AFC0009B4401239A44069BFF18049B5345D4D10C
:10AFD000FEF7ADFB02930BAC84E500230493009BCA
:10AFE00008961A06DB439346DBB20193029B089A4C
:10AFF0001D009B1899462223039F984613E0012CBD
:10B000005ED0022C0BD12B78181AC243D2171040F5
:10B01000C0B2009A002A02D0FC2A36D92870013525
:10B020000237A9453CD03988424649BA8BB29C4682
:10B0300053469C5C1F230B404905890E0A01521A96
:10B040009200521811015218FF2109020A4061466C
:10B05000CA48C90A43431B041B0E13435A464843BC
:10B060000012C0B20004034313430B930B98EDF797
:10B0700003FE032C2BD0C2D9042CD0D12B78181A64
:10B08000C21780185040C0B2C3E7019A0237534339
:10B09000009A50431B181B0A2B700135A945C2D1D9
:10B0A000029B069A9B180293079A039B9B18039393
:10B0B000049B059A013304939A4297D1FEF737FB1C
:10B0C0002B78C018FF28DEDDFF20C0B2A1E72B7867
:10B0D00058430012C0B29CE70BAC9946A3460195B9
:10B0E000029E039F13E0012D55D0022D0BD13B781A
:10B0F000181AC243D2171040C0B24246002A02D0EA
:10B10000FC2A27DD387001370436B9452DD0009B65
:10B11000F47822225C432312984653469D5C727851
:10B12000337812021343B278240A1204210613431F
:10B130000B430B935B461868EDF79EFD032D25D05E
:10B14000D1D9042DDFD13B78181AC217801850408E
:10B15000C0B2D2E7E443E4B2634350431B181B0A76
:10B160003B7001370436B945D1D1069A039B079944
:10B170009B180393029B91445B180293019B049AD2
:10B18000013301939A42ABD1FEF7D1FA3B78584391
:10B190000012C0B2B1E73B78C018FF28D8DDFF200D
:10B1A000C0B2AAE700990BAC0B069846CB43002629
:10B1B000A3460C00DBB20493059600922223009D67
:10B1C0009946029F13E0012E66D0022E0AD13B78E9
:10B1D000181AC243D2171040C0B2002C02D0FC2C67
:10B1E00036D93870019B02350137AB423BD053460C
:10B1F0004A4628889E5C4005800E0201121A920081
:10B20000121810011218FF202B785C49DB06DB0EA8
:10B210004B4300021B120240DBB2134342466878E4
:10B22000C00841430912C9B209040B4313430B93ED
:10B230005B461868EDF720FD032E28D0C3D9042EF5
:10B24000D0D13B78181AC21780185040C0B2C4E75A
:10B25000049A604353431B181B0A3B70019B023541
:10B260000137AB42C3D10699029B8C46079A0199DC
:10B270009B180293009B039A63440093059B6144CF
:10B280000133059301919A4298D1FEF750FA3B7829
:10B2900058430012C0B2A0E73B78C018FF28D5DDA4
:10B2A000FF20C0B299E7009A0BAC13069846D3432F
:10B2B0000027A3461400DBB2009305972223029DCA
:10B2C0009946039E13E0012F51D0022F0AD1337803
:10B2D000181AC243D2171040C0B2002C02D0FC2C66
:10B2E00022D93070019B01360435B34227D0534632
:10B2F0004A4669789F5C2B78AA78090212040B43AE
:10B300001343424613430B935B461868EDF7B4FCB6
:10B31000032F27D0D7D9042FE4D13378181AC217B6
:10B3200080185040C0B2D8E7009A604353431B18BE
:10B330001B0A3370019B01360435B342D7D1079AFB
:10B34000039B06999B180393029B5B180199029338
:10B35000059B8918049A0133059301919A42ADD156
:10B36000FEF7E5F9337858430012C0B2B5E73378F9
:10B37000C018FF28D6DDFF20C0B2AEE73A080000B3
:10B380000023C84304930B069B46C2B20192079662
:10B390000091029B079A1D009B1899462223039F48
:10B3A000984613E0012C46D0022C0BD12B78181AAA
:10B3B000C243D2171040C0B2009A002A02D0FC2A21
:10B3C0001ED9287001350237A94524D0524641467E
:10B3D0003B78545C19021A040B4313435A46134337
:10B3E0000B930B98EDF748FC032C2BD0DAD9042CE7
:10B3F000E8D12B78181AC21780185040C0B2DBE78A
:10B40000019A02375343009A50431B181B0A2B70B2
:10B410000135A945DAD1029B069A9B180293089A36
:10B42000039B9B180393049B059A013304939A4250
:10B43000AFD1FEF77CF92B78C018FF28DEDDFF20A6
:10B44000C0B2B9E72B7858430012C0B2B4E70099F4
:10B450000BAC0B069846CB430026A3460C00DBB290
:10B460000393009205962223009D9946029F13E0C4
:10B47000012E52D0022E0AD13B78181AC243D2179D
:10B480001040C0B2002C02D0FC2C22D93870019B95
:10B4900003350137AB4227D053464A4669789E5C54
:10B4A0002B78AA78090212040B4313434246134334
:10B4B0000B935B461868EDF7DFFB032E28D0D7D936
:10B4C000042EE4D13B78181AC21780185040C0B23D
:10B4D000D8E7039A604353431B181B0A3B70019B38
:10B4E00003350137AB42D7D10699029B8C46079AA8
:10B4F00001999B180293009B049A63440093059B57
:10B5000061440133059301919A42ACD1FEF70FF9E2
:10B510003B7858430012C0B2B4E73B78C018FF280C
:10B52000D5DDFF20C0B2ADE7002A01DCFEF7FFF851
:10B53000002E01DCFEF7FBF800229046079A039BE1
:10B540009346029AFC2791469A4676009E19FF0080
:10B5500054464D46F8201F2223883A4300025BBA26
:10B5600010431840EDF760FB023428700135A64205
:10B57000F0D1069BDA44994401239844059B5E442C
:10B580004345E5D1FEF7D3F8002801DCFEF7CFF8FC
:10B59000002E01DCFEF7CBF873009846079B42446F
:10B5A0009A46069B17009B46029B002699464346F7
:10B5B0004D46FC1A2088EDF737FB02342870013520
:10B5C000A742F7D1039B0136D1445F44B342EED189
:10B5D000FEF7ADF8002A01DCFEF7A9F84B46002B78
:10B5E00001DCFEF7A4F80E00079A4E449246069A34
:10B5F00000279346029A8946904645464C462800C5
:10B60000EDF72CFB207001340435A642F7D1049BE2
:10B610000137D144D8445644BB42EED1FEF787F8F7
:10B62000079B002B01DCFEF782F80026012400288E
:10B6300001DCFEF77CF8079B07009C46059B48460B
:10B640009846069BB246994600210726CB10D35C4C
:10B650008E43334123405B42435401318F42F4D146
:10B6600001239A4440444A44D445EDD1FEF75FF8A3
:10B67000002801DCFEF75BF8069B27009946079B34
:10B68000002480469A466646310028003A0001347C
:10B69000D9F7EAFE4D445644A045F5D1FEF747F8E8
:10B6A000002801DCFEF743F8002B01DCFEF73FF831
:10B6B0005F00B8469844079B42449A46069B160092
:10B6C0009B46029B0027994643464D46F41A2000AC
:10B6D000EDF7C4FA033428700135A642F7D1049B74
:10B6E0000137D1445E44BB42EED1FEF720F8002A78
:10B6F00001DCFEF71CF84B46002B01DCFEF717F8C7
:10B700000E00069A4E449246079A00279346029AE4
:10B710008946904644464D4604E02870013504347D
:10B72000AE4219D06278237812021A43A378E078E7
:10B730001B04134300061843EDF79EFAE378002B31
:10B74000ECD0FC2BE9D8DA432978D2B24A43434300
:10B75000D218120A2A70E1E7049B0137D144D84479
:10B760005644BB42D6D1FDF7E2FF002A01DCFDF7CB
:10B77000DEFF002E01DCFDF7DAFF9C46069B0399F5
:10B780009846089B00229A468B4676008E195B46A7
:10B79000029804E00770023301309E420ED05978BF
:10B7A0000029F8D01F78FC29F4D8CD430478EDB2F5
:10B7B000654379434919090A0170ECE7029B01329C
:10B7C00043440293D34456449445E0D1FDF7AFFF80
:10B7D000002776003D009719BC1B20880234EDF746
:10B7E00023FAA742F9D1069B0135FF18039BAB4210
:10B7F000F2D1FDF79CFF0027039B079A7500904646
:10B80000FC265A1999463D001700F6004C46F820D0
:10B810001F222388324300025BBA104318400234CF
:10B82000EDF702FABC42F2D1059B0135C144474411
:10B83000AB42EBD1FDF77BFF029B00274E469A46B9
:10B840005546002428000134EDF708FA0435A642D5
:10B85000F8D1069B01379A44049BBB42F0D1FDF717
:10B8600066FF00265F00FF18D519EC1B200003348B
:10B87000EDF7F4F9A542F9D1069B0136ED18049BCA
:10B88000B342F2D1FDF753FFF0B55746DE464E46C0
:10B8900045464368E0B5070098462123806889B093
:10B8A0007A690490FB5C079222229B463B688A4699
:10B8B0009946FB68B9690693FB690593BA5C3B69D5
:10B8C000002A00D1ABE0002800DCA1E04246002ABB
:10B8D00000DCE2E2002B00D134E2002200924C4670
:10B8E0009946222301910294FB5C0D000026032B54
:10B8F0003BD0032B00D9EEE0012B00D10DE1022B50
:10B9000000D085E06278AB78D208DB08D21AD34346
:10B91000DB171A40238869785B0589089B0E5B1A40
:10B92000D943C9170B40D2025B01D318227829787A
:10B93000D206C908D20E521AD143C9170A40981824
:10B9400080B24B469A5D5B462188FC2B2CD85A432B
:10B95000120AEDF7FDF801362080B0452AD02223E7
:10B96000FB5C02345544032BC3D1AA786378D20818
:10B970002088DB0853436A7840059208800E5043C4
:10B980005B118011DB024001181823782A78DB064E
:10B99000D208DB0E53435B11C0184B469A5D5B46E1
:10B9A000218880B2FC2BD2D9EDF7D2F80136208065
:10B9B000B045D4D1029A4B4691460199069A9144DA
:10B9C000059A8918002B00D15BE242464846009C4C
:10B9D000049D01340094A5421AD0079C1B19002A2B
:10B9E00000DC5DE29046814679E70299059843467E
:10B9F0000918029107980399069A091803910121E1
:10BA0000894401999B188918049A01914A451AD1D1
:10BA100009B0F0BCBB46B246A946A046F0BD002B1B
:10BA200000D10DE15A46FC2A00D89BE00028EFDD4A
:10BA30004246002AECDD002052004A4403934B4664
:10BA400081460291019203981D009846029F009042
:10BA500029E0CC43E3B23F24460926405C46A408D3
:10BA60004C435E433619FC24F610E4002640D2080D
:10BA7000C40A4A435C4312191F2420401C0044435B
:10BA800060464143D200D20AD202641832432412E3
:10BA9000121990B2009B019A28800133023500935D
:10BAA0005744AA42A1D0009B288819780029F1D0D8
:10BAB0007C78BA78A3463C78E408A446FF29C8D12C
:10BAC0005946FC20D208C000C9000140D2020A43F6
:10BAD000624490B2DEE7042B9AD16378AA78DB083F
:10BAE000D2089B1ADA179B18208853406A784005C1
:10BAF0009208800E801AC21780185040DB02400165
:10BB0000181823782A78DB06D208DB0E9B1ADA177E
:10BB10009B185340C01880B213E7AB786278DB08FB
:10BB2000D2089B181F2B1BDC2288D8026B78520589
:10BB30009B08920E9B183F2B10DC5B012278C018EB
:10BB40002B78D206DB08D20E9B181F2B02DCC01804
:10BB500080B2F6E61F23C01880B2F2E63F23ECE77E
:10BB60001F23E1E7002800DC52E74246002A00DC00
:10BB70004EE752004A4490465A460292079A0027DE
:10BB800094464A46069CB9460692424698460B00A1
:10BB90001D009B466346079353464646A2460698B9
:10BBA000019330E0D9433F270488C9B2A4460091ED
:10BBB000640969783C40009F89087C435943FC270D
:10BBC00009196446C910FF000F40A9780397009F28
:10BBD000C908E40A7C43594309192C78039F090AD0
:10BBE000E408C9026343394364461F273C40009F71
:10BBF0007C431B191B12C9180180023090420AD0E5
:10BC0000019B0136ED18337802994B431B12C9D1C1
:10BC100002308242F4D1079954468C4601995B4622
:10BC20008A460699E0448B46A344594606910599F5
:10BC300012195B180121894404994945A8D1E7E606
:10BC40005B46FC2B53D8002800DCE1E64346002B82
:10BC500000DCDDE65B46002B00D1D9E643465F0001
:10BC60005B46DE43FC23DB0098461F2300254F4440
:10BC70009C464B46B946F7B25E46AB4655460091E8
:10BC80000193AA46019C00983F2321884A091A4043
:10BC900043787A439B087343D2184346D2101A4024
:10BCA0008378CD0ADB087D4373435B1965461B0A25
:10BCB000DB02134302782940D208724379435218B9
:10BCC00012129B18238002345044A145DCD1019B01
:10BCD000069A05999B180193009B55465B180093A3
:10BCE00001239B44049B91445B45CAD190E6002804
:10BCF00000DC8DE64246002A00DC89E6069BFC2536
:10BD00009C46059B5746002680468B469A46540023
:10BD10004C44ED005A4648469378DB08D9025378E4
:10BD2000DB002B400B431178D219C908CB180380D4
:10BD300002308442F0D10136E144D3446444B0453A
:10BD4000E8D165E6009343465B004B4401934346CC
:10BD50004C460D00222688460293BB5D032B56D02D
:10BD600032D8012B6DD0022B00D051E66278AB782F
:10BD7000D208DB08D21AD343DB171A40238869782C
:10BD80005B0589089B0E5B1AD943C9170B40D20289
:10BD90005801237810182A78DB06D208DB0E9B1A8C
:10BDA000DA43D2171340C01880B25A462188ECF704
:10BDB000CFFE019A2080023400235544A242CCD108
:10BDC000029A41469046F9E5042B00D020E66378BC
:10BDD000AA78DB08D2089B1ADA179B1820885340F0
:10BDE0006A7840059208800E801AC2178018504069
:10BDF000DB024001181823782A78DB06D208DB0E14
:10BE00009B1ADA179B185340C01880B2CDE7AA7866
:10BE10006378D2082088DB0853436A78400592088B
:10BE2000800E50435B118011DB024001181823780B
:10BE30002A78DB06D208DB0E53435B11C01880B2B0
:10BE4000B3E7AB786278DB08D2089B181F2B16DCAF
:10BE50002288D8026B7852059B08920E9B183F2BC4
:10BE60000BDC5B012278C0182B78D206DB08D20EDF
:10BE70009B181F2BC8DD1F23C6E73F23F1E71F23B5
:10BE8000E6E7009B049A013300939A4200D1BFE594
:10BE90004346002B00DD56E7BAE5002200928DE50F
:10BEA000069C0019059C091991E5C046F0B5DE46CF
:10BEB00057464E4645460400E0B5436889B00093B6
:10BEC000836880690193ECF701FE2369E77E9A4657
:10BED000236806009B46E36802935346002B00D17B
:10BEE000AAE063690393019BFC2F69D9002B60DDF5
:10BEF000009B80465A1E06920022023B0492079342
:10BF0000534601220027134200D08BE0069BBB4220
:10BF100028DD53460122DD19079B7C00DB1B934380
:10BF2000FE1805935B4676000433F6189D4B5C447F
:10BF300099464346B84637001E0005E0002B64D101
:10BF400004340235BC4208D02B884B45F6D12680FC
:10BF5000668004340235BC42F6D14746B046059BA4
:10BF60000237FF18009BBB4219DD5B467C001D19A0
:10BF70005346DA5D5B464046195BECF7E9FD009BF2
:10BF800001372880BB420ADD5B4602341D19534647
:10BF9000DA5D5B464046195BECF7DAFD2880029BD0
:10BFA000019A9B44039B9A44049B013304939A4255
:10BFB000A6D109B0F0BCBB46B246A946A046F0BD2A
:10BFC000002BF6DD009B002BF3DD5B005B44984605
:10BFD00000234646994680465C4655462A78218885
:10BFE0007A434046120AECF7B3FD20800234013553
:10BFF000B442F3D1039A029B924401229B44F61867
:10C00000019B91444B45E7D1D3E72A782188300042
:10C01000ECF79EFD20806A7830006188ECF798FD8F
:10C0200060808DE71A785B4640461988ECF790FDF2
:10C030005B460137188069E7019BFC2F00D888E038
:10C04000002BB6DD009B02995A0094460F22013B5B
:10C0500093435B000204009313186046091A02918F
:10C060000021100C1043894601275A466146541896
:10C07000009903258A4692442A4201D01680023252
:10C08000524522D251464D1EA91A90468B461F2971
:10C0900000D8FCE007252A4200D0F8E05A465209B1
:10C0A0009246551C00214246013113605360936053
:10C0B000D360136153619361D36120328D42F3D811
:10C0C0005246550142462032AA18944239D9611E7F
:10C0D000891A4D089246AB460B2918D939005508E4
:10C0E000904629402F4202D0951CA8461680022572
:10C0F00079401540594452194D08AD00AD1801C2A0
:10C100009542FCD10F4217D0B9434A004244911CDA
:10C1100016808C4210D9111D56808C420CD9911D6D
:10C1200096808C4208D90231D6808C4204D90231E3
:10C1300016818C4200D956815246594602324D0032
:10C1400052190299521801218944019949458DD10A
:10C150002FE7002B00DC2CE75B461B888046013371
:10C160009946009B023B059300239A4603935B4646
:10C170000322002613426AD1059B9E4233DA012234
:10C18000009B7400033B9B1B93439D1904935B46E8
:10C190006D000433ED1843465C44B0462E001D008C
:10C1A00010E0C046FFFF00003A002800ECF7D0FC8A
:10C1B0003A00208061882800ECF7CAFC60800434D3
:10C1C000A6420BD0218863888B42EDD122684A4574
:10C1D00047D1534623600434A642F3D14646A846CD
:10C1E000049B0236F618009BB34246DD5B467400A2
:10C1F0003A00195B40461D19ECF7AAFC009A731C23
:10C2000028809A4239DD5946A31CCD183A00404691
:10C21000C95AECF79DFC009A02362880B2422CDD08
:10C220005B4604343A00195B40461D19ECF790FC5C
:10C23000039B019A013328800393934200D1B8E60F
:10C24000029B03229B445B460026134297D05B4629
:10C250003A0019884046ECF77BFC5B4601261880C3
:10C260008AE722681900914628003A00ECF770FC32
:10C270002080608023689A46A1E7029B019A9B4434
:10C28000039B013303939A4200D070E791E6514635
:10C290005D46136053609360D36013615361936193
:10C2A000D36120329142F4D86A09924608E7C04629
:10C2B000F0B5DE4657464E4645462023E0B5C35C02
:10C2C0000400063BDBB289B0152B06D8CB4A9B0095
:10C2D000D3589F460321FFF7D7FA09B0F0BCBB46FD
:10C2E000B246A946A046F0BD21234269C35C039231
:10C2F00022229846036881689A46C3688B46009359
:10C30000836946689946C3690193825C0369002A80
:10C3100000D181E30029E0DD002251464846002E8D
:10C3200001DC01F06EF8002B01D102F002F92700C8
:10C330000692720004924A461C00160005933B00C8
:10C34000554637001E00049952180292388843BAA5
:10C350009BB2DA0A94462222B25C5909032A01D11F
:10C3600001F018FA01D901F0B4F8012A01D101F065
:10C37000EEF9022AB1D1002829D01F2228781340D3
:10C38000C006C00EC01AC3436246DB1718406B7864
:10C39000DB089B1ADA43D21713403F22DB02C01896
:10C3A0002B880A405B059B0E9B1ADA43D217134079
:10C3B0005B01C01880B2434629882278FC2B01D942
:10C3C00001F0D7F85A43120AECF7C2FB2880029B0F
:10C3D000023702350134BB42B8D152460099059B61
:10C3E000521892464A460199370052189146039ACC
:10C3F0009B18069A0132069293459CD16DE74368DB
:10C400008168994621230191C35C07699B460368B3
:10C4100042690093C368029383699C46C36903938E
:10C420002223C35C002B01D100F013FC002900DCA7
:10C4300053E700239A464B46002B00DC4DE7A0460D
:10C440003C0067460492002C01D101F0DBFC002681
:10C45000009DB300F95C222043461B5CCA08890892
:10C46000032B01D101F068FA01D901F087F8012B03
:10C4700001D101F0C9F9022B00D02EE76878C0087D
:10C48000801AC343DB1718402B88C0025B059B0E44
:10C490005B1AD943C9170B405B01C0182B78DB0628
:10C4A000DB0E9B1ADA43D2171340C01880B25B46EA
:10C4B0002988A25DFC2B01D900F06DFF5A43120AB6
:10C4C000ECF746FB01362880B14501D100F06BFF47
:10C4D0000235BEE70421FFF7D7F9FEE6436880681E
:10C4E00098462123E2680090E15C0492A2692368E7
:10C4F0009346E26927690192626994462222A25C0E
:10C50000002A00D1C2E2002800DCE6E60022039205
:10C510004246002A00DCE0E602936346A246B946A2
:10C520000C0005934B46002B01D101F0F5FD53465D
:10C5300022229B5C5E460027029D032B43D0032BE7
:10C5400001D901F076F8012B01D101F078F9022B25
:10C5500000D0C2E66878B378C008DB08C01AC343CD
:10C56000DB1718402B8872785B0592089B0E9B1A8C
:10C57000DA43D21713405B01C002C0182B7832781F
:10C58000DB06D208DB0E9B1ADA43D2171340C01821
:10C5900080B24B462988DA5DFC2C01D900F040FFBF
:10C5A0006243F37801375A43120CECF7D1FA288032
:10C5B000B84501D100F03CFF534622229B5C043673
:10C5C0000235032BBBD1B3786878DB08C008584329
:10C5D0002B8872785B0592089B0E534340119B1188
:10C5E0005B01C002C0182B783278DB06D208DB0E64
:10C5F00053435B11C01880B2CBE7C046BCC40310E4
:10C6000043688268994621230192C35C07699C466E
:10C6100003680093C368049383699A46C3690293CD
:10C62000436903932223C35C002B00D1E1E3002A7A
:10C6300000DC52E6002306934B46002B00DC4CE660
:10C64000A0463C006746002C01D101F060FC0025AB
:10C65000009E5146AA00D310CB5C072191430B41A9
:10C660000122222113404246525C5B42DBB2032A84
:10C6700001D101F039F901D900F0C4FF012A01D13B
:10C6800001F01FF9022A00D027E6FC20DA00C000E2
:10C690000240D808C0020243DB089B1831889BB2D5
:10C6A0000020994201DDCB1A98B2625DFC2F01D9BE
:10C6B00000F08BFE7A43120AECF74AFA013530801B
:10C6C0004D4501D100F089FE0236C2E7436881681A
:10C6D00098462123C35C8A460093036882699B467F
:10C6E000C36807690293C369039343699C46222385
:10C6F000C35C002B00D112E3002900DCEDE5002330
:10C7000005934346002B00DCE7E5634681463C0089
:10C7100004920693002C01D101F081FC4B462220AB
:10C72000049F019439781B5CCA085D46002689087D
:10C73000032B41D0032B01D900F0A0FF012B01D125
:10C7400001F047F8022B00D0C7E56878C008801ACE
:10C75000C343DB1718402B88C0025B059B0E5B1A96
:10C76000D943C9170B405B01C0182B78DB06DB0EE1
:10C770009B1ADA43D2171340C01880B2019B298854
:10C780009A5D009BFC2B01D900F087FE5A437C7810
:10C7900001366243120CECF7DBF92880464501D1E3
:10C7A00000F083FE4B462220397A1B5C0837CA080A
:10C7B00002358908032BBDD12B8868785B05C0083A
:10C7C0009B0E50434B4340119B115B01C002C018AC
:10C7D0002B78DB06DB0E53435B11C01880B2CDE72C
:10C7E0004368626998462123E75C0392222223680A
:10C7F00080689946E36882469B46E369A169009395
:10C80000A25C2369002A00D15DE3002800DC64E516
:10C810004246002A01DC02F05FFA002B01D102F04F
:10C8200010F90022049201970E0027004D460024C3
:10C83000029305912223FB5C032B01D100F03DFF05
:10C8400001D900F06AFE012B01D100F058FF022B44
:10C8500000D042E5318800292CD06A787378D2085C
:10C86000DB08D21AD343DB171A402B8849055B0536
:10C87000890E9B0E5B1AD943C9170B40D2025B018C
:10C88000D31831782A78C906D206C90ED20E521AA8
:10C89000D143C9170A409B1898B2029B29881A5D98
:10C8A000019BFC2B01D900F05FFE5A43120AECF702
:10C8B0004FF92880013402360235A045BAD13C0038
:10C8C000029B0599019F4A465A449146009A89184D
:10C8D000002B01D102F0F3F9049A0132049292453F
:10C8E00000D1FAE4039A9B184246002A9BDC4A4690
:10C8F0005A449146009A8918EEE743688268984640
:10C9000021230392C35C019303689B46C36804938D
:10C9100083699A46C3690593036902934369069341
:10C920002223C35C002B00D11DE1002A00DCD4E4EB
:10C93000002399464346002B00DCCEE40700029B0F
:10C94000002B01D101F071FC22230097009A54467C
:10C95000D35C5D460026032B44D0032B01D900F0A5
:10C960002CFE012B01D100F08BFF022B00D0B4E490
:10C970006878A378C008DB08C01AC343DB171840E7
:10C980002B8862785B0592089B0E9B1ADA43D217BC
:10C9900013405B01C002C0182B782278DB06D20856
:10C9A000DB0E9B1ADA43D2171340C01880B2029BE9
:10C9B00029889A5D019BFC2B01D900F04FFD5A4359
:10C9C000E77801367A43120CECF7C2F82880B045BC
:10C9D00001D100F04BFD2223009A0434D35C0235D0
:10C9E000032BBAD1A3786878DB08C00858432B889A
:10C9F00062785B0592089B0E534340119B115B01CB
:10CA0000C002C0182B782278DB06D208DB0E534315
:10CA10005B11C01880B2CAE7002B00D1D1E34246B7
:10CA2000FC2A01D900F0CDFF002900DC55E4002EDE
:10CA300000DC52E4002276004E44049202934D46FC
:10CA40005446029F43463A7828885A4340BA218880
:10CA5000120A80B2ECF77CF80235208001370234EC
:10CA6000AE42EFD15346009A03999B189A464B4623
:10CA7000019A9B189946029BB6185B180293049B77
:10CA8000013304939B45DAD1FFF727FC002F00D137
:10CA900039E3FC2901D900F0CBFF002801DCFFF7C6
:10CAA0001CFC4246002A01DCFFF717FC55005A190E
:10CAB000029363460693049B00258A469146594695
:10CAC0009C46039704950E00029A039805912BE06B
:10CAD0003F27D94314887578A04664093C40FC2759
:10CAE000C9B2AD084C435D432D19FF00ED103D4028
:10CAF0004746AB46B478FD0AE4084D435C436419ED
:10CB00005D46240AE4022C433578ED086B433D0072
:10CB10001F273D40694359180912641814800232D6
:10CB20004A450BD004360130F17803784B43514627
:10CB30004B431B14CCD102329145F3D1029B059992
:10CB400063440293019B069AC918039B9B184A46AB
:10CB500003936244049B9146009A013304939A42E2
:10CB6000B1D1FFF7BAFB029B002B00D159E3019B27
:10CB7000FC2B01D901F0DBF8002A01DCFFF7ADFB4B
:10CB80004346002B01DCFFF7A8FB9B000024534425
:10CB900099460794029C56465F46A046F1780029C4
:10CBA0003AD03B88019A1D00009343461C784C43C1
:10CBB000544324142ED0FF200002D4F757FB6909F8
:10CBC0003F25E2432940FC257378D2B243431B043E
:10CBD0009B0E514363435B18B178ED004143DB107A
:10CBE0002B40009D0904C90EED0A614355434919C4
:10CBF000C900C90AC9020B43317848430004C00E7A
:10CC000044431F20009901404A43A41824121B19D1
:10CC10009BB20093009B3B8001230436023798446B
:10CC2000B145BBD15B46049A06999B189B46534677
:10CC3000059A9B189A46029B5B1849460293079BEC
:10CC40008918039A0133894607939A42A2D1FFF7C4
:10CC500044FB5B46002F00D149E3FC2B01D900F0D7
:10CC6000ACFF0B1E01DCFFF738FB48460021002813
:10CC700001DCFFF732FB64469C460098029E019758
:10CC80000294059204910022070001005846019B7E
:10CC90009B5C43431B122FD0DD430298EDB2805CB6
:10CCA000AA4604003F250094E4085C430888A04697
:10CCB00044092C4055466C43009D0132AD086B433E
:10CCC000E418FC235546DB00E4101C40C30A6B4308
:10CCD00043441B0ADB021C431F23184045434544C1
:10CCE0002D1264190C80914509D05846019B0231E0
:10CCF0009B5C43431B12CFD101329145F5D1029B7E
:10CD0000039AB8199B180293059A019B9B180193EB
:10CD1000049B013304939C45B5D1FFF7DEFA009BD9
:10CD2000002F00D162E1FC2B01D900F0A2FF0B1E05
:10CD300001DCFFF7D2FA4146002901DCFFF7CDFA0A
:10CD40004E0091198A461900634600200497059207
:10CD500006930F0084465946049A059E29E0DD4358
:10CD60003078EDB20400A9463F250194E4085C4305
:10CD70000888A04644092C404D466C43019D02366C
:10CD8000AD086B43E418FC234D46DB00E4101C4067
:10CD9000C30A6B4343441B0ADB021C431F23184096
:10CDA000454345442D1264190C8056450BD0023181
:10CDB0000132107873784343009843431B14CED15B
:10CDC0000236B245F3D15B46029A069C9B189B46FD
:10CDD000039A059B60469B180593049B01301B1921
:10CDE000049353469B1839009A46B842B1D1FFF7D5
:10CDF00074FA6346002F00D1A0E0FC2B01D900F0AB
:10CE000079FE002A01DCFFF768FA4B460021002B6F
:10CE100001DCFFF762FA6346BB46049A009F049167
:10CE2000009394465B46002200999B5C3C004B4378
:10CE300005971B1231D05046D110415C072090431A
:10CE40000141012001404942C80E58433F27804616
:10CE5000D8432688C0B275093D40890E45434B43EF
:10CE6000EB18FC25DB10ED002B40F50A454345444B
:10CE7000ED00ED0AED021D431F231E4070434044A8
:10CE800000122D1801322580914509D05B4600998A
:10CE90009B5C02344B431B12CDD101329145F5D13D
:10CEA0005346029962465B189A465B460399059F72
:10CEB0005B189B46049B01990133BF180493994268
:10CEC000AFD1FFF70AFA002B00D1EFE0FC2F01D918
:10CED00000F047FD002801DCFFF7FFF94246002A79
:10CEE00001DCFFF7FAF900205200B84604900193E4
:10CEF00002918F184C46029D019E4346327821884C
:10CF00005A432888120AEBF723FE023520800136A7
:10CF10000234AF42F1D14B465B44009A9946029BE2
:10CF200003999B180293019BBF185B180193049B04
:10CF3000013304939A45DDD1FFF7CFF9FC2B01D9DA
:10CF400001F0BCFB002A01DCFFF7C7F94B46002BC0
:10CF500001DCFFF7C2F96346002B01D1FFF7BDF9F1
:10CF6000DE4300221F23614698469346F6B28C4664
:10CF70000021009D5046CB10C35C0720884303412D
:10CF8000012064463F2703402A885B42D80E604355
:10CF900054093C4067469B0E7B437443E418FC23D2
:10CFA000E410DB001C40D30A73431B18DB00DB0AD0
:10CFB000DB022343444622407243121812129B188C
:10CFC00001312B8002358945D4D1009B049A6146FA
:10CFD0009B1800935346029A9B189A465B46019A07
:10CFE00001339B469A42C2D1FFF777F9FC2B01D956
:10CFF00001F027FC002901DCFFF76FF94346002B05
:10D0000001DCFFF76AF95E009619B446BA461600CD
:10D0100063463200B44600981E0053780F00434325
:10D0200059461B122DD0DD431078EDB20400A946FD
:10D030003F250194E4085C430888A04644092C403D
:10D040004D466C43019D0232AD086B43E418FC234E
:10D050004D46DB00E4101C40C30A6B4343441B0AEB
:10D06000DB021C431F231840454345442D1264191D
:10D070000C80B24208D053780098023143431B120F
:10D08000D1D102329642F6D1330066469C465B46C9
:10D09000029A39009B189B46039BF6189C44534602
:10D0A00001339A469F42B3D1FFF717F9FC2F01D9FC
:10D0B00001F0EEFA002801DCFFF70FF94346002BE0
:10D0C00001DCFFF70AF95E00002388468E19019300
:10D0D00045464C46218828883A00EBF739FD023551
:10D0E00020800234AE42F5D14B465B44994643461C
:10D0F00000995B189846019B7618013301939A4575
:10D10000E6D1FFF7EAF8FC2901D901F034FB002849
:10D1100001DCFFF7E2F84246002A01DCFFF7DDF808
:10D12000520094469C4499463A00884663461F0044
:10D130005B464146D878944648434A4600122DD073
:10D14000C1433F2514885E78A2466409C9B22C40C9
:10D15000B6084C434643FC2536195446ED00F610FC
:10D160002E409D78E40AED084C4345432D191C7868
:10D170002D0AE408ED026043354354461F2634402F
:10D180006143411809126D1815800232BA4208D065
:10D190004146D879043348430012D1D10232974234
:10D1A000F6D1494604986246091889465946019CB9
:10D1B000013209198B4600993B189142B7D1FFF70C
:10D1C0008CF84346FC2B01D901F0E8FB002901DC77
:10D1D000FFF783F8002E01DCFFF77FF80027B84641
:10D1E0001F0076004E444D4654462888218840BA98
:10D1F0003A0080B2EBF7ACFC023520800234AE423C
:10D20000F3D15346009A01999B189A464B465B18F6
:10D21000994643460133984676189B45E3D1FFF77C
:10D220005CF8019BFC2B01D901F062FB002A01DCB8
:10D23000FFF753F84346002B01DCFFF74EF85B0085
:10D2400000265B449846009657463C005F46E178CE
:10D25000002935D0019D3E884D432D122FD0FF204F
:10D260000002D4F703F86378EA4343431B049B0EA0
:10D270006B439C463F237109D2B2194051430B00C6
:10D28000FC216344C900DB100B409946A178F30AE6
:10D2900041430904C90E53436943C9184B46C900A9
:10D2A000C90AC9020B43217848431F2100040E40DC
:10D2B000C00E72434543AD182D125B199EB23E80DD
:10D2C00002370434B845C2D15B46049A05999B18CD
:10D2D0009B4653465B1841469A46009B8918039A21
:10D2E0000133884600939A42AED1FEF7F6FFFC2B3D
:10D2F00001D901F016FA002901DCFEF7EEFF4A46DB
:10D30000002A01DCFEF7E9FF002B01D1FEF7E5FF63
:10D31000570000220099DE43CF19E246B9468C46F9
:10D3200093461F00F6B26446D046009443463F2120
:10D330002288187853090B40FC21C50880087843DF
:10D3400073431B18C900DB100B401F21D00A7D431B
:10D3500070430A4072434019000AC0025219034345
:10D3600012129B182380012302349844A145DDD179
:10D37000009B03999C4653465B1849469A465B4678
:10D38000029A013389189444019A9B4689469A422D
:10D39000C9D1FEF7A2FFEBF7DBFB01362880B145D0
:10D3A00001D0FFF795F85346019A01339A469A4205
:10D3B00001D1FEF792FF009B029A9B180093039BFA
:10D3C000FF18049BE418FFF73EF8EBF7C1FB0135AB
:10D3D0003080A94501D0FFF777F9069B019A013308
:10D3E0000693934201D1FEF778FF009B049A9B18A5
:10D3F00000935346029A9B189A46039BE418FFF742
:10D4000022F9009D4919019D4019002B01D101F01D
:10D410007AF8039D01325B199345F2D1FEF75DFF67
:10D42000EBF796FB01372880B84501D0FFF7C4F829
:10D43000039B009A013303939A4201D1FEF74DFFFB
:10D44000029B049A9B1802935B46019A9B189B4689
:10D450004B46059A9B189946FFF764F8EBF778FB63
:10D4600001362880B04501D0FFF7B5FA4B46039A44
:10D4700001339946009F9A4201D1FEF72EFF5B4689
:10D48000049A9B189B465346059A9B189A46069AFF
:10D49000029B9B180293FFF752FAEBF759FB0136F8
:10D4A0002880B04501D0FFF77DF9059B019C013331
:10D4B00005939A4501D1FEF710FF5B46029A9B182F
:10D4C0009B46039A049B9B180493069BE418FFF762
:10D4D00021F9042A01D0FEF700FF1F221340624603
:10D4E0002878C006C00EC01AC317C01858406B7801
:10D4F000DB089B1ADA179B1853403F22DB02C01847
:10D500002B880A405B059B0E9B1ADA179B18534029
:10D510005B01C01880B2FEF74EFF042B01D0FEF76E
:10D52000DCFE6B787278DB08D2089B1ADA179B183E
:10D5300053402888328840055205920E800E801A8A
:10D54000C21780185040DB024001181832782B783F
:10D55000D206DB06D20EDB0E9B1ADA179B1853405D
:10D56000C01880B2FFF799F9EBF7F2FA2880FFF7BD
:10D57000A1F9EBF7EDFA2880FEF729FF042B01D083
:10D58000FEF7ABFE6878C008801AC317C018584071
:10D590002B88C0025B059B0E5B1AD9175B184B40AA
:10D5A0005B01C0182B78DB06DB0E9B1ADA179B1881
:10D5B0005340C01880B2FEF77AFF042B01D0FEF76B
:10D5C0008CFE6878A378C008DB08C01AC317C0189F
:10D5D00058402B8862785B0592089B0E9B1ADA17DD
:10D5E0009B1853405B01C002C0182B782278DB06E1
:10D5F000D208DB0E9B1ADA179B185340C01880B272
:10D60000FFF7D5F9042A01D0FEF767FEFC20DA0007
:10D61000C0000240D808C0020243D80880183188F0
:10D6200080B2814201DC00F0DFFE081A80B2FFF711
:10D630003CF8042B01D0FEF750FE6878B378C008A0
:10D64000DB08C01AC317C01858402B8872785B05D6
:10D6500092089B0E9B1ADA179B1853405B01C0027D
:10D66000C0182B783278DB06D208DB0E9B1ADA174B
:10D670009B185340C01880B2FEF78BFF042B01D0DB
:10D68000FEF72BFE6878C008801AC317C0185840F0
:10D690002B88C0025B059B0E5B1AD9175B184B40A9
:10D6A0005B01C0182B78DB06DB0E9B1ADA179B1880
:10D6B0005340C01880B2FFF761F83288DA4B9A42C3
:10D6C00001D1FFF7F7F8288871786B78520540058B
:10D6D000920EC908DB08800E50434B4380115B114A
:10D6E000DB024001181832782B78D206DB06D20E06
:10D6F000DB0E53435B11C01880B2FFF7CEF83388BE
:10D70000002B01D1FFF7D6F872786B78D208DB08CE
:10D71000D2181F2A00DD1F22338829885B0549059E
:10D720009B0E890E5B18D2023F2B00DD3F235B016D
:10D730002978D3183278C906D206D20EC90E5218EB
:10D740001F2A00DD1F229B1898B2FFF7A6F80028B9
:10D7500001D1FEF73CFE1F221A402B78DB06DB0EC0
:10D76000D2181F2A00DD1F226B78DB0863441F2BB1
:10D7700000DD1F23DB02D0183F232A880B4052050F
:10D78000920E9B183F2B00DD3F235B01C01880B237
:10D79000FEF711FEA44A904201D1FEF718FE1F22A7
:10D7A000134062462878C006C00E58436B7840117B
:10D7B000DB0853433F225B11DB02C0182B880A4071
:10D7C0005B059B0E53439B115B01C01880B2FEF7B3
:10D7D000F2FD6B78DB089B181F2B00DD1F23D8029E
:10D7E0002B885B059B0E5B183F2B00DD3F235B0105
:10D7F000C0182B78DB06DB0E9B181F2B00DD1F23C8
:10D80000C01880B2FEF7BAFF6B78DB089B181F2B9D
:10D8100000DD1F23D8022B885B059B0E5B183F2B76
:10D8200000DD3F235B01C0182B78DB06DB0E9B1865
:10D830001F2B00DD1F23C01880B2FEF738FEB3781F
:10D840006A78DB08D2089B181F2B00DD1F232A886B
:10D85000D802737852059B08920E9B183F2B00DD6F
:10D860003F235B012A78C0183378D206DB08D20E3A
:10D870009B181F2B00DD1F23C01880B2FEF789FE06
:10D88000A3786A78DB08D2089B181F2B00DD1F23C2
:10D890002A88D802637852059B08920E9B183F2B6A
:10D8A00000DD3F235B012A78C0182378D206DB080D
:10D8B000D20E9B181F2B00DD1F23C01880B2FFF76C
:10D8C00076F8FC20DA00C0000240D808C00202430B
:10D8D000D8083188801880B2544B4018984200DD37
:10D8E0009AE380B2FEF7E1FEFC20DA00C0000240BD
:10D8F000D808C0020243DB089B189AB294461F2244
:10D90000318813400A4053436246D008CA0A504344
:10D910005B11C002184363469A083F231A400592E0
:10D920001A004B091A401300059A53439B115B01DF
:10D93000184380B2FEF7B9FE2B8868785B05C008F3
:10D940009B0E50434B4340119B115B01C002C0181A
:10D950002B78DB06DB0E53435B11C01880B2FEF759
:10D96000A6FD002801DCFEF7B8FC4246002A01DCD7
:10D97000FEF7B3FC570000229846CF19029201919E
:10D980004C464646019D327821882888EBF7E0F81E
:10D990000235208001360234AF42F4D14B465B445D
:10D9A000009A9946019B03999B18019343465B1883
:10D9B0009846029BBF18013302939A45E0D1FEF7C7
:10D9C0008CFC002901DCFEF788FC002E01DCFEF750
:10D9D00084FC4A46760097190022984602924D46EA
:10D9E000544646462888327840BA218880B2EBF700
:10D9F000AFF80235208001360234AF42F2D15346EF
:10DA0000009A03999B189A464B46019A9B1899468F
:10DA100043465B189846029BBF18013302939B450F
:10DA2000DDD1FEF75AFCC046FFFF0000FEFF0000FC
:10DA3000002801DCFEF751FC4246002A01DCFEF71B
:10DA40004CFC002155005D191A006346A946DC46CE
:10DA50008B46029705936646029C944603962BE0FC
:10DA60003F27C1431388757898465B093B40FC27E4
:10DA7000C9B2AD084B434543ED18FF00ED103D40E2
:10DA80004746AA46B378FD0ADB084D4343435B197A
:10DA900055461B0ADB022B433578ED0868433D00F1
:10DAA0001F273D406943411809125B181380023259
:10DAB0004A4509D004360134F378207858430012DF
:10DAC000CED102329145F5D1039B62469C46019B23
:10DAD00005989C44029B04991B18484602935B4698
:10DAE00040185218009901339B4681469942B2D1A1
:10DAF000FEF7F3FB002A01DCFEF7EFFB4B46002BA1
:10DB000001DCFEF7EAFB0023BC469B460021009D9A
:10DB100021E05443D643A0463F244309F6B22340B4
:10DB2000BF0873437A439B18FC22DB10D2001340DA
:10DB3000C20A72434244D200D20AD2021A431F23BD
:10DB40001840464346443612921990B2013128805B
:10DB5000023589451FD063465A5C2888002AF5D0D3
:10DB60005446CB10E45C07238B431C4101231C402B
:10DB70006442E7B2E40EFF2ACBD1FC22FB00D200C4
:10DB8000FF081340FF023B43E418A0B20131288094
:10DB900002358945DFD1009B049A9B1800935346B8
:10DBA000029A9B189A46039B019A9C445B46013358
:10DBB0009B469A42AAD1FEF790FB002901DCFEF7B2
:10DBC0008CFB4B46002B01DCFEF787FB0023E24673
:10DBD0009B46BC4604920022009920E06F43EB4331
:10DBE000B8463F2780084543FC207409DBB23C401F
:10DBF0005C436419C000E4100440F00A58434044F8
:10DC0000000AC00220431F242640734343441B12D2
:10DC1000C01886B201320E800231914517D063469A
:10DC20009D5C0E88002DF5D05346985CC708FF2DEB
:10DC3000D4D1FC24C300E400C0082340C002034345
:10DC4000FF18BEB201320E8002319145E7D1009B30
:10DC5000029A9B1800935346039A9B189A46049B7A
:10DC6000019A9C445B4601339B469A42B3D1FEF72E
:10DC700034FB081E01DCFEF730FB4346002B01DCC1
:10DC8000FEF72BFB5E0093199A4600216346049130
:10DC900001920593BC463900019E0700584628E0D2
:10DCA000DD43EDB2A9463F25327804880092D208C0
:10DCB0005A43904662092A404D466A43009D023607
:10DCC000AD086B43D218FC234D46DB00D2101A403E
:10DCD000E30A6B4343441B0ADB021A431F231C4025
:10DCE000654345442D1252190280564509D0023031
:10DCF00001310A78737853431B12D1D10236B245F1
:10DD0000F5D15B46380067465146029A9B189B4600
:10DD1000039A019B89189B180193059B8A46FF185B
:10DD2000049B013304938342B4D1FEF7D6FA002A50
:10DD300001DCFEF7D2FA4346002B01DCFEF7CDFAF8
:10DD40009B000025534499460195029D56465F4627
:10DD5000A846F178002938D03B881C000093434640
:10DD60001D784D432D122ED0FF200002D3F77EFAEE
:10DD700063093F24EA432340FC247178D2B2414333
:10DD80000904890E53436943C918B378E400434337
:10DD9000C9102140009C1B04DB0EE40A6B43544372
:10DDA0001B19DB00DB0ADB020B433178484300041C
:10DDB000C00E45431F20009901404A43AD182D1263
:10DDC0005B199BB20093009B3B8001230436023712
:10DDD0009844B145BDD15B46049A06999B189B4671
:10DDE0005346059A9B189A46029B5B184946029334
:10DDF000019B8918039A0133894601939A42A4D161
:10DE0000FEF76BFA44463E0000239846009D4346C9
:10DE100022209900735CDA089B080493275C032F87
:10DE200001D100F034FF01D900F0D3FD012F01D161
:10DE300000F012FF022F01D0FEF74FFA6878C008F9
:10DE4000801AC343DB171840C30228889C4640054C
:10DE5000049B800EC31AD843C01703405B01634480
:10DE600018002B78DB06DB0E9B1ADA43D21713401F
:10DE7000C01880B25B46FC2B01D800F095FE2880CC
:10DE800040460130814533D0B046009B043142000A
:10DE900071189A1804940C785378E508DB08A408E4
:10DEA000032F00D11DE3042F00D102E3012F00D185
:10DEB0009EE25B1BDE43F6173340DB029C46138871
:10DEC0005B059B0E1B1BDC43E417234014785B01AE
:10DED000E406E40E651BEC43E417634425405B193C
:10DEE00001301380043102328145D4DC4646049C63
:10DEF0005346019A01339A469A4201D1FEF7EDF951
:10DF0000009B029A9B180093039BF6187CE74446FB
:10DF10003E00009B002798460023A34603935246E9
:10DF2000FB10D35C0722BA43134101225946134028
:10DF300021328D5C5B42DBB2032D01D100F068FE23
:10DF400001D900F067FD012D01D100F04DFE022D39
:10DF500001D0FEF7C2F94246FC24D8001188E40043
:10DF6000DA082040D2020243DB089B189BB2002053
:10DF7000994201DDCB1A98B2FC2E01D800F023FEA5
:10DF80004346188003985C460130484533D0009BD7
:10DF9000410059180123B3469C463A1D0594564644
:10DFA000D310F35C072696433341664633405B4209
:10DFB000DBB2032D00D144E2042D00D166E2012D35
:10DFC00000D12CE20C88DF00A046FC24E4002740AE
:10DFD0004446DE08F6023E43DB089B199BB200264E
:10DFE0009C4200DDE61A01300E8004320231814588
:10DFF000D5DC5E46059C069B019A0133069393424D
:10E0000001D1FEF76AF9009B049A9B1800935346CE
:10E01000029A9B189A467CE7D648FEF746FB434691
:10E02000049A5B004C46222791461A0001935B46F6
:10E030004E461D009B1831789846E35DCA08890852
:10E04000032B37D0032B49D8012B00D1B3E1022B8E
:10E0500001D0FEF742F96878C008801AC343DB1785
:10E0600018402B88C0025B059B0E5B1AD943C91769
:10E070000B405B01C0182B78DB06DB0E9B1ADA43E2
:10E08000D2171340C01880B2009B29887278FC2BED
:10E0900001D85A43120AEAF75BFD28800235A845E9
:10E0A00001D100F043FE317AE35D0836CA088908E1
:10E0B000032BC7D12B8868785B05C0089B0E5043A3
:10E0C0004B4340119B115B01C002C0182B78DB064B
:10E0D000DB0E53435B11C01880B2D5E7042B01D08F
:10E0E000FEF7FBF86878C008801AC317C0185840BC
:10E0F0002B88C0025B059B0E5B1AD9175B184B403F
:10E100005B01C0182B78DB06DB0E9B1ADA179B1815
:10E110005340C01880B2B7E74246029BD046222740
:10E120009A465200029253461D009B189946434658
:10E13000DB5D5E46032B3AD0032B52D8012B00D176
:10E140001AE1022B01D0FEF7C8F86878B378C0084E
:10E15000DB08C01AC343DB1718402B8872785B05B5
:10E1600092089B0E9B1ADA43D21713405B01C00240
:10E17000C0182B783278DB06D208DB0E9B1ADA4304
:10E18000D2171340C01880B22988F278FC2C01D82D
:10E190006243120AEAF7DCFC28800235A94501D166
:10E1A00000F0B1FD4346DB5D0436032BC4D1B378E8
:10E1B0006878DB08C00858432B8872785B059208A2
:10E1C0009B0E534340119B115B01C002C0182B787A
:10E1D0003278DB06D208DB0E53435B11C01880B2E5
:10E1E000D2E7042B01D0FEF778F86878B378C0083E
:10E1F000DB08C01AC317C01858402B8872785B051B
:10E2000092089B0E9B1ADA179B1853405B01C002C1
:10E21000C0182B783278DB06D208DB0E9B1ADA178F
:10E220009B185340C01880B2AEE743465B003E00E7
:10E230001A00222700935B461D009B189846F35D49
:10E240005446032B39D0032B51D8012B73D0022B0A
:10E2500001D0FEF742F86878A378C008DB08C01A3E
:10E26000C343DB1718402B8862785B0592089B0E2E
:10E270009B1ADA43D21713405B01C002C0182B78F7
:10E280002278DB06D208DB0E9B1ADA43D217134042
:10E29000C01880B2019B2988E278FC2B01D85A4330
:10E2A000120AEAF755FC28800235A84501D100F092
:10E2B00017FDF35D0434032BC5D1A3786878DB0820
:10E2C000C00858432B8862785B0592089B0E534325
:10E2D00040119B115B01C002C0182B782278DB062D
:10E2E000D208DB0E53435B11C01880B2D2E7042B77
:10E2F00001D0FDF7F2FF6878A378C008DB08C01AE8
:10E30000C317C01858402B8862785B0592089B0E93
:10E310009B1ADA179B1853405B01C002C0182B7878
:10E320002278DB06D208DB0E9B1ADA179B185340C3
:10E33000C01880B2AEE7A3786A78DB08D2089B18D1
:10E340001F2B00DD1F232A88D802637852059B0803
:10E35000920E9B183F2B00DD3F235B012A78C018EB
:10E360002378D206DB08D20E9B181F2BE0DD1F237B
:10E37000DEE7C046FFFF0000B3786A78DB08D2080A
:10E380009B181F2B00DD1F232A88D80273785205A3
:10E390009B08920E9B183F2B00DD3F235B012A78E0
:10E3A000C0183378D206DB08D20E9B181F2B00DC76
:10E3B00038E71F2336E76B78DB089B181F2B00DD3F
:10E3C0001F23D8022B885B059B0E5B183F2B00DDBB
:10E3D0003F235B01C0182B78DB06DB0E9B181F2B3D
:10E3E00000DC96E61F2394E6401A80B2FEF75DF942
:10E3F0005B191F2B00DD1F231688DB027605B60E86
:10E40000A4193F2C00DD3F2464011B191478E40695
:10E41000E40E65191F2D00DC61E51F255FE5FC2773
:10E42000DC00FF002740DC08E4022743DB080E88FD
:10E43000DB199BB2F618D94B9E4200DCD3E5D84ECF
:10E44000D1E50C88FC26A046DF08DC00F60034404D
:10E45000FF0227434446DB08DB199BB2DF08E40ACE
:10E460006743FC021F27464603943C001F4034408C
:10E470006743039C7F113C433F279B0876093B4041
:10E480003E405E43B61176012643ACE50F88FC247E
:10E49000B846DE08DF00E4002740F6023E43474668
:10E4A000DB089B199BB2DE1B9F4200DC9BE5FE1A3A
:10E4B00099E55B1BDE179B197340DB029C461388B2
:10E4C0005B059B0E1B1BDC171B19634014785B015B
:10E4D000E406E40E641BE517641963446C401B19E1
:10E4E000FEE46B435B11DB029C4613885B059B0ECD
:10E4F000634314789B11E406E40E65435B016344B7
:10E500006C111B19ECE40B000100501C834501D178
:10E51000FDF7E3FE0232934501D1FDF7DEFE0098E0
:10E520001B1801980918002E01DC00F018FC9A460F
:10E530008946250073000493039253462E004D46EE
:10E54000049A1F009B18029322232988F35C4ABA7D
:10E5500092B2D00A5409032B00D17EE03ED8012BA1
:10E560005ED0022B01D0FDF7B8FE002921D07B78C8
:10E57000DB08181AC143C91708401F213B780A401D
:10E58000DB06DB0E9B1ADA43D21713403F22C00290
:10E59000C0183B8822405B059B0E9B1ADA43D217BA
:10E5A00013405B01C01880B242463988EAF7D0FABE
:10E5B0003880029B02370235BB42C5D15346009AD0
:10E5C00035009B189A464B46019A9B189946039B27
:10E5D000013303939B45B0D1FDF77FFE042B01D09F
:10E5E000FDF77BFE1F217B780A40DB08181AC31752
:10E5F000C01858403B78C002DB06DB0E9B1ADA17C6
:10E600009B1853403F22C0183B8822405B059B0E5D
:10E610009B1ADA179B1853405B01C01880B2C3E7FE
:10E620000029C6D07B78DB0818181F2800DD1F20C2
:10E630001F213B780A40DB06DB0E9B18C0021F2B14
:10E6400000DD1F233F22C0183B8822405B059B0E44
:10E650009B183F2BE0DD3F23DEE7514B9942A8D0CA
:10E660007B783978DB0843435B11D8021F23C90646
:10E670001340C90E4B435B11C0183F233A88234017
:10E680005205920E53439B115B01C01880B28BE779
:10E69000002801DCFDF721FE434600244E460F0012
:10E6A0005D00390030002A00D6F7DEFE009B013401
:10E6B0005E44FF18A245F4D1FDF70FFE002A01DCED
:10E6C000FDF70BFE4B46002B01DCFDF706FE00209C
:10E6D000FC25D446072701268246ED00002261462C
:10E6E000D310CB5C390091430B4133405B42D80ED1
:10E6F000D900C00229400143DB0E5B180099540089
:10E7000001320B539145EAD1049A8B180093029B76
:10E71000019A9C44534601339A469A42DED1FDF752
:10E72000DCFD002901DCFDF7D8FD4B46002B01DCA8
:10E73000FDF7D3FD1D00FC2600276544F60060466A
:10E74000009C02780130D108D300C902334019433C
:10E75000D2085218228002348542F2D1009B029ADC
:10E7600001379B180093039A019B9444AD18BB4258
:10E77000E5D1FDF7B2FD002801DCFDF7AEFD424614
:10E78000002A01DCFDF7A9FD520000279A189146E6
:10E790009A4602975B46564629E0C046FEFF0000B7
:10E7A000FFFF00003F204D09FC4305406046E4B2F6
:10E7B0008008784365432D18FC20ED10C00005400B
:10E7C000D208C80A7A43604312181F20014040460D
:10E7D00061434743D200D20AD202C9192A4309121F
:10E7E000511889B2318002360433B14516D0DF7832
:10E7F0003188002FF6D058789A7884461878C00867
:10E800008046FF2FCED16146FC20D208C900C0004F
:10E810000140D2020A43424491B2E3E75346049ACC
:10E8200001999B189A465B465B1849469B46029B9A
:10E830008918009A0133894602939A42AAD1FDF7BA
:10E840004CFD002901DCFDF748FD4346002B01DCAF
:10E85000FDF743FD002091465B000090D1184F4624
:10E860008C463A00594620E07E43FD43B0463F26A1
:10E8700080084743FC205C09EDB234406C43E41946
:10E88000C000E4100440D80A68434044000AC002B3
:10E8900004431F2003405D4345442D126419A3B275
:10E8A00002320B800231944511D057780B88002F2B
:10E8B000F6D01078C608FF2FD6D1FC24C300E400A0
:10E8C000C0082340C0020343F3189BB2E8E75B464D
:10E8D000029A61469B189B464B4603981B18994623
:10E8E000009B0918013300939A45B8D1FDF7F5FC58
:10E8F000002A01DCFDF7F1FC4346002B01DCFDF7AB
:10E90000ECFCDC4600255B009C44A84663469C4624
:10E910005C4653461CE0D243F10AD2B25143ED08A3
:10E92000091249191F25354055432D12C9024019B6
:10E9300040183F2176090E407243BF081212D219C7
:10E940005201801886B2268002340433A44513D0C5
:10E95000DA782688002AF6D018789D785F78C00883
:10E96000FF2AD8D1FC21EA08FF00C900D2020F40DB
:10E970003A43821896B2E6E75A4604990598521827
:10E980009346524663461218924642465B180399D4
:10E99000013290469142BAD1FDF79FFC002901DC7B
:10E9A000FDF79BFC7500A846574600254C46210004
:10E9B00042463800D6F758FD3800310007F006F916
:10E9C000009B0135FF18019BE418AB45EFD1FDF723
:10E9D00084FC042F01D0FDF780FC6878C008801A01
:10E9E000C317C0185840C3029C462888049B4005A2
:10E9F000800EC01AC317C01858402B784001DB06A0
:10EA0000DB0E9B1ADA179B1860445340C01880B283
:10EA1000FFF730FA042D01D0FDF75FFC4246FC24DD
:10EA20001188D800DA08E4002040D2020243D80856
:10EA3000801880B2814200DC8AE1081A80B2FFF7B8
:10EA40009BFA049343465A005318019323000E0087
:10EA50003C004D461F0002912223FB5C032B00D19A
:10EA600083E039D8012B5DD0022B01D0FDF735FCB6
:10EA70003188002924D06B787278DB08D2089B1A81
:10EA8000DA43D2171340D8022B8849055B05890E5B
:10EA90009B0E5B1AD943C9170B405B01C0182A783B
:10EAA0003378D206DB06DB0ED20ED21AD343DB1745
:10EAB0001A40801880B222002988EAF749F8288095
:10EAC000019A023600230235B242C5D13A000299BA
:10EAD00027001400FDF7F7FE042B01D0FDF7FDFB26
:10EAE00068787378C008DB08C01AC317C01858408C
:10EAF00032882B8852055B05920E9B0E9B1ADA1703
:10EB00009B1853405B01C0023278C0182B78D206A4
:10EB1000DB06D20EDB0E9B1ADA179B185340C01887
:10EB200080B2C8E73388002BCAD06B787278DB08D4
:10EB3000D2089B181F2B00DD1F233288D8022B8898
:10EB400052055B059B0E920E9B183F2B00DD3F2369
:10EB50005B013278C0182B78D206DB06DB0ED20EB2
:10EB60009B181F2BDBDD1F23D9E733887F4A934295
:10EB7000A6D06A787078D208C00850432A885B050E
:10EB80005205920E9B0E534340119B115B01C00234
:10EB9000C0182A783378D206DB06D20EDB0E534338
:10EBA0005B11C01880B286E75A462988E9F7D0FF82
:10EBB0004346013398462880994501D1FFF798F9DB
:10EBC0000235FFF724F93200E9F7C2FF4346188007
:10EBD000039B01330393994500D1BDE043460233C3
:10EBE00098460437FFF79BF94246FC241188D80069
:10EBF000DA08E4002040D2020243D808801880B22C
:10EC00005B4B0818984200DC18E75848FFF7B4F946
:10EC10004246FC241188D800DA08E4002040D202E1
:10EC20000243DB089A1892B2D308C80A58431F233C
:10EC30001C0013400C406343C0025B1118434B0996
:10EC40001C003F2392081C40134063439B115B014F
:10EC5000184380B2FFF790F96878C00880181F2821
:10EC600000DD1F202B88C0025B059B0E9C46049B89
:10EC700063443F2B00DD3F235B01C0182B78DB068C
:10EC8000DB0E9B181F2B00DCC0E61F23BEE6687856
:10EC9000C00850434011C30205932B8804985B05BC
:10ECA0009B0E434305989B115B01C0182B78DB0634
:10ECB000DB0E53435B11C01880B2FFF7DBF8049BF7
:10ECC000013304939A4501D1FDF707FB4346002B1E
:10ECD00000DDB7E6FDF701FB00220492FDF7F3FD2E
:10ECE0004B46039A013399469A4201D1FDF7F5FA52
:10ECF0005B46049A9B189B465346059A9B189A4676
:10ED0000009AFFF798FA039B009A013303939A4203
:10ED100001D1FDF7E2FA5346049A9B189A465B46E6
:10ED2000019A9B189B46029AFFF7FDF9059B013358
:10ED300005939A4501D1FDF7D0FA5B46029A9B18DC
:10ED40009B464B46039A9B189946019AFFF76FF929
:10ED5000401A80B2FFF710F95C46FFF74CF90098B3
:10ED60001B1801980918FFF7D0FBC046FFFF0000F1
:10ED7000FEFF0000F0B5DE4657464E464546E0B57C
:10ED800043688BB001932123826804000692C35C20
:10ED90008A469B46036805699946C3680893836958
:10EDA0000393C3690793436902932223C35C002B37
:10EDB00000D18EE0002A00DC84E0019E484631004C
:10EDC00006F004FF0023A04604932C00002E00DC74
:10EDD000DEE2002C00D1FCE1434622229B5C4E4641
:10EDE0000025039F032B3DD0032B00D9D1E0012B3D
:10EDF00000D1F0E0022B65D17278BB78D208DB0835
:10EE0000D21AD343DB171A40338879785B05890817
:10EE10009B0E5B1AD943C9170B40D2025B01D31872
:10EE200032783978D206C908D20E521AD143C9179E
:10EE30000A40981880B25B463188625DFC2B01D88D
:10EE40005A43120AE9F784FE019B40BA013530802B
:10EE5000AB4200D11DE2434622229B5C023657445E
:10EE6000032BC1D1BA787378D2083088DB085343BA
:10EE70007A7840059208800E50435B118011DB02C6
:10EE80004001181833783A78DB06D208DB0E53437A
:10EE90005B11C01880B2CEE7049A089907985218FF
:10EEA0000492039A4B4612180392059A9446CC4456
:10EEB0006246059201229044029A52180292069AE2
:10EEC00042451CD10BB0F0BCBB46B246A946A04699
:10EED000F0BD5B46002D00D113E1FC2B00D89FE074
:10EEE000002AEFDD019B002BECDD00275B004B448B
:10EEF0001A004B46B84604930595029B0292994628
:10EF00000498059E039C2BE052BA93B29C465A0982
:10EF10003F23CD431A40FC23EDB2BF086A434F4361
:10EF2000D719DB00FF101F405B46DA086346DB0A97
:10EF30006B434A43D218120AD2021F233A43674650
:10EF40001F40019B7D4359436D182D12521952BA2F
:10EF500092B2029B028002300136544483429BD01D
:10EF6000317802880029F4D0A37867789B4623780B
:10EF7000DB080193FF29C7D15B46DA08FC23FF00B9
:10EF8000DB001F40D202019B3A43D21852BA92B220
:10EF9000DFE7042B96D17378BA78DB08D2089B1A86
:10EFA000DA179B18308853407A7840059208800E13
:10EFB000801AC21780185040DB02400118183378BD
:10EFC0003A78DB06D208DB0E9B1ADA179B185340FF
:10EFD000C01880B22FE7BB787278DB08D2089B1884
:10EFE0001F2B1BDC3288D8027B7852059B08920EBF
:10EFF0009B183F2B10DC5B013278C0183B78D2069F
:10F00000DB08D20E9B181F2B02DCC01880B212E75F
:10F010001F23C01880B20EE73F23ECE71F23E1E770
:10F02000002A00DC4EE7019B002B00DC4AE75B0076
:10F030004B4498465B4604934B4600200993029B41
:10F0400081469C464346A846089E039C6246089219
:10F05000524640462700A346B246099D039233E03C
:10F060002A8852BA96B2CA430196D4B272093F2690
:10F0700002947C783240029EA40872434C43A41848
:10F08000FC22E410D20014400594019C029EE40A84
:10F0900074431F26BA78D2084A431219120A059CF3
:10F0A000D20222433C78E4086143019C3440029E32
:10F0B000744309190912521852BA2A8002359D4226
:10F0C0000AD0039A0130BF180178049A51430912FB
:10F0D000C6D10235AB42F4D1089A56469446039AFB
:10F0E0005C469246099AE0449346B3445A460992D4
:10F0F000079A9B19A41801229144069A4A45A5D162
:10F10000E0E6FC2B00D90EE1002A00DCDAE6019BE8
:10F11000002B00DCD6E65A46002A00D1D2E65F007A
:10F12000FC23DB0098461F23D6434F449C464B46A6
:10F13000B946F7B25E46AB460D000193AA46019C64
:10F1400003983F23228852BA92B25109194043785A
:10F1500079439B087343C9184346C9101940837803
:10F16000D50ADB087D4373435B1965461B0ADB0246
:10F170000B4301782A40C90871437A438918091260
:10F180005B185BBA238002345044A145D9D1019B5E
:10F19000089A07999B180193039B55465B180393A4
:10F1A00001239B44069B91445B45C7D18AE6049B9F
:10F1B000069A0133B84604939A4200D182E6089B2E
:10F1C000079A9944039B48469B180199039306F0BC
:10F1D000FDFC019B4D465F0043464F44B846222448
:10F1E0001F00039E3B5D032B67D02FD8012B00D15E
:10F1F0007DE0022B00D065E66A78B378D208DB08A0
:10F20000D21AD343DB171A402B8871785B05890823
:10F210009B0E5B1AD943C9170B40D20258012B78B9
:10F2200010183278DB06D208DB0E9B1ADA43D217AD
:10F230001340C01880B229885A46E9F789FC40BAC1
:10F24000288002355644A845CCD1B0E7042B00D025
:10F2500038E66B78B278DB08D2089B1ADA179B186D
:10F2600028885340727840059208800E801AC21791
:10F2700080185040DB02400118182B783278DB06EA
:10F28000D208DB0E9B1ADA179B185340C01880B2C5
:10F29000D1E7049B069A013304939A4200D111E608
:10F2A000089B079A9944039B48469B180393029B2B
:10F2B0000199E41806F08AFC8BE5B2786B78D208E5
:10F2C0002888DB085343727840059208800E50432B
:10F2D0005B118011DB02400118182B783278DB06B5
:10F2E000D208DB0E53435B11C01880B2A3E7B3789A
:10F2F0006A78DB08D2089B181F2B47DC2A88D802C3
:10F30000737852059B08920E9B183F2B3CDC5B01E7
:10F310002A78C0183378D206DB08D20E9B181F2B30
:10F32000B4DD1F23B2E7131E00DCCBE5019A002AEF
:10F3300000DCC7E500250193089BFC249846039B4D
:10F340004F469B46079BAC460E009A4650004844E9
:10F35000E4005A4639009378DB08DD025378DB007D
:10F3600023401D4313789219DB085B195BBA0B80AD
:10F3700002318842EFD101239C44019B4744D3448E
:10F3800040446345E5D19DE53F23C0E71F23B5E732
:10F3900000244E4606E0A34200D193E530000199D7
:10F3A00006F014FC089B0134F618069B002DF2D0E1
:10F3B000A34200D186E5029BED18EFE7F0B5DE46EB
:10F3C000574645464E46E0B543688DB00693836880
:10F3D000040080690493E9F779FB43BA9BB2039375
:10F3E000E37E83469846236927689A46E368059337
:10F3F0005346002B00D1C6E0636907934346FC2BBC
:10F4000000D873E0049B002B69DD069BBB465A1EA7
:10F41000023B0A920B9300225346824608920193C4
:10F420000122019B0026134200D09EE00A9B9E42CF
:10F4300029DA0122019B74009D190B9BD8469B1B66
:10F4400093439F1909935B467F000433FF18BB4B1E
:10F450005C449946B3463E0006E0002B00D06EE0C7
:10F4600004340235A64209D02B884B45F5D1039BC5
:10F470000235238063800434A642F5D15E46C3463C
:10F48000099B0236F618069BB3421CDD5B467400EE
:10F49000195B019F49BABA5D504689B21D19E9F757
:10F4A00057FB069B40BA01362880B3420BDD5B4612
:10F4B0000234195B504649BABA5D89B21D19E9F7A1
:10F4C00047FB40BA2880059B079A9B44019B9B18E9
:10F4D0000193089B049A013308939A42A0D10DB07E
:10F4E000F0BCBB46B246A946A046F0BD049B002B2B
:10F4F000F5DD069B002BF2DD5E00002399463B0004
:10F50000BE1947469846444655462A7821887A438C
:10F5100049BA584689B2120AE9F71AFB40BA208064
:10F5200002340135B442F0D1079A059B924401227E
:10F530009844F618049B91444B45E4D1CFE72188C9
:10F540002A7849BA89B250466788E9F701FB7FBA41
:10F55000BFB20290390050466A78E9F7F9FA029B87
:10F5600040BA5BBA238060807AE75B461988019BCA
:10F5700049BA1A78504689B2E9F7EAFA5B4640BAC6
:10F580001880013652E74346FC2B00D88BE0049BE1
:10F59000002BA4DD069B05995A00924650460F2287
:10F5A000091A01910021039D013B93432A045B004A
:10F5B000100C9C461043531952468846012602926D
:10F5C000E2460324029ABA44B918274201D03D808A
:10F5D0000237574522D25246541EE21BB946934683
:10F5E0001F2A00D89AE00724274200D096E05A4606
:10F5F00052099246571C00244A4601341360536056
:10F600009360D360136153619361D3612032A74249
:10F61000F3D8524657014A462032BF18B9423AD968
:10F620004A1ED21B5408BA46A3460B2A19D93200E7
:10F630007C08B9462240264202D0BC1CA1463D802F
:10F64000022472403C405A443F195408A400E41973
:10F6500001C7BC42FCD1164218D0B24352004A4402
:10F660001700BA1C3D80914210D93A1D7D8091420D
:10F670000CD9BA1DBD80914208D90232FD80914259
:10F6800004D902323D81914200D97D8157465A46C4
:10F69000023754003F19019ABF1801229044049A7E
:10F6A00042458DD11BE7049B002B00DC17E7069B2E
:10F6B000002B00DC13E700265D00059BB1469A464F
:10F6C000049B46467D19B8469B4607004346444680
:10F6D00000221B88013B9BB22188994213D049BA72
:10F6E0003200380089B2E9F733FA40BA2388208023
:10F6F00002340200AC42EFD101239944D044554476
:10F70000CB45E3D1EBE622800234A542E4D10123CC
:10F710009944D0445544CB45D8D1E0E652465C46A6
:10F720003B607B60BB60FB603B617B61BB61FB61FD
:10F730002037BA42F4D8620992466AE7FFFF000018
:10F74000F0B5DE4657464E4645462023E0B5C35C3D
:10F750000400063BDBB28DB0152B06D8D94A9B00BE
:10F76000D3589F460321FFF705FB0DB0F0BCBB4605
:10F77000B246A946A046F0BD21236269E75C039228
:10F780002222236841689946E36880680093A36950
:10F7900083469A46E3690193A25C2369002A00D15B
:10F7A000A2E30028E1DD002901DC02F08AFD002B44
:10F7B00001D102F005FC002207924A005244049253
:10F7C0000622059755464E461F000AA81218A04665
:10F7D0000292089109930BAC2B8802995BBA022222
:10F7E00020000B80D5F740FE434622229B5C032B72
:10F7F00001D101F047FA01D901F0EBF8012B01D159
:10F8000001F014FA022BB0D12B88002B2FD03288B4
:10F81000607852BA1304C008DB0E1B1AD843C01715
:10F820000340DB029C46238850055B05800E9B0E3F
:10F83000C31AD843C0170340207891B23280C00663
:10F84000D206C00ED20E121AD0435B01C01702407E
:10F8500063449B1898B2059B3A78FC2B01D901F0C0
:10F86000EAF85A43120AE9F773F940BA3080049B68
:10F87000023502360137AB42AED144460899059FA6
:10F88000099B4A4600981218914652460198121850
:10F890009246002B01D102F0DEFC079A013207925A
:10F8A000934500D161E7039A9B18002985DC4A46FD
:10F8B0000098121891465246019812189246ECE7A9
:10F8C0004368826899462123C35C93460193036889
:10F8D00005690293C368009383699A46C3690393D9
:10F8E000436904932223C35C002B01D100F01BFC6D
:10F8F000002A00DC39E74946029806F067F9002340
:10F9000098464B462700002B01DC02F0E7FC002D57
:10F9100001D101F02CFE0024029E5246A300D15CCE
:10F920002223FB5CCA088908032B01D101F019FAD4
:10F9300001D901F0ABF8012B01D101F048FA022BFB
:10F9400000D012E77078C008801AC343DB17184054
:10F950003388C0025B059B0E5B1AD943C9170B4065
:10F960005B01C0183378DB06DB0E9B1ADA43D21733
:10F970001340C01880B2019B31882A5DFC2B01D84E
:10F980005A43120AE9F7E4F8013440BA3080A1453D
:10F9900001D102F0F9F90236BFE70421FFF7EAF9D5
:10F9A000E3E643688268984621230392C35C0669B4
:10F9B000009303689B46C368049383699A46C369AE
:10F9C0000293436905932223C35C002B00D1C9E253
:10F9D000002A00DCC9E64146584606F0F7F8002345
:10F9E00006934346A146002B01DC02F0CDFC002E1D
:10F9F00001D101F0BDFC4B46222201969B5C57468B
:10FA00005D460024032B43D0032B01D901F019F8E4
:10FA1000012B01D101F084F9022B00D0A5E6687812
:10FA2000BB78C008DB08C01AC343DB1718402B881B
:10FA30007A785B0592089B0E9B1ADA43D217134023
:10FA40005B01C002C0182B783A78DB06D208DB0EC7
:10FA50009B1ADA43D2171340C01880B2019B298841
:10FA60001A5D009BFC2B03D85A43FE787243120C9C
:10FA7000E9F76EF8013440BA2880A04501D102F0C0
:10FA800053F94B4622229B5C04370235032BBBD132
:10FA9000BB786878DB08C00858432B887A785B0508
:10FAA00092089B0E534340119B115B01C002C0188A
:10FAB0002B783A78DB06D208DB0E53435B11C01873
:10FAC00080B2CBE714C503104368826899462123AE
:10FAD0000292C35C06699A4603680093C3689B461A
:10FAE00083699C46C3690393436904932223C35CDF
:10FAF000002B01D100F0EAFB002A00DC35E60023F0
:10FB000005934B4680466446002B00DC2DE6002E14
:10FB100001D101F0B3FD0025009F01960721AA0045
:10FB2000D310E35C91430B41012222211340424652
:10FB3000525C5B42DBB2032A01D101F0CBF801D960
:10FB400000F0C3FF012A01D101F05CF9022A00D0C4
:10FB50000BE6FC20DA00C0000240D808C002398859
:10FB60000243DB0849BA9B1889B29BB20020994234
:10FB700001DDCB1A98B2019B5A5D5346FC2B01D88C
:10FB80005A43120AE8F7E4FF013540BA3880A94524
:10FB900001D102F0B7F80237C0E74368826898469F
:10FBA00021230692C35C0769009303680193C3682D
:10FBB000029383699B46C369039343690593222398
:10FBC000C35C002B00D117E3002A00DCCDE54146E1
:10FBD000019805F0FBFF00239A464346A146002BFF
:10FBE00001DC02F09DFB002F01D101F046FC5C46D8
:10FBF0004B462220049721781B5CCA080026019DF1
:10FC00008908032B40D0032B01D900F09CFF012B66
:10FC100001D101F00DF9022B00D0A6E56878C008EB
:10FC2000801AC343DB1718402B88C0025B059B0E6C
:10FC30005B1AD943C9170B405B01C0182B78DB0650
:10FC4000DB0E9B1ADA43D2171340C01880B2049B14
:10FC500029889A5D009BFC2B03D85A4367787A4326
:10FC6000120CE8F775FF013640BA2880B04501D183
:10FC700002F072F84B462220217A1B5C0834CA0835
:10FC800002358908032BBED12B8868785B05C00834
:10FC90009B0E50434B4340119B115B01C002C018A7
:10FCA0002B78DB06DB0E53435B11C01880B2CEE726
:10FCB00043688268984621230092C75C03689A468D
:10FCC000C368019383699946C369029303699B469C
:10FCD000436903932223C35C002B00D165E3002A10
:10FCE00000DC42E54346002B00DC3EE5002305979F
:10FCF00006935B46002B01D102F07CF8002725001B
:10FD00003E0054464F462223EB5C032B01D100F00A
:10FD100066FF01D900F033FE012B01D100F032FF64
:10FD2000022B00D021E53B88002B31D02388787846
:10FD30005BBA9AB204921A04C008D20E121AD043C7
:10FD40003988C0170240D00249055A05890E920E23
:10FD5000521AD143C9170A405201821838782380B9
:10FD6000C006DB06C00EDB0E1B1AD843C0170340CB
:10FD7000D21890B25B469A5D059BFC2B01D900F02E
:10FD800053FE5A430499120AE8F7E2FE40BA208073
:10FD9000013602370234B045B5D15346019A2C00E2
:10FDA0009B189A464B46029A9B1899465B46039AC3
:10FDB0009B189B46069B009A013306939A4298D162
:10FDC000D3E443688268984621230392C35C00937E
:10FDD00003689946C368049383699A46C369059387
:10FDE00003699B46436906932223C35C002B00D121
:10FDF00021E1002A00DCB8E44146484605F0E6FE71
:10FE00000023029343462700002B01DC02F0A0FAF6
:10FE10005B46002B01D100F052FD22230197019A8D
:10FE20005646D35C4D460024032B43D0032B01D907
:10FE300000F064FE012B01D100F0A8FF022B00D0DE
:10FE400093E46878B378C008DB08C01AC343DB17B3
:10FE500018402B8872785B0592089B0E9B1ADA4338
:10FE6000D21713405B01C002C0182B783278DB0632
:10FE7000D208DB0E9B1ADA43D2171340C01880B2A7
:10FE80005B461A5D009B2988FC2B03D85A43F77800
:10FE90007A43120CE8F75CFE013440BA2880A04592
:10FEA00001D101F015FF2223019A0436D35C0235FB
:10FEB000032BBBD1B3786878DB08C00858432B8884
:10FEC00072785B0592089B0E534340119B115B01B6
:10FED000C002C0182B783278DB06D208DB0E534301
:10FEE0005B11C01880B2CBE7002B00D124E3FC2FBC
:10FEF00001D901F044F9002800DC36E4002900DCD7
:10FF000033E44A004A440021B846170004910293A2
:10FF10004C465646029D43462A7821885A433088EB
:10FF200049BA40BA120A89B280B2E8F711FE40BA63
:10FF30002080023402360135A742ECD14B46009AAC
:10FF400001999B18994653465B189A460399029B60
:10FF5000BF185B180293049B013304939B45D7D1D0
:10FF6000FFF703FC009B002E00D116E3FC2B01D908
:10FF700001F09FF8002A01DCFFF7F7FB4346002B56
:10FF800001DCFFF7F2FB5A465B00D31898460023CA
:10FF9000B1469B469446484657462CE03F2511887B
:10FFA0007E7849BA8CB2D943019464092C40FC256F
:10FFB000C9B2B6084C435E433619ED00F6102E4028
:10FFC000019CBD78E40AED084C435D432D192D0AD0
:10FFD000ED0235431F263C78E4086343019C34401E
:10FFE0006143591809126D186DBA158002324245E5
:10FFF0000BD004370130F97803784B4300994B4319
:020000041003E7
:100000001B14CBD102329045F3D15346029862467D
:100010001B189A464B46059804991B18404699466A
:100020005B4640185218039901339B46804699421B
:10003000B0D1FFF79AFB5B46002B00D165E3009B34
:10004000FC2B01D900F0C9FF002A01DCFFF78DFB72
:100050004346002B01DCFFF788FB9B000024534440
:10006000984607944F4656463D005F46F178002972
:100070003DD03C78009A4C4354432B88241435D00F
:10008000FF205BBA9BB200020193D1F7EFF87378BF
:10009000029043433F20E24301991B044909014078
:1000A000FC20D2B29B0E514363435B18C000DB10AF
:1000B0000340B1780298414301980904C90EC00A6F
:1000C000504361430918C900C90AC9020B43029889
:1000D000317848430004C00E44431F200199014079
:1000E0004A43A41824121B195BBA9BB22B80043616
:1000F00002350137B045B9D14B46049A06999B1891
:1001000099465346059A9B189A465B465B184146AA
:100110009B46079B8918039A0133884607939A42A6
:10012000A0D1FFF722FB019B002D00D198E2FC2B10
:1001300001D901F0C0F8111E01DCFFF716FB4B4698
:100140000022002B01DCFFF710FBAC46009E05925D
:1001500065460022B446AB5C0E000199029F4B43FA
:1001600038001B1230D0DF435146FFB2BB463F2759
:100170008C5C01880094E4085C4349BA89B2A046CB
:100180004C093C405F467C43009F0132BF087B43E3
:10019000E418FC235F46DB00E4101C40CB0A7B43E1
:1001A00043441B0ADB021C431F2319404F434744AF
:1001B0003F12E41964BA0480914508D0AB5C019900
:1001C00002304B431B12CED101329145F6D1029B36
:1001D000310098466646B044434602935346AC46C7
:1001E000039A9B189A46049B9C44059B01330593F4
:1001F0009942ADD1FFF7B9FA009B002F00D1EDE293
:10020000FC2B01D900F086FE002A01DCFFF7ADFAD5
:100210004346002B01DCFFF7A8FA00215B005B449A
:100220009A468C46019A0497170015005E4604987A
:100230002EE0DC43E4B2A1463F2431782A88884688
:10024000C908594352BA92B20191510921404C4612
:1002500061434446A4086343C918FC234C46DB00B1
:10026000C9101940D30A6343019C0236A046434497
:100270001B0ADB0219431F234C461A4054434444D3
:100280002412091949BA298056450BD0023501308C
:10029000727803785343009A53431B14C9D1023632
:1002A000B245F3D1029B0399FA185B465B189B4653
:1002B0000598049B1B18049301239C4453465B1828
:1002C0009A46069B6345AFD1FFF74FFA5346002E7F
:1002D00000D1AAE0FC2B01D900F085FF002A01DC47
:1002E000FFF743FA4B460024002B01DCFFF73DFAF1
:1002F00063465A46B44601930594E34694465B46EA
:10030000002251469B5C009F4B433D001B1234D0A2
:100310000198D110415C07209043014101203F2604
:1003200001404942C80E58438046D8432C88C0B289
:1003300064BAA4B267093740FC26890E47434B4391
:10034000FB18E70A47434744FF00DB10F600FF0AAB
:100350003340FF021F431F231C40604340440012F0
:100360003F187FBA01322F80914509D05B46514634
:100370009B5C02354B431B12CAD101324A45F5D171
:10038000009B6246984690444346DC46039900939E
:10039000019B5B180193049B02999C44059B0133CC
:1003A00005939942A9D1FFF7E0F95B46002B00D1F4
:1003B00091E0FC2F01D900F07AFD002A01DCFFF763
:1003C000D4F94346002B01DCFFF7CFF95B00002294
:1003D0004B44B8461F0004924D4654465E46434681
:1003E000327821885A4349BA2888120A89B2E8F734
:1003F000AFFB023540BA208001360234AF42EED165
:100400005346019A03999B189A464B46029A9B18A9
:1004100099465B465B189B46049BBF18009A0133C4
:1004200004939A42D8D1FFF7A0F9FC2B01D901F02F
:1004300025FB002A01DCFFF798F94A46002A01DC77
:10044000FFF793F9002B01D1FFF78FF90022DE436C
:10045000E2469C46F6B201920021009D5046CB1028
:10046000C35C072088430341012064463F272A8854
:1004700003405B4252BA92B2D80E604354093C40EA
:1004800067469B0E7B437443E418FC23E410DB00B7
:100490001C40D30A73431B18DB00DB0ADB02234337
:1004A0001F2422407243121812129B185BBA0131AA
:1004B0002B8002358945D1D1009B039A5B44009380
:1004C00053469B189A46019B029A013301939A4224
:1004D000C2D1FFF74AF9FC2F01D901F01BFB002A1A
:1004E00001DCFFF742F94346002B01DCFFF73DF941
:1004F0005E00002398464E444D4654462188288885
:1005000049BA3A0089B2E8F723FB023540BA2080A5
:100510000234AE42F2D15346019A02999B189A4690
:100520004B465B1899464346009A01339846761825
:100530009A42E1D1FFF719F9FC2F01D901F0D4FA61
:10054000002801DCFFF711F9002901DCFFF70DF9A4
:10055000002398464E004E444C4655462188288834
:1005600049BA40BA3A0089B280B2E8F7F1FA40BA23
:10057000208002340235A642F0D14B46009A019900
:100580009B18994653465B189A4643460133984652
:10059000B6189B45E0D1FFF7E8F8FC2B01D901F034
:1005A00034FB101E01DCFFF7E0F84346002B01DCB2
:1005B000FFF7DBF8DC4600275B009C443A00664608
:1005C00094465246009BD47859465C4337000190CC
:1005D000241232D03F26E0430B8855785BBA9BB299
:1005E00098465B093340FC26C0B2AD0843436543DF
:1005F000ED18F600ED1035404646A9469378F50A09
:10060000DB08454363435B194D461B0ADB022B4362
:100610001578ED086C4335001F26354068432018D7
:1006200000121B185BBA0B800231B94208D0009B44
:10063000D47904325C432412CCD102318F42F6D1FA
:100640005B46049962465B189B465346029C0198A0
:100650001B1901329A467E189042B1D1FFF785F8F6
:10066000FC2B01D901F0DEF9002A01DCFFF77DF84F
:100670004A46002A01DCFFF778F8002B01D1FFF78A
:1006800074F85700029ADE43D7191F210022B94699
:100690001F00F6B201910492D046029C43463F21CE
:1006A0002288187852BA92B253090B40FC21C5082F
:1006B0008008784373431B18C900DB100B40D00A35
:1006C00001997D4370430A4072434019000AC002F9
:1006D0005219034312129B185BBA23800123023480
:1006E0009844A145DAD1029B009A03999B18029382
:1006F00053465B1849469A46049B8918013389463C
:1007000004939B45C8D1FFF730F8009BFC2B01D91F
:1007100001F029F9002A01DCFFF727F84346002BF6
:1007200001DCFFF722F85F0000244F44B846019433
:100730004E465546E978002939D0009C33884C4311
:10074000241233D0FF205BBA00029FB2D0F78EFD97
:10075000E343DBB29C463F227B0913406246697843
:1007600053434143AA7809044243890E614312046A
:10077000D20E6243C918FC2393466246DB00C910BF
:100780001940FB0A53435B44DA00D20AD3022A78A9
:100790000B4350431F22174062460004C00E4443DF
:1007A0005743E41924121B195BBA9BB233800236FB
:1007B0000435B045BED14B46049A05999B1899461D
:1007C00053465B1841469A46019B8918039A0133A8
:1007D000884601939A42ABD1FEF7C7FFFC2B01D9A3
:1007E00001F0B4F9002A01DCFEF7BFFF4346002BFD
:1007F00001DCFEF7BAFFDC465B00019E9C446346C9
:100800005A463400B44600991E0053784B431B12DD
:100810002FD0DD43EDB2A9463F25107821888246CE
:10082000C008584349BA89B28046480928404D4615
:1008300068435546AD086B43C018FC234D46DB00AA
:10084000C0101840CB0A6B4343441B0ADB02184319
:100850001F2319404D4345442D12401940BA02321E
:100860002080B24208D05378009902344B431B12C7
:10087000CFD102329642F6D1330066469C46029BA7
:100880000399F6185B465B189B46069B01378C4420
:100890009F42B4D1FEF769FF029B039A0133029392
:1008A0009A4201D1FEF761FF4846049B059AC018A1
:1008B000534641469B1881469A4605F087F94346C0
:1008C00022245B004B449B463B5D4D465646032B22
:1008D0003BD0032B00D9C6E2012B01D100F097FFDA
:1008E000022B01D0FEF741FF6878B378C008DB081F
:1008F000C01AC343DB1718402B8872785B05920837
:100900009B0E9B1ADA43D21713405B01C002C0183A
:100910002B783278DB06D208DB0E9B1ADA43D2172B
:100920001340C01880B2009B2988F278FC2B01D8B4
:100930005A43120AE8F70CF940BA28800235AB4551
:10094000AAD03B5D0436032BC3D1B3786878DB08AB
:10095000C00858432B8872785B0592089B0E53435E
:1009600040119B115B01C002C0182B783278DB0666
:10097000D208DB0E53435B11C01880B2D3E7042BBF
:1009800001D0FEF7F2FE238839885BBA9AB204924E
:100990007A781804D208C00E801AC2178018504006
:1009A00049055A05890E920E521AD11752184A401B
:1009B0005201C00280183A782380D206DB06D20E9C
:1009C000DB0E9B1ADA179B185340C01880B2FFF752
:1009D000D1F9042B01D0FEF7C8FE338860785BBAEA
:1009E0001A04C008D20E121AD01712184240D202AE
:1009F0000692228858055205920E800E801AC21760
:100A000080185040069A40018018227899B23380AD
:100A1000D206DB06D20EDB0E9B1ADA179B18534068
:100A2000C01880B2FEF717FF0499E8F791F840BAB2
:100A30002080FFF7ADF9E8F78BF840BA3080FEF779
:100A400016FF042B01D0FEF790FE6878BB78C00833
:100A5000DB08C01AC317C01858402B887A785B058A
:100A600092089B0E9B1ADA179B1853405B01C00239
:100A7000C0182B783A78DB06D208DB0E9B1ADA17FF
:100A80009B185340C01880B2FEF7E8FF042B01D03A
:100A9000FEF76BFE7078C008801AC317C018584064
:100AA0003388C0025B059B0E5B1AD9175B184B405D
:100AB0005B01C0183378DB06DB0E9B1ADA179B1834
:100AC0005340C01880B2FEF756FF042A01D0FEF74B
:100AD0004CFEFC20DA00C0000240D808C002398871
:100AE0000243D80849BA801889B280B2814201DC39
:100AF00000F0AEFE081A80B2FFF73DF8042B01D0DB
:100B0000FEF733FE6878B378C008DB08C01AC31755
:100B1000C01858402B8872785B0592089B0E9B1A70
:100B2000DA179B1853405B01C002C0182B7832784B
:100B3000DB06D208DB0E9B1ADA179B185340C0184D
:100B400080B2FFF79DF9042B01D0FEF70EFE687806
:100B5000C008801AC317C01858402B88C0025B0514
:100B60009B0E5B1AD9175B184B405B01C0182B78A2
:100B7000DB06DB0E9B1ADA179B185340C01880B2B5
:100B8000FFF765F83B88002B01D1FFF701F92388B7
:100B90005BBA9AB204927A7823801B04D208DB0EE7
:100BA000D2181F2A00DD1F223B8820885B054005E4
:100BB0009B0E800E1B18D2023F2B00DD3F235B01F2
:100BC0002078D3183A78C006D206D20EC00E12187A
:100BD0001F2A00DD1F229B1898B2FFF7CBF83A8836
:100BE000D74B9A4201D1FFF7D3F823885BBA9AB268
:100BF00004927A781804D208C00E50433A88401103
:100C00005205920E11005A05920E4A43921152015A
:100C1000C00280183A782380D206DB06D20EDB0EA3
:100C200053435B11C01880B2FFF7A4F82B88002B48
:100C300001D1FEF71CFE338862785BBA99B233802B
:100C40001B04D208DB0ED3181F2B00DD1F23D80294
:100C500023885B059A0E33885B059B0ED3183F2BC8
:100C600000DD3F235B012278C3183078D206C0062E
:100C7000D20EC00E12181F2A00DD1F229B1898B238
:100C8000FEF7E9FD2A88AE4B9A4201D1FEF7EFFD4F
:100C9000338862785BBA1804D208C00E50432288A9
:100CA00040115205C002920E069010005A05920E95
:100CB00042430698921152018018227899B23380EB
:100CC000D206DB06D20EDB0E53435B11C01880B296
:100CD000FEF7C1FDFC26DA00F6003240DE08F6021F
:100CE0003243DB089B189AB294461F22388813407F
:100CF00040BA02405343624681B2D008CA0A504308
:100D00005B11C002184363469A083F234E091A40FC
:100D1000334053439B115B01184380B2FEF72BFF16
:100D2000BB786A78DB08D2089B181F2B00DD1F23D5
:100D30002A88D8027B7852059B08920E9B183F2B7D
:100D400000DD3F235B012A78C0183B78D206DB0820
:100D5000D20E9B181F2B00DD1F23C01880B2FEF798
:100D60007DFE338870785B05C0089B0E50434B4373
:100D700040119B115B01C002C0183378DB06DB0E0B
:100D800053435B11C01880B2FEF7F5FDB3786A7863
:100D9000DB08D2089B181F2B00DD1F232A88D802EE
:100DA000737852059B08920E9B183F2B00DD3F2362
:100DB0005B012A78C0183378D206DB08D20E9B1864
:100DC0001F2B00DD1F23C01880B2FFF759F873787E
:100DD000DB089B181F2B00DD1F23D80233885B051F
:100DE0009B0E5B183F2B00DD3F235B01C01833785F
:100DF000DB06DB0E9B181F2B00DD1F23C01880B203
:100E0000FEF7B9FDFC20DA00C0000240D808C0029D
:100E100039880243D80849BA801889B280B2494B50
:100E20004018984201DD00F026FC80B2FEF7A3FED8
:100E30006B78DB089B181F2B00DD1F23D8022B8843
:100E40005B059B0E5B183F2B00DD3F235B01C01849
:100E50002B78DB06DB0E9B181F2B00DD1F23C01831
:100E600080B2FEF7F4FE042B01D0FEF77EFC68781A
:100E7000B378C008DB08C01AC317C01858402B88C5
:100E800072785B0592089B0E9B1ADA179B185340E9
:100E90005B01C002C0182B783278DB06D208DB0E6B
:100EA0009B1ADA179B185340C01880B23BE5002A02
:100EB00001DCFEF75AFC4346002B01DCFEF755FC33
:100EC0005F00002398464F444D4654465E462188B5
:100ED000327849BA288889B2E7F73AFE023540BA33
:100EE000208001360234AF42F1D15346019A039972
:100EF0009B189A464B46029A9B1899465B465B188C
:100F00009B464346BF18009A013398469A42DBD16C
:100F1000FEF72BFC002A01DCFEF727FC4346002BE2
:100F200001DCFEF722FC5B0000215B449A4601983D
:100F3000049101970700050094465E4601982FE052
:100F4000FFFF0000FEFF0000DC43E4B2A1463F24A7
:100F500031782A880091C908594352BA92B288461A
:100F6000510921404C466143009C0236A40863436A
:100F7000C918FC234C46DB00C9101940D30A63434F
:100F800043441B0ADB0219431F231A4054434444C1
:100F90002412091949BA2980564509D00235013071
:100FA0007278037853431B12CED10236B245F5D185
:100FB000029B0399F8185B465B18059C9B46019BB6
:100FC00062461B1954460193049B64180133A246E0
:100FD00004936345AED1FEF7C8FB002A01DCFEF79F
:100FE000C4FB4346002B01DCFEF7BFFB9B00002443
:100FF00053449846029456464F465D46F178002980
:101000003BD02C783B884C43241235D0FF205BBA70
:101010009BB200020093D0F729F972780190424305
:101020003F20E143009B12045B090340FC20C9B24E
:10103000920E4B436243D218C000D2100240B378E4
:101040000198434300981B04DB0EC00A48436343E6
:101050001B18DB00DB0ADB02134301983278504394
:101060000004C00E44431F20009A024051436418FC
:1010700024121B195BBA9BB23B8004360237013540
:10108000B045BBD14B46049A06999B1899465346E6
:10109000059A9B189A465B465B1841469B46029B05
:1010A0008918039A0133884602939A42A3D1FEF726
:1010B0005CFB002A01DCFEF758FB4346002B01DCF9
:1010C000FEF753FB5B005B449946049B00229C4661
:1010D000019604925F4601983B00574631E0E94390
:1010E0001A887E7852BA94B2CAB290463F216209F9
:1010F0000A404146B6084A436E43B618FC22F61031
:10110000D2001640BA782100D2086A4300924246C3
:10111000E40A5443009A12193C78120AE4086C431A
:101120000D001F210D4041466943D2026118324330
:101130000912521852BA1A8002334B4509D00437AB
:101140000130FA78057855432D12C8D102339945FC
:10115000F5D15B4663449B465346029A9B189A46D8
:10116000059A019B9B184A4601936244049B914651
:10117000039A013304939A42ACD1FEF7F6FA0028A1
:1011800001DCFEF7F2FA002901DCFEF7EEFA00229C
:1011900098464F004F4402924C4656464546218899
:1011A000308849BA40BA2A7889B280B2E7F7D0FCD1
:1011B00040BA2080023402360135A742EFD14B46B7
:1011C000009A01999B18994653465B189A464346E4
:1011D0000399BF185B189846029B013302939B4505
:1011E000DAD1FEF7C2FA002A01DCFEF7BEFA4B465E
:1011F000002B01DCFEF7B9FA0023E246B446019366
:10120000009F00213A0024E058436DBAAEB28046F8
:10121000DD433F207709EDB20740A4086F436343E5
:10122000FF18FC23FF10DB001F40F30A6B4320383C
:10123000064075434344DB00DB0ADB0245443B4385
:101240002D125D196DBAADB201311580023289459A
:1012500020D063465B5C1588002BF5D05446C8103F
:10126000205C07248C432041012420404042C4B22A
:10127000C00EFF2BC8D1FC25E300ED00E4082B4095
:10128000E4022343C01840BA85B20131158002320E
:101290008945DED1009B039A5B44009353469B181B
:1012A0009A46049B029A9C44019B013301939A4203
:1012B000A6D1FEF75AFA002A01DCFEF756FA4B4691
:1012C000002B01DCFEF751FA0026AC460196002403
:1012D000029A23E045435BBA9FB2A846C3433F2529
:1012E0007E09DBB289082E4048435E43FC21361854
:1012F0001F20C900F6100E40F90A594307407B43EE
:101300004144090AC902434431431B12CB185BBA5A
:101310009BB2013413800232A14518D06146085DAA
:1013200013880028F5D05146095DCD08FF28D1D19A
:10133000FC20CB00C000C9080340C9020B43ED18D4
:101340006DBAABB2013413800232A145E6D1029BE3
:10135000009A9B1802935346039A9B189A46049B43
:101360009C44019B013301939B45B0D1FEF7FDF9ED
:101370004F46434622245B005B4499463B5D5D46F5
:101380005646032B3BD0032B53D8012B00D11FE231
:10139000022B01D0FEF7E9F96878B378C008DB08C2
:1013A000C01AC343DB1718402B8872785B0592087C
:1013B0009B0E9B1ADA43D21713405B01C002C01880
:1013C0002B783278DB06D208DB0E9B1ADA43D21771
:1013D0001340C01880B2009B2988F278FC2B01D8FA
:1013E0005A43120AE7F7B4FB40BA28800235A945F0
:1013F00001D100F051FF3B5D0436032BC3D1B3781C
:101400006878DB08C00858432B8872785B0592081F
:101410009B0E534340119B115B01C002C0182B78F7
:101420003278DB06D208DB0E53435B11C01880B262
:10143000D1E7042B01D0FEF798F96878B378C0089B
:10144000DB08C01AC317C01858402B8872785B0598
:1014500092089B0E9B1ADA179B1853405B01C0023F
:10146000C0182B783278DB06D208DB0E9B1ADA170D
:101470009B185340C01880B2ADE74F4643465E46C6
:101480002224019A5B00D318317899463B5D150000
:10149000CA088908032B38D0032B4AD8012B00D166
:1014A0007DE1022B01D0FEF760F96878C008801A50
:1014B000C343DB1718402B88C0025B059B0E5B1AE9
:1014C000D943C9170B405B01C0182B78DB06DB0E34
:1014D0009B1ADA43D2171340C01880B2009B2988A8
:1014E0007278FC2B01D85A43120AE7F731FB40BA55
:1014F00028800235A94501D100F0B9FE317A3B5D63
:101500000836CA088908032BC6D12B8868785B0582
:10151000C0089B0E50434B4340119B115B01C0021E
:10152000C0182B78DB06DB0E53435B11C01880B26A
:10153000D4E7042B01D0FEF718F96878C008801AA8
:10154000C317C01858402B88C0025B059B0E5B1A5E
:10155000D9175B184B405B01C0182B78DB06DB0EFC
:101560009B1ADA179B185340C01880B2B6E73C00AC
:101570000026029D04945346B1005B5C0498DA088F
:101580009B089C462223C75C032F01D100F00EFE6E
:1015900001D900F00FFC012F01D100F0EEFD022F68
:1015A00001D0FEF7E2F868786446C008801AC343A9
:1015B000DB1718402B88C0025B059B0E1B1BDC430E
:1015C000E41723405B01C0182B78DB06DB0E9B1A67
:1015D000DA43D2171340C01880B2019BFC2B01D80C
:1015E00000F0BDFD2880701C049C484530D0029B53
:1015F0000431420051449A180D785378EE08DB0804
:10160000AD08032F00D156E1042F00D13BE1012F9B
:1016100000D121E19B1BDC43E4172340DB029C4605
:1016200013885B059B0E5B1BDD43ED172B40157884
:101630005B01ED06ED0EAE1BF543ED1763442E4046
:101640009B1901301380043102328145D4DC049CA3
:101650004346013398469B4501D1FEF786F8029830
:10166000009B039AC018534649469B189A4602901D
:1016700004F0ACFA7CE7C448FEF77DFA2600444645
:10168000049400250027A846009C0196019AFB10AF
:10169000D35C0722BA431341012222211340049A4A
:1016A0005B42525CDBB2032A01D100F095FD01D907
:1016B00000F06DFC012A01D100F0B4FD022A01D036
:1016C000FEF753F8DD002E00FC25D808ED00218838
:1016D000C0022E403043DB081B1849BA89B29BB2C6
:1016E0000020994201DDCB1A98B25346FC2B4AD90F
:1016F00040BA2080404601301500019E484534D054
:10170000009B4100591807239C463A1D6746019CDF
:10171000D310E35C97433B41012423405B420F8895
:10172000DBB2032D00D1E7E07FBABFB2042D00D1B8
:1017300008E1012D00D1CFE0DC08E602FC24B04630
:10174000E400DE0034404646DB0834431B199CB2FB
:101750000023A74201DD3F1BBBB25BBA01300B8007
:10176000043202318145D1DC019E059B029A01338E
:101770000593934201D1FDF7F8FF009B5B44009372
:10178000039BF6187DE75246E7F7E2F9012340BADA
:1017900098442080C145E7D00437023476E76B785F
:1017A000DB089B181F2B00DD1F23D8022B885B054D
:1017B0009B0E5B183F2B00DD3F235B01C0182B788D
:1017C000DB06DB0E9B181F2B00DCCDE61F23CBE6D0
:1017D000B3786A78DB08D2089B181F2B00DD1F2323
:1017E0002A88D802737852059B08920E9B183F2BCB
:1017F00000DD3F235B012A78C0183378D206DB086E
:10180000D20E9B181F2B00DC34E61F2332E6B37880
:101810006A78DB08D2089B181F2B00DD1F232A885B
:10182000D802737852059B08920E9B183F2B00DD5F
:101830003F235B012A78C0183378D206DB08D20E2A
:101840009B181F2B01DCFFF72FFB1F23FFF72CFB3F
:10185000401A80B2FEF78FF99B191F2B00DD1F2362
:101860001488DB026405A40E2D193F2D00DD3F25F1
:101870006D015B191578ED06ED0EAE191F2E00DD1A
:101880001F269B19DDE69B1BDC171B196340DB023F
:101890009C4613885B059B0E5B1BDC171B19634082
:1018A00014785B01E406E40EA61BF41736196344B2
:1018B00066409B19C5E6148873436405A40E65430E
:1018C0005B11AD116D01DB025B191578ED06ED0EB4
:1018D0006E4376119B19B4E6FC24DE00E40026403A
:1018E000DC08E4023443DB081B199BB2DB19274FE9
:1018F000BB4225DD244B30E77CBAA6B2A046FC24CF
:101900000696DF08DE00E4002640FF021F2437436E
:101910004646DB08DB199FB2264023407343069EF0
:101920005B11F40AFE087443E4022343BC083F271A
:10193000069E3C40760937406743BF117F013B4319
:101940009BB20AE7FC24DE00E4002640DC08E40247
:101950003443DB081B199BB29F4201DC00F077FC8B
:10196000FB1A9BB2F9E6002A01DCFDF7FEFE4346B6
:10197000002B01DCFDF7F9FE00218B465F004F4490
:101980004C465546B84624E0FFFF0000FEFF00002D
:10199000C94367465BBA98B2C9B2C30A4B43FF0852
:1019A0001B12DB191F2707404F433F12D219DB02DE
:1019B000D3183F22400910404143B6080912891943
:1019C00049015B185BBA9BB2238002340435A04501
:1019D00016D0E97823880029F6D0AA786E78944644
:1019E0002A78D208FF29D3D16346FC21DB08F60010
:1019F000C900DB020E403343D3185BBA9BB2E3E766
:101A00004B46049A05999B189946534647465B18DE
:101A10009A465B46BF18039A01339B469A42AFD160
:101A2000FDF7A3FE002A01DCFDF79FFE48460028D3
:101A300001DCFDF79AFE039BFC2400259C465044E4
:101A4000E4005246029913780132DF08DE00FF02FB
:101A500026403E43DB089B195BBA0B800231904263
:101A6000F1D1029B009A01359B18029353466344BF
:101A70009A466044AB45E4D1FDF777FE002A01DCCD
:101A8000FDF773FE4B46002B01DCFDF76EFE009B5D
:101A90000020FC25E246072701269C46ED00009029
:101AA00000225146D310CB5C390091430B413340A7
:101AB0005B42D80ED900C00229400143DB0E5B18FF
:101AC000614654005BBA01320B539145E9D153464C
:101AD000039ADC449B189A46009B029A01330093B8
:101AE0009A42DDD1FDF741FE002801DCFDF73DFE05
:101AF00000244E4657464D00390030002A00D3F7E7
:101B0000B3FC009B0134F618019BFF18A345F3D1E9
:101B1000FDF72BFE002A01DCFDF727FE43460024DB
:101B200056464F465D0039002A003000D3F79CFC32
:101B30003000414604F04AF8019B0134F618029B3C
:101B4000FF18009BA342EED1FDF70FFE002A01DC37
:101B5000FDF70BFE4346002B01DCFDF706FEDC46DD
:101B600000255B009C44AA461300E1469C4601996F
:101B70005B4623E0664352BA97B2B046E2433F2643
:101B80007809D2B23040AD0850436C430019FC24B0
:101B9000C010E4002040FC0A54434444240AE402F8
:101BA00004431F2007407A4342441212A21852BA3B
:101BB00092B202330A800231994512D05C780A88C9
:101BC000002CF6D01D78EE08FF2CD3D1FC20EA00C3
:101BD000C000ED080240ED022A43B61876BAB2B250
:101BE000E7E7019A029903985218634601928446E6
:101BF0005A466244484693465246604401329246F1
:101C000081469A42B2D1FDF7B0FD002A01DCFDF712
:101C1000ACFD4346002B01DCFDF7A7FD5B00002671
:101C20005B449946009653465C4626E0F0433F25C8
:101C300049BA8FB27909C0B2294092084143724330
:101C40008A18FC21D210C9000A406146FD0AC90861
:101C5000714345434919090AC90211431F2217401C
:101C600042467843564380190012091849BA89B28E
:101C7000218002340433A14517D0DE782188002E5C
:101C8000F6D01D789A78E808944680465A78FF2E58
:101C9000CCD16146FC20C908D200C000C902024074
:101CA0001143414449BA89B2E2E75B46049A02997A
:101CB0009B189B4653465B1849469A46009B8918D9
:101CC000039A0133894600939A42ACD1FDF74DFD4A
:101CD000029B039A0133019F02939A4201D1FDF7BF
:101CE00044FD4846049B059AC01853469B189A46E3
:101CF0005B46069A41469B1881469B4603F066FF69
:101D0000FEF786F8059B029A0133019E05939A42DD
:101D100001D1FDF72AFD009B5B440093039BE4186F
:101D2000049BF618FDF7F3FE069B039A0133019E10
:101D300006939A4201D1FDF718FD5846049B029A7A
:101D4000C01853469B189A46059B41468346F61891
:101D500003F03CFFFDF74BFE5346069A01339A46CB
:101D6000049F9A4201D1FDF700FD0198029B039A5E
:101D7000C0185B469B189B46059B41460190FF1887
:101D800003F024FFFDF72FFF4346013398469B45A0
:101D900001D1FDF7EAFC0298009B039AC018534654
:101DA0009B189A46049B49460290ED1803F00EFFDB
:101DB000FDF7ADFD042F01D0FDF7D7FC6446687830
:101DC000C008801AC317C01858402B88C0025B0592
:101DD0009B0E1B1BDC171B1963405B01C0182B7883
:101DE000DB06DB0E9B1ADA179B185340C01880B233
:101DF000FFF7F3FB4346059F2600B8465B000393BD
:101E000057464C46039B3D00FF182223F35C032BEF
:101E100000D197E045D8012B6DD0022B01D0FDF702
:101E2000A4FC2388002B28D02B8860785BBA1A0486
:101E3000C008D20E121AD043C01702402088D20226
:101E4000944640055A05800E920E121AD043C017D0
:101E500002405001227899B22B80D206DB06D20EC6
:101E6000DB0E9B1ADA43D21760441340C01880B2CD
:101E70004246E6F76DFE40BA288002350234AF4292
:101E8000C3D15346019A9B189A464B46029A9B1817
:101E90009946069B009A013306939A42B0D1FDF70A
:101EA00064FC042B01D0FDF760FC2B8860785BBAE2
:101EB0001A04C008D20E121AD01712184240D202C9
:101EC000934620885A054005800E920E121AD017AC
:101ED0001218424052015A441000227899B22B80C5
:101EE000D206DB06D20EDB0E9B1ADA179B18534084
:101EF000C01880B2BCE72388002BBED02B885BBA09
:101F0000180499B22B806378C00EDB08C0181F2814
:101F100000DD1F202B8822885B0552059B0E920E48
:101F20009B18C0023F2B00DD3F235B012278C018C5
:101F30002B78D206DB06DB0ED20E9B181F2BD7DDCB
:101F40001F23D5E72388E14A934296D02A886078F8
:101F500052BA1304DB0EC00858434011C3029B461B
:101F600053059B0E1800238891B25B059B0E4343DB
:101F70009B115B015B44180023782A80DB06D206A4
:101F8000D20EDB0E53435B11C01880B270E7042AF7
:101F900001D0FDF7EAFBDD002E00FC25D808ED009E
:101FA000C00221882E400643D80849BA801989B258
:101FB00080B2814200DC8DE1081A80B2FFF795FB08
:101FC00007934B004B440493062355464E460AAAFA
:101FD0009B1805970293270006910BAC2B8802995A
:101FE0005BBA022220000B80D3F73EFA2223FB5C6F
:101FF000032B00D190E03ED8012B65D0022B01D0FD
:10200000FDF7B3FB2B88002B2AD03288607852BAB8
:1020100093B298461304C008DB0E1B1AD843C017AE
:102020000340D80253059B0E1900238832805B05BC
:102030009B0ECB1AD943C9170B405B01C0182378FC
:10204000D206DB06DB0ED20ED21AD343DB171A40C0
:10205000801880B24146059AE6F77AFD40BA308092
:10206000049A023600230235B242B7D13C000699E9
:10207000059FFDF706FC042B01D0FDF776FB3388A6
:1020800060785BBA9AB290461A04C008D20E121A4F
:10209000D01721881218424049055805890E800E34
:1020A000401AC11740184840D20240011018227847
:1020B0003380D206DB06D20EDB0E9B1ADA179B1892
:1020C0005340C01880B2C5E72B88002BC8D0338896
:1020D0005BBA9AB29046627833801B04DB0ED2085A
:1020E0009B181F2B00DD1F232288D802338852053E
:1020F0005B059B0E920E9B183F2B00DD3F235B017F
:102100002278C0183378D206DB06DB0ED20E9B187D
:102110001F2BD6DD1F23D4E72A886C4B9A429FD011
:1021200033885BBA9AB2904662781804C00ED2081F
:1021300042435805810E208852114005800E4843C5
:102140008011D20233804001DB061018DA0E2378AA
:10215000DB06DB0E53435B11C01880B27AE71A002E
:102160002988E6F7F5FC013640BA2880B14501D14F
:10217000FFF76DFA0235FFF7FEF96B78DB089B1865
:102180001F2B00DD1F23D8022B885B059B0E6344A9
:102190003F2B00DD3F235B01C0182B78DB06DB0EF5
:1021A0009B181F2B00DC21E61F231FE664462B88AB
:1021B00068785B05C0089B0E5043634340119B1138
:1021C0005B01C002C0182B78DB06DB0E53435B11AA
:1021D000C01880B2FFF701FADD002E00FC25D808F8
:1021E000ED002E402188C0023043DB081B1849BA9D
:1021F00089B29BB21D00C80ADB0858431F231E008A
:102200002B400E407343C0025B1118433F234E091D
:10221000AD081E402B4073439B115B01184380B2F5
:10222000FFF763FAFC25D808DE00ED00C002218824
:102230002E400643D80849BA801989B280B2244B8F
:102240000818984200DCB8E62048FFF74EFADB1B7E
:102250009BB2FFF782FA079B013307939B4501D19D
:10226000FDF783FA002900DDABE6FDF77EFA534661
:10227000069A01339A469A4201D1FDF776FA0198FF
:10228000029B039AC0185B4641469B189B460190EF
:1022900003F09CFCFFF7F2F8069B039A01330693C8
:1022A0009A4201D1FDF761FA5846049B029AC01880
:1022B000534641469B1883469A4603F087FCFFF736
:1022C00058F800220792FDF7DCFAC046FFFF000035
:1022D000FEFF0000401A80B2FFF707FA4446029B57
:1022E000009A01349B180293002D10D0A34501D110
:1022F000FDF73BFA1800049B4946ED1803F066FC15
:10230000029B009A01349B180293002DEED1A34545
:1023100001D1FDF72AFA4946029803F057FCDEE79F
:10232000544609E0A34201D1FDF71FFA059BFF18AF
:102330004146019803F04AFC019B029A01349B1824
:102340000193069B002FEDD1A342F1D1FDF70DFAC9
:1023500000240CE0039B9C4201D1FDF706FA5B468A
:10236000069A9B189B464146484603F02FFC4B4675
:10237000049A01349B1899465B46002BEAD1039BD3
:102380009C42F0D1FDF7F1F9002409E0A34201D10C
:10239000FDF7EBF9059BF6184146584603F016FC8D
:1023A0005B46049A01349B189B46039B002EEDD19B
:1023B000A342F1D1FDF7D9F9F0B55746DE464E46B6
:1023C00045462123E0B5924682688FB00892C35CEF
:1023D00047689846036881460493C3684F430A934D
:1023E00083690693C36909930369019343699B4613
:1023F0002223C35C002B00D194E0002A00DC8AE099
:10240000002F00DC87E0012900D04AE2019B002177
:10241000002B00D12CE1434605935B46BB46069D4D
:102420000C930390002604980B9142E0012A00D1FE
:10243000E8E0022A37D102784778D31A9046DA4387
:10244000791AD2171340CA43D2171140CAB2029266
:102450008278DBB2141B9146E243D2171440E4B2F7
:10246000019A0599925D4A4312121CD0FC2A00DDA4
:10247000A8E0D143C9B28C46534341460793634613
:102480005943079B5B181B0A0370634602995F431D
:1024900051434B467F18614662434B439B183F0AAA
:1024A0001B0A47708370013655440130B34500DC88
:1024B00092E02227039AAC78D25D69782B78032AC0
:1024C00000D1B6E0B2D9042AEDD102784778D31A08
:1024D0009046DA179B18791A5340CA178918514049
:1024E000CAB202928278DBB2141B9146E217A4189A
:1024F0005440E4B2B4E7049B0A9A41469B18049303
:10250000099B089A9944039B9B44029B01330293C5
:102510009A4200D08FE10FB0F0BCBB46B246A9464C
:10252000A046F0BD019B002B00D12FE14346FC2BC0
:1025300000D96FE1002AEEDD002FECDD5B4605934C
:10254000069B0024BC469B460F00039400215E4678
:10255000019C049A02914046237843431B1216D0F3
:10256000D84335781178C0B241435D436D182D0AC8
:102570001570757851785D4341436D182D0A55707B
:10258000B5786B43957868431B181B0A9370029BC0
:1025900001349946B9444B4656440293D219CC456E
:1025A000D9DC049B0A9A9B180493099B059A9B44C7
:1025B000019B9B180193039B089A013303939A4252
:1025C000C4D1A8E70370029B013643708470554460
:1025D0000130B34500DD6CE7019B0B99002B35D032
:1025E000089B01318B4296D0019B0C9A9B1801935A
:1025F0000A9A049B9B180493099A069B9B181D003A
:1026000006930FE7027890464344FF2B00DDFF233B
:102610004778DBB2C919FF2900DDFF21CAB2029257
:10262000827891464C44FF2C00DC62E7FF24E4B240
:1026300016E7477802787943534390460A0A029294
:1026400082781B0A54439146240A09E7059B5F469A
:102650009846039B9946089B01318B4200D15AE76B
:10266000049B0A9A9B180493099A069B9B1806934D
:102670004346DB43DBB2CB460025B946069C0498B3
:102680000293039124E0012E5FD0022E1BD1067825
:10269000B21AD743FF173A404778D2B2791A019756
:1026A000CF43FF1739408778C9B2FB1ABC46DF43D6
:1026B000FF173B40DBB24746002F04D0FC2F27D941
:1026C000027041708370013554440130A94538DDF2
:1026D0005E462227F65DA37861782278032E49D0E2
:1026E000D1D9042EEFD10678B21AD717D2197A4071
:1026F0004778D2B2791A0197CF17C91979408778EC
:10270000C9B2FB1ABC46DF17DB197B40DBB2D2E74C
:102710007A43029F01357E439219120A02704246A3
:102720003E00514353436246019F724377439B18D7
:10273000C919090A1B0A4170837054440130A94524
:10274000C6DC4F460399D94685E706789219FF2AD9
:1027500000DDFF224778D2B2C9190197FF2900DDB9
:10276000FF218778C9B2BC466344FF2B00DDFF23FD
:10277000DBB2A0E747780678794301978778724300
:102780007B43BC46120A090A1B0A94E74346FC2B0A
:1027900000D9F3E1002A00DCBDE6002F00DCBAE638
:1027A0004346002B00D125E20026DD430A9B02961A
:1027B0009B46069B0E009946049B41469846EDB207
:1027C000484643460024019707781A784F436A43E6
:1027D000D219120A1A7047785A784F436A43D219AD
:1027E000120A5A7087789A784F436A43D219120AAC
:1027F0009A70019AA41950449B19A242E4DC099BE7
:1028000017009944029B089A0133D84402939342DB
:10281000D6D180E6002A00DC7DE6002F00DC7AE6D7
:102820005B460393019B00269B46069BBC4699464C
:102830000F005146029600245D464A468846049B96
:1028400001940FE01970517859709178997001993D
:1028500001358A46BA445146DB1901914244D445B8
:1028600000DC48E628780028F1D01178FC28E9D867
:10287000C643F4B20E001978464361438919090A28
:10288000197051785E784143664389192600090A18
:10289000597091784143987846438919090A99708B
:1028A000D5E7019B0022002B00D1CCE043460B93DF
:1028B0005B460D935346BB468946069E0C92059097
:1028C00007930021049C41E0012B00D184E0022BFE
:1028D00036D123786778181A9C46C343DB17184013
:1028E000C3B2BA1A0393D343DB171A40D3B202938D
:1028F000A3785D1B9A46EB43DB171D40EDB2019BAD
:102900000B9A5B5C53431B121AD0FC2B40DCDA435E
:10291000D2B29046624640464243039858438018DC
:1029200042465743029A000A5A432070BF18404655
:1029300052466B434243D2183F0A120A6770A27094
:10294000079B4944F6184C448B452CDD2227059BF8
:10295000B578DB5D72783078032B54D0B4D9042B72
:10296000EED123786778181A9C46C317C0185840D0
:10297000C3B2BA1A0393D317D2185A40D3B20293F0
:10298000A3785D1B9A46EB17ED185D40EDB2B6E7F4
:10299000039B49442370029BA5706370079B4C44C2
:1029A000F6188B45D2DC019B002B00D1DCE00C9BA0
:1029B000089A01330C939A4200D1ACE5019B0D9A21
:1029C0009B1801930A9A049B9B180493099A069BEF
:1029D0009B181E00069374E723789C466044FF28EA
:1029E00000DDFF206778C3B2D2190393FF2A00DD10
:1029F000FF22D3B20293A3789A465544FF2D00DDFF
:102A0000FF25EDB27BE72378677858437A439C46ED
:102A1000030A0393130A0293A3785D439A462D0A8F
:102A20006DE749461F00D946E246079A049B0A987B
:102A300001321B1804930998069B1B180693089BE8
:102A4000934200D167E500231D004346DB43DBB220
:102A500005935346CB46069E8946049C07920293F3
:102A6000019727E001296AD002291BD121786778D4
:102A70008A1A8C46D143FB1AC9170A40D943C91791
:102A80000B40A178D2B2081A8A46C143C917084040
:102A9000DBB2C0B24146002904D0FC292AD92270F9
:102AA0006370A070029B4D449C46019B66444C445D
:102AB000AB42B6DD59462227C95DB07873783278CB
:102AC000032930D0CED90429ECD1217867788A1A2D
:102AD0008C46D1175218FB1A4A40D9175B184B4045
:102AE000A178D2B2081A8A46C1174018DBB2484012
:102AF000C0B2CFE751436246039105994A439446D9
:102B0000039A4F436244120A227042465343DB1930
:102B10001B0A0A0063705146434651435843431809
:102B20001B0AA370BEE7217867784A438C46A178D8
:102B30007B4348438A46120A1B0A000AAAE7217807
:102B40008C466244FF2A00DDFF226778D2B2DB198F
:102B5000FF2B00DDFF23A178DBB28A465044FF281B
:102B6000C6DDFF20C0B295E70B9B49469846059B02
:102B70005F469946079B0C9A9A4657E7514524D0E1
:102B8000002A00DCC7E4002F00DCC4E4099B5646A1
:102B90009B46049B00259C46069B914698460A9BB3
:102BA0009A46424663460020147840181C705478B8
:102BB0005C70947892199C705B188742F4DC013544
:102BC000D444D844A945ECD1A5E4002A00DCA2E411
:102BD00000243D00049E069F390030002A00D2F7F1
:102BE00043FC0A9B0134F618099BFF18089BA3427B
:102BF000F2D190E40022089800235B189F42FCDC8D
:102C000001329042F8D186E4F0B5454657464E462B
:102C1000DE46E0B583689BB006930369C67E98469E
:102C2000C3680700079343460C004568002B00D19A
:102C3000BAE043694D4380690493FC2E64D9E5F7FB
:102C400055FF069B0290002B57DD002D55DD030438
:102C50009B46030202009A46FF2300211A40049B70
:102C600008919946434629003F68039204970593CB
:102C700000208846059E049B08E0029A5F701A7047
:102C80009D70001901361B19404528DA3278002A58
:102C9000F7D0594655460F0EF9B22D0E0091E9B204
:102CA0000191FC2AE9D8D5431978039FEDB2694315
:102CB00057437F183F0A00991F705F7851436F4355
:102CC0007F1899783F0A4D43019900194A43AD187E
:102CD0002D0A5F709D7001361B194045D6DB049BA1
:102CE000079A41469B180493059B069A4B4405930B
:102CF000089B013308939A42BAD11BB0F0BCBB4683
:102D0000B246A946A046F0BDE5F7F0FE069A0300DC
:102D1000002AF2DD002DF0DD3A6800209446FF2203
:102D20001A4092461A04120E914642461B021B0E8E
:102D3000019262469846AC46250002920390002715
:102D4000019C029A0096237800994B431B1216D0DF
:102D5000D84351461678C0B24643594389194E4666
:102D6000090A117051785E4341438919090A51706B
:102D70009178414340464343C918090A91707F192D
:102D8000013452196745DEDB029B079A009E9B18AF
:102D90000293049A019B9B180193039B069A0133AB
:102DA00003939A42CBD1A8E7FC2E00D807E1032970
:102DB00000D1DEE00429A0D18069E5F797FE069BEB
:102DC0000400002B99DD10235B429C46AC44624614
:102DD0000F2316009E4300233F6898461992103631
:102DE0000F2D03DC00260F2D00DC52E1199B07207C
:102DF0001B099C4602003B003A40074200D01DE1FF
:102E00006146013101321C605C609C60DC601C61C9
:102E10005C619C61DC611C625C629C62DC621C63C4
:102E20005C639C63DC6340339142EBD8B54200DCC9
:102E30001CE1B3000293731C0093B21C9B0003932C
:102E4000F11C9300301D04938B00059383000893BD
:102E5000731D01939B000993B31D9B469B000A932E
:102E6000F31D99469B000B9308239A46B2445346A0
:102E70009B000F9309239C46B44463460E939B002A
:102E80000D930A239C46B44463460C939B00119314
:102E90000B239C46B444634610939B0013930C236E
:102EA0009C46B444634612939B0018930D239C46A2
:102EB000B444634617939B0016930E239C46B44478
:102EC000634615939B00149343469046009A0090E6
:102ED000019884464846019002983C50AA423DDA47
:102EE00003983C50A84539DA04983C50A94235DA99
:102EF00005983C500098A84230DA08983C50AC4500
:102F00002CDA09983C50AB4528DA0A983C500198D5
:102F1000A84223DA0B983C5055451FDD0F983C50D2
:102F20000E9885421ADD0D983C500C98854215DDAF
:102F300011983C501098854210DD13983C5012981F
:102F400085420BDD18983C501798854206DD16988F
:102F50003C501598854201DD14983C500698013389
:102F6000984200D1C9E607983F180F2DB4DD984666
:102F70003CE703686E00761998460020002E09DDB4
:102F80003A7E03301A707A7E5A70BA7E9A70033392
:102F9000B042F5DB069B012B00DCAEE6079BB14699
:102FA0001D0001241E00069F454428004A46414654
:102FB0000134D2F759FAAD19A742F6DC9DE68069D3
:102FC000E5F794FD069A002A00DC96E66543002D9D
:102FD00000DC92E6002E52D03B6807049946FF239E
:102FE000034073439C4600230002000E7043984642
:102FF000079B3F0E9B4603007743F64360469C4683
:10300000F6B200924B4600211A7809197243121841
:10301000120A1A705A787243D219120A5A709A78A0
:1030200072436244120A9A701B198D42ECDC012330
:103030009844009BD9444345E4D15EE662460132A0
:103040009201D2191C605C609C60DC601C615C6158
:103050009C61DC611C625C629C62DC621C635C6380
:103060009C63DC6340339A42ECD1DFE6079BFF1898
:1030700001239844069B434500D0BBE63DE6110082
:10308000002200231B199D42FCDC01329142F8D141
:1030900033E6002D00DDCCE62FE6C046F0B55746FE
:1030A0004E46DE4645462023E0B5C35C8246063BDD
:1030B000DBB289468FB0142B07D8C04A9B00D35887
:1030C0009F460322C9B2FFF777F90FB0F0BCBB46A9
:1030D000B246A946A046F0BD2123C35C54460193E5
:1030E000036881690393C36847680693C36982686C
:1030F000079303005B6900690893222302910590FE
:10310000E35C002B01D100F010FD002ADDDD002F73
:10311000DBDDBF00CB199B46002801D101F06DFD1E
:103120004B460027012B01D002F0B3FA09970A920F
:103130000494029D059B039E9A46B146A84640E032
:10314000012B01D101F002F9022B31D14B461A7843
:10315000961BF343DB171E404B465B78F6B2DF1B32
:10316000F943C9170F4049468978FFB24D1BE84320
:10317000C0170540EDB250460078444301984443DF
:10318000241415D0FD2C01D100F0B1FFE043C0B2F2
:103190006643424392194E466743434341436C435F
:1031A000DB190919120A1B0A090A32707370B1700F
:1031B00004239844033B9A449944D84501D100F034
:1031C000A3FF4346DC781E785F789D78002C0DD0F5
:1031D000FF2021000002CEF749F8454347437043E2
:1031E0002D123F120012EDB2FFB2C6B22222049B92
:1031F0009B5C032B01D101F0C2F8A1D9042BD7D1DC
:103200004B461A78961BF317F6185E404B465B78D0
:10321000F6B2DF1BF9177F184F4049468978FFB295
:103220004D1BE8172D184540EDB2A4E72123416856
:10323000826802910592C35C54469C460300DB6899
:103240000068069353469B6901935346DB690893D4
:1032500053461F695E692223E35C002B00D1C6E35D
:10326000002A00DC31E7002900DC2EE74B46012B69
:1032700001D002F008F80024002F01D101F061F91B
:103280006346BC4603930A96079009940025079964
:1032900042E0012A01D101F07FF8022A35D10A78F3
:1032A0004F78D41A9046E243F81AD2171440C2431A
:1032B0008E78D217F31A1040DA43D2171340DBB2DC
:1032C0009B46E4B2C0B26246039B525D5A4312125F
:1032D0001BD0FC2A01DD00F031FFD343DBB299465D
:1032E0005443434604944C466343049C5043E418BF
:1032F0004B465F435E435B465A43C019B618240AE7
:10330000000A360A0C7048708E70029B013501313C
:103310009D4201D100F01DFF52462220019B125C0C
:103320005B5D032A01D101F04DF8B2D9042AECD13A
:103330000A784F78D41A9046E217F81AA4188E78B3
:103340005440C2178018F31A5040DA179B18E4B2A1
:10335000C0B25340DBB29B46B5E7030052469968C2
:103360002123406806910190D35C54469C46136823
:103370000593D368089393699846D36912690793B4
:1033800053465F692223E35C002B00D175E30029DB
:1033900000DC9AE6002800DC97E60025002A01D12F
:1033A00001F031F8634604934B46C1460A970995EC
:1033B000029203930020059941E0C0466CC50310BA
:1033C000012A01D100F046FF022A30D10C784F7853
:1033D000E61AF243FD1AD2171640EA43D2171540F7
:1033E0008A78F6B2D31A9046DA43D2171340DBB28A
:1033F0009B46EDB2029A049B125C5A43121216D0FD
:10340000FC2A01DD00F026FED343DBB25C435643C9
:10341000A419240A0C7044465F435C435B46554341
:103420005A437F19A4183F0A240A4F708C70039BDB
:103430000130C918019B834201D100F017FE4A46B2
:10344000C310D35C0722824313410122222413407C
:103450005246125D5B42DBB2032A01D100F0EBFE63
:10346000AED9042AE3D10C784F78E61AF217FD1A88
:10347000B6185640EA17AD1855408A78F6B2D31AF6
:103480009046DA179B185340DBB29B46EDB2B1E78A
:103490002123826801000492C35C44689B46C36890
:1034A0000668059383699846C369069303699C4639
:1034B00043690A932223C35C002B00D1A2E3002AB4
:1034C00000DC02E6002C00DCFFE54B46012B01D0BE
:1034D00001F02BFE6346002B01D101F047FCA40054
:1034E0000021444407934346A14608960B91099353
:1034F0000390079B099A9846089C44E0012B01D150
:1035000000F0D6FE022B36D1237861785D1B9C46F5
:10351000EB43DB171D40EBB2081A0293C343A778B5
:10352000DB171840C3B2BE1B0193F343DB171E40E9
:10353000F6B243461B781800D378434358464343BA
:103540001B1418D0FD2B01D100F03FFED843654677
:10355000C0B24543AC4641434743029D01985D4399
:103560005843734365440918FF182D0A090A3F0A96
:1035700025706170A770012304329844013491458D
:1035800001D100F02FFE2221039B15785B5C50785F
:103590009678032B01D100F0A4FEAFD9042BEAD119
:1035A000237861785D1B9C46EB17ED185D40EBB20C
:1035B000081A0293C317C018A7785840C3B2BE1B9D
:1035C0000193F317F6185E40F6B2B2E70422C9B2CF
:1035D000FEF7F2FE79E552462123476880682221F2
:1035E0000790D35C96699B4613680693D3680A9349
:1035F000D36912690B9353465B690C935346595C2C
:10360000002900D134E1002800DC5EE5002F00DC59
:103610005BE57F00F3190393002A01D101F03CFA26
:1036200008925246002004924A46C44B0D900996D7
:103630000592089A099D9146069E48E0012C01D109
:1036400000F01EFE022C38D134787778611AA44637
:10365000CC43BA1AE4172140D443E4172240D2B233
:103660000192B278C9B2101AC4439246E4172040BE
:103670000291C0B24C465A462478544324121CD0BE
:10368000FC2C01DD00F00AFDE243D2B29046624616
:1036900041464A4302996143891842465743019A79
:1036A000090A62433170BF184146524644434A43B7
:1036B00012193F0A120A7770B27001229144059ADA
:1036C0000235B618039A954201D100F0F6FC222784
:1036D000298868784905890E0A01521A9200521801
:1036E000110152182978C008C906C90E5843594318
:1036F000049C0012E45D12120912032C01D100F0A7
:1037000088FD9BD9042CD8D134787778611AA446E7
:10371000CC170919BA1A6140D41712196240D2B2F3
:103720000192B278C9B2101AC417001960409246CB
:103730000291C0B29EE70300524699682123059189
:10374000D35C16689B46D368544606939369D26946
:1037500040680792524612690492524652690B928F
:103760002222A25C002A00D1EAE0002900DCACE4BD
:10377000002800DCA9E44A46012A01D001F028FC17
:10378000049A002A01D101F08BFB400081460024FD
:103790009944089353460A9409960393049B089806
:1037A0009846099943E0012B01D100F0B8FD022BA6
:1037B00035D10B784D789E1A9C46F343AC1ADB1733
:1037C0001E40E3438F78DB171C40E3B2BA1A029322
:1037D000D343DB171A40D3B2F6B2019343461B78AA
:1037E0001A00437853435A4653431B1417D0FD2BFA
:1037F00001D100F0C6FCDA436446D2B254435E43C2
:10380000554357433619019A029C360A5C43534389
:103810002D19FF182D0A3F0A0E704D708F7001236D
:10382000023098440131484501D100F0B7FC222410
:10383000039B02781B5D032B01D100F060FDB2D920
:10384000042BECD10B784D789E1A9C46F317AC1ADA
:10385000F6185E40E317E4188F785C40E3B2BA1ABA
:103860000293D317D218F6B25A40D3B20193B5E7F8
:10387000002A00D119E25B46FC2B01D901F0A4F823
:10388000002800DC21E4002F01DCFFF71EFC2B4B9D
:103890007900B44600279A468C440397029204911B
:1038A0006346E046049A029E069C981A5A4633786C
:1038B00053431B122AD052464778DD43FF08574333
:1038C0000288EDB25205920E1101891A89008918F9
:1038D0000A01891809120191514602783F12D20655
:1038E000D20E4A432178121269435A435218120ADF
:1038F00001992270627859436A435218120A627021
:10390000A2787B435543ED182D0AA570023001368D
:103910004C448045CAD1C446069B0A9A9B1806931C
:103920000C9A029B9B180B9A0293039B9444079A50
:10393000013303939A42B3D1FFF7C7FB3A08000063
:10394000049A002A00D111E25A46FC2A01D900F05B
:10395000E9FF002901DCFFF7B8FB002801DCFFF7D5
:10396000B4FB40008046049A9844404600249446A4
:1039700098464F4601960B9E63464546B146C24661
:103980000600E046A4461C0001996B7822785A4351
:103990005B465A43121412D028780B785043D24316
:1039A000D2B253431B181B0A0B704B7853431B189E
:1039B0001B0A4B708B785A431218120A8A70023510
:1039C0000134C919AE42E0D164463000C446D04645
:1039D000019B069A01349B180193079A059B4E465A
:1039E0009044CC448018A342C6D1FFF76EFB6346D7
:1039F000002F00D100E2FC2B01D900F04AFF002A81
:103A000001DCFFF762FB002901DCFFF75EFB019B95
:103A1000B24683466646002408009846A4465A46A5
:103A2000002504007B5D73431B1213D04146485DA3
:103A300011785843DB43DBB259430918090A117066
:103A4000517859430918090A517091784B431B1852
:103A50001B0A937001354A44AC42E3D15B46200017
:103A60006446069A01349B189B46089B5744984429
:103A7000059BA342D2D1FFF728FB6346002A00D161
:103A8000F7E1FC2B01D900F0ABFE002901DCFFF7C8
:103A90001CFB002801DCFFF718FB0026059B0196A4
:103AA0009A460600C3460297130050466246002716
:103AB0009C466346DB5D53431B121FD05C46F910E6
:103AC000615C0724BC432141012421404942C9B221
:103AD0005943DB430478DBB25C43A0468844444648
:103AE000240A047044785C43A04688444446240A6F
:103AF0004470847863435B181B0A83700137484421
:103B0000BE42D6D1634694461A00089B07999A4450
:103B10005B465B189B46029B0699D218019B0133BA
:103B200001939942C0D1FFF7D0FA002800D1EAE111
:103B3000019BFC2B01D900F08BFD002A01DCFFF773
:103B4000C4FA002F01DCFFF7C0FA00239846BF003B
:103B5000FF339A46CF1943463C0009920493059FD0
:103B6000A046029E3C00039FF17800292FD02578C3
:103B7000019B4D435D432D1429D0FF200002CDF75A
:103B800075FB7378B17843431B129B4633784143EE
:103B900058435346EA43001218403B78D2B253438D
:103BA0006843C018000A534638705846184003004E
:103BB00078786B4350431B181B0A7B7053460912DD
:103BC0001940BB784D435A43AD182D0ABD700436D9
:103BD00001344F44B045C7D14446039B069A089927
:103BE0009B180393079A029BA4189B180293059BAA
:103BF000099A5B180593049B013304939A42AED152
:103C0000FFF763FA6346002B00D1DCE15B46FC2B37
:103C100001D900F089FD002A01DCFFF756FA002CDB
:103C200001DCFFF752FAA0000024634640444D46F1
:103C3000B246A146040002934246514602980194BE
:103C4000D678037873435E4673431B1416D0DE4365
:103C500017780C78F6B274435F433F193F0A0F7030
:103C600057784C785F4374433F193F0A4F709778F9
:103C70007B438F787E439B191B0A8B70019B043218
:103C8000013049199342DBD1029A0A991C0052185B
:103C900002920122059B91449A44069B9844E418A1
:103CA000049B4B45C8D1FFF710FA5A46FC2A01D9AC
:103CB00001F02AFC002801DCFFF707FA002F01DCE5
:103CC000FFF703FA002A01D1FFF7FFF9B2467800A7
:103CD000D1430027DE4B824498461300069ABB4628
:103CE0000190CFB2504649469246019A8446851AC1
:103CF000894618002B005546424641465C78E40848
:103D000054431A8824125205920E1601B61AB600B0
:103D1000B6183201B6181A783612D206D20E4A43B5
:103D200029781212424379435218120A2A706A788B
:103D300046437A439219120A6A70AA7844437A4336
:103D40001419240A0233AC704D449C45D4D10A9A0C
:103D50000300604692445A460B9C01320019079CAE
:103D6000494693469442C0D1FFF7AFF95A46FC2A20
:103D700001D901F087FB002901DCFFF7A6F9002833
:103D800001DCFFF7A2F947009C460699DF19079B63
:103D9000B3468A464E460024100099466546E046E2
:103DA0005946A44604006B7863431B1212D028784E
:103DB0000A785843DB43DBB25A431218120A0A70DE
:103DC0004A785A431218120A4A708A7853431B18C9
:103DD0001B0A8B7002358919AF42E4D15B46200083
:103DE0006446C44653449B46059B0134CC444F442F
:103DF000A342D3D1FFF769F9FC2B01D901F01EFBD7
:103E0000131E01DCFFF761F90A1E01DCFFF75DF903
:103E10006146002901D1FFF758F9019ECD43B6183C
:103E2000069A804692466046BC464F469946EDB299
:103E3000029BF41A434621781A7841436A43521888
:103E4000120A1A705A7801346A435218120A5A70C8
:103E50009A786A435218120A9A70DB19A642EAD17C
:103E600001239C44089BD044F618E145E0D1FFF7BC
:103E70002CF9FC2B01D901F0B1FA002901DCFFF784
:103E800024F9002801DCFFF720F96346002B01D15B
:103E9000FFF71BF9DB430025DEB2059B47460120F7
:103EA0009A46A8463B005246674600219C46654616
:103EB000CB10EB5C07258D432B41034015785B420B
:103EC000DBB27B437543ED182D0A1570557801312F
:103ED0007543ED182D0A557095787543EB181B0A3C
:103EE0009370019B4A448B42E1D16346BC461F005C
:103EF000089B9A44079BFF1801239844069B43455F
:103F0000D0D1FFF7E2F8019BFC2B01D901F035FB82
:103F1000002A01DCFFF7D9F8002F01DCFFF7D5F804
:103F2000BF000C00CF19FF21002688469A46CB46D9
:103F30000492029625002E00A146039CF1780029E8
:103F40002DD055464D432D1229D0FF200002CDF72C
:103F50008DF97378B17843431B1201933378414351
:103F600058434346EA43001218402378D2B25343E1
:103F70006843C0184346000A20700198091218408F
:103F8000030060786B4350431B181B0A6370434661
:103F90001940A3784D435A43AD182D0AA570043635
:103FA0005C44B742CAD14C46039B069A9B180393C4
:103FB000079B049AE418FF18029B013302939A426C
:103FC000B8D1FFF782F85B46FC2B01D901F018FB52
:103FD000002A01DCFFF779F8002C01DCFFF775F807
:103FE0000020824618004B46B1461E00A5004544FD
:103FF0004246494683465846D37843431B1216D05F
:10400000DC4317780878E4B260435F433F183F0A07
:104010000F70577848785F4360433F183F0A4F70EE
:1040200097787B438F787C431B191B0A8B70043273
:1040300089199542DFD10122059B92449944069B40
:1040400058469844ED18049B5345D1D1FFF73DF8ED
:104050003A0800005B468B70039B0E704D70C918C8
:10406000019B0130834201D0FFF7E9F9029B002B4D
:1040700000D1B6E1099B069A013309939A4201D116
:10408000FFF723F8029B0A9A9B180293089A059B54
:104090009B180593079B9944FFF78CF9029AB0701F
:1040A0003270019A0235727001229144059AB61855
:1040B000039A954201D0FFF70AFB0B98089A8446B1
:1040C0000C990398521808920A99069A604452185B
:1040D0000692099A0799624409920D9A0390013257
:1040E0000D92914201D0FFF7A4FAFEF7EEFF4B4686
:1040F0001E705F709D7004239844033B9A4499445A
:10410000D84501D0FFF75DF80799059B8C465946C5
:10411000089A61449B180593069A039B8B469B184B
:104120000393029B0A9A63440293099B0133099308
:104130009A4201D0FEF7FDFFFEF7C7FF5B468B708A
:10414000029B01350C70487001319D4201D0FFF790
:10415000E3F86346002B00D1E3E1099B059A0133A4
:1041600009939A4201D1FEF7B0FF0A9B069A9C443C
:10417000079B9B180793089A019B9B180193FFF7D5
:1041800085F8029B02304B70019B0E708B700123EF
:1041900001319844484501D0FFF749FB049B0B9A35
:1041A00007999B180493069A099B89449B180993C5
:1041B000089B059A5B1808930A9B01330A939A425D
:1041C00001D0FFF7EBFAFEF780FF029B0432237069
:1041D000019BA6706370012301349844914501D07E
:1041E000FFF7D1F9079B0A9A06999B180793059A3E
:1041F000089B89449B180893099B049A5B180993B0
:104200000B9B01330B939A4201D0FFF772F9FEF733
:104210005CFF777834787A431212D2B20192B27886
:10422000614350430912C9B20012A446924602915A
:10423000C0B2FFF71FFA0C781D0026008A784F786D
:104240005E4353437D431B0A90469B46360A2D0A24
:10425000FFF7D0F80C781E19FF2E00DDFF264F78EF
:10426000F6B2FD18FF2D00DDFF258A78EDB29046ED
:104270004344FF2B00DDFF23DBB29B46FFF7BAF878
:104280003478A4466144FF2900DDFF217778C9B264
:10429000BA180291FF2A00DDFF22D2B20192B27851
:1042A00092465044FF2800DDFF20C0B2FFF7E2F93C
:1042B00023789C466544FF2D00DDFF256178EBB235
:1042C00040180293FF2800DDFF20A778C3B2F6193B
:1042D0000193FF2E01DCFFF777F9FF26F6B2FFF717
:1042E00028F9237861785D43A77848437E439C464C
:1042F0002B0A0293030A0193360AFFF71AF90B7887
:1043000014001E004D788F786C4356437A439C46C8
:10431000230A0293130A360A0193FFF75FFA0B7818
:10432000D6189C46FF2E00DDFF264D78F6B2AC185D
:10433000FF2C00DDFF248F78E3B2BA180293FF2A26
:1043400001DCFFF792FAFF22FFF78FFA4B461A784B
:10435000B618FF2E00DDFF264B465B78F6B2FF183D
:10436000FF2F00DDFF2749468978FFB26D18FF2D2A
:1043700001DCFEF759FFFF25EDB2FEF7FCFE4B46D0
:1043800049461A7889785B7856435F434D43360A2D
:104390003F0A2D0AFEF7EFFE0A78D4189046FF2C4C
:1043A00000DDFF244F78E4B2F818FF2800DDFF207D
:1043B0008E78C0B29B19FF2B01DCFEF7CBFFFF23E9
:1043C000FEF7C8FF0A78180014008E784F785C4317
:1043D000734378431B0A90469B46240A000AFEF763
:1043E00072FF049BC8469C46039B099D9946059B0A
:1043F000089A01359B180593079B9844069BAB428E
:1044000001D1FEF762FE6346DB43DBB20024059A6E
:104410000293039523E001296FD002291AD117785E
:104420005678F81AC143C9170840F11ACD43ED1761
:1044300029409578C0B2EB1AAB46DD43ED172B400F
:10444000C9B2DBB26546002D04D0FC2D2DD9107009
:1044500051709370019B01344A44A3423ED04146BF
:10446000E310CB5C0721A1430B41012122200B402B
:104470005146095C5B42DBB2032931D0CBD9042918
:10448000E8D117785678F81AC11740184840F11A41
:10449000CD17491969409578C0B2EB1AAB46DD17C4
:1044A0005B19C9B26B40DBB2CCE76843029D0134B3
:1044B0006F43C019000A107060466E43414389196A
:1044C000090A280051705D46614645434B435B191C
:1044D0001B0A9370019B4A44A342C0D1039D86E707
:1044E00056781800310095781778594378436B4314
:1044F000AB46000A090A1B0AA4E71778F818FF2838
:1045000000DDFF205678C0B29919FF2900DDFF2198
:104510009578C9B2AB465B44FF2BC4DDFF23DBB209
:1045200090E7039B9C46099C059B01340798A34296
:1045300001D1FEF7CAFD069B089AC018019B9B1883
:104540000193029B02009946222398466346DB436F
:10455000DBB2019F814404930790099423E0012971
:1045600055D002291BD116785578F01AC143C917C6
:104570000840E91ACC43E41721409478C9B2E31A01
:104580008B46D943C9170B40C0B2DBB26146002944
:1045900005D0FC2924D9594610705170937001320E
:1045A00001379145BFD051464046095C3B7803290D
:1045B00041D0D4D90429F2D116785578F01AC11710
:1045C00040184840E91ACC17091961409478C9B2DB
:1045D000E31A8B46D9175B184B40C0B2DBB2D5E764
:1045E00004994E43039666467043039E4D43361826
:1045F000360A4C43167061465E4671436D1861463B
:104600004B43E4182D0A240A55709470C7E71678B6
:104610009819FF2800DDFF205578C0B2E918FF295E
:1046200000DDFF219478C9B2E3188B46FF2B00DD33
:10463000FF23DBB2AAE7167819003000557894788A
:10464000694358436343090A8B46000A1B0A9DE7E6
:10465000002A01DCFEF739FD002F01DCFEF735FDF5
:1046600000239846FF339A464346BF00CE19049272
:104670000193B046029C039F059E07E038707B7053
:10468000BA70043401364F44A04537D0E178002990
:10469000F7D035784D432D12F3D0FF200002CCF730
:1046A000E5FD6378A27821784343424348431B12D7
:1046B0009B4612120012FC2DE0DC5346E9431840E1
:1046C0003B78C9B24B436843C018000A5346387060
:1046D00058461840030078786B4348431B181B0A60
:1046E0007B7053461A40BB78554359436D182D0AC9
:1046F0000434BD7001364F44A045C7D14646039BE4
:10470000069A08999B180393079A029BB6189B1860
:104710000293059B049A5B180593019B0133019357
:104720009A42A6D1FEF7D1FC002A01DCFEF7CDFCAF
:10473000002C01DCFEF7C9FC0025A40063464444BC
:10474000B24602954E4625000A9F0193B94642465D
:1047500051463700AB46019809E00C7053784B7016
:1047600093788B7004320130C919934523D0D478E3
:10477000037863431B12F5D01478FC2BEDDC260084
:10478000DC430D78E4B25E436543AD192D0A0D702C
:1047900055784E785D436643AD192D0A4D70957876
:1047A00004326B438D7801306C431B191B0A8B70EC
:1047B000C9199345DBD1059B5D469A44019B069A36
:1047C0009C46CC4463460193029B9044AD18049AE6
:1047D00001333E0002934F469A42B7D1FEF775FC73
:1047E000002901DCFEF771FC011E01DCFEF76DFC07
:1047F0000023012001930B00059983468A46414618
:10480000029757468C4611001A003B00002706E02D
:1048100018705870987001374B44BA4228D0CE5D5A
:10482000002EF8D06446F810205C0724BC432041D9
:104830005C4620404042C0B2FC2EE9D87043F643AB
:104840001C78F6B27443A04680444446240A1C7087
:104850005C7801377443A04680444446240A5C7067
:104860009C7866433618360A9E704B44BA42D6D1BD
:1048700013000A0061460898069C824407980918AC
:10488000029812180198013001908442B9D1FEF7C4
:104890001CFC002A01DCFEF718FC002901DCFEF7F5
:1048A00014FC0025089BB246AC464E460D008346DC
:1048B0009946019CE0465A460021A44606E0107045
:1048C00050709070013192198D421CD07B5C002B8E
:1048D000F8D06046405CFC2BF1D85843DB43147899
:1048E000DBB25C432418240A1470547801315C4311
:1048F0002418240A5470947863431B181B0A93707D
:1049000092198D42E2D15B46069A64469B18C446D2
:104910009B4601239C44059B4C4457446345C9D1A5
:10492000FEF7D3FB002901DCFEF7CFFB002801DCFA
:10493000FEF7CBFB00270B9A3C009246049A984660
:1049400094464F464000B3461E1840466346C14653
:104950005946E046A44607E00D704D708D70023058
:104960000133C91986421ED044781A786243121264
:10497000F5D00578FC2AEFDC5543D2430C78D2B24F
:1049800054436419240A0C704C780230544364195F
:10499000240A4C708C78013362435219120A8A70CF
:1049A000C9198642E0D15B466446C446C846069AA9
:1049B00001349B189B46079A059B9044D444B61833
:1049C000A342C2D1FEF781FB002801DCFEF77DFB8C
:1049D000002F01DCFEF779FB7B009C46D74B0021C2
:1049E0009A4666446346B046029101920393434659
:1049F000039A069D9C1A019A07E029706B70A870B3
:104A0000023401324D44A04534D01678002EF7D040
:104A100053465746218860784905890EC008584397
:104A20000B015B1A9B005B1819015B1821781B12A4
:104A3000C906C90E79439B4600120912FC2EDCD828
:104A4000F7432B78FFB27B437143C9185B46090AD1
:104A50002970697873437943C918AB7846435F433B
:104A6000BF19090A3F0A02346970AF7001324D4420
:104A7000A045CAD1069B0A9A9B1806930C9A019BE3
:104A80009B180B9A0193029B9044079A013302935F
:104A90009A42ACD1FEF719FBA84B00219C465B461D
:104AA000D84353460193039BD8469A46C2B2049218
:104AB000059102960298069C22E0012D7BD0022DE2
:104AC0001AD127786678BA1AD543F31AED172A4017
:104AD000DD43ED172B40A578D2B2691AAB46CD4322
:104AE000ED172940DBB2C9B24546002D04D0FC2D9C
:104AF00037D922706370A17002304C44504548D0C1
:104B0000634665462226028841785205920EC908FE
:104B1000594313019B1A9B009B181A019B1802789A
:104B20000912D206D20E6A43019D1B12AD5D12120C
:104B3000032D54D0C1D9042DDED127786678BA1A56
:104B4000D5175219F31A6A40DD175B196B40A57827
:104B5000D2B2691AAB46CD174919DBB26940C9B266
:104B6000C2E76A43049D02306F43D219120A2270D1
:104B700042466E4353439B191B0A2A0063705D46ED
:104B80004346554359434919090AA1704C445045BD
:104B9000B6D1069B0A9A0B999B180693029B079A1B
:104BA0005B180293059B8A44013305939A4200D017
:104BB00080E7FEF78AFA2778D219FF2A00DDFF2264
:104BC0006678D2B29B19FF2B00DDFF23A578DBB2FC
:104BD000AB465944FF29C2DDFF21C9B284E7A5785D
:104BE000277866787A437343694312121B120912BD
:104BF000AB46D2B2DBB2C9B276E74B460024D1460F
:104C0000089205940493029C039EA046B24629E0B4
:104C1000012B00D194E0022B1ED153461A78D71BEA
:104C2000FB43DB171F4053465B78FFB25D1BE94334
:104C3000C9170D4051468978EDB28E1BF043C0175D
:104C40000640F6B201984443241205D0FC2C3CDD0A
:104C500053461F705D709E7004239844049B9A44D1
:104C6000D8454AD04346DC781F785D789E78002C82
:104C70000DD0FF2021000002CCF7F8FA464345434F
:104C8000784336122D120012F6B2EDB2C7B24B467F
:104C900022229B5C032B45D0BAD9042BDCD153468E
:104CA0001A78D71BFB17FF185F4053465B78FFB29B
:104CB0005D1BE9176D184D4051468978EDB28E1B8A
:104CC000F01736184640F6B2BCE7E043C0B2654381
:104CD000434367434243ED180423BF1852467443CD
:104CE000414398446418049B3F0A2D0A240A177014
:104CF000557094709A44D845B4D10799039B8C465B
:104D00005946069A61449B180393029B089A634490
:104D10000293059B8B46013305939A4200D072E7BC
:104D2000FEF7D3F9534651461A7889785B78574392
:104D30005D434E433F0A2D0A360A83E73A080000D6
:104D400053461A78BF18FF2F00DDFF2753465B78C4
:104D5000FFB2ED18FF2D00DDFF2551468978EDB239
:104D60007618FF2EAFDDFF26F6B26BE70022434632
:104D70003700089402930392089A3B009146029DE3
:104D8000B944079726E0012A65D0022A1ED1187877
:104D90005F78041BE243791AD2171440CA43D21732
:104DA0001140CAB201929A78E4B2961B9046F2433F
:104DB000D2171640F6B25946EA784A43121205D085
:104DC000FC2A27DD019A1C705A709E70013304354D
:104DD000994555D052462220125C2C786978AE78DD
:104DE000032A2CD0CFD9042AF0D118785F78041B7D
:104DF000E217A418791A5440CA1789185140CAB248
:104E000001929A78E4B2961B9046F217B618564073
:104E1000F6B2D0E7D143C9B2484354430019000A5F
:104E20004F4318700800019951437F18414672435F
:104E3000414389183F0A090A5F709970C6E75F7895
:104E4000187879430A0A01929A7844435643904667
:104E5000240A360AAFE718782418FF2C00DDFF2457
:104E60005F78E4B2C919FF2900DDFF21CAB20192BF
:104E70009A7890464644FF2E00DDFF26F6B29AE768
:104E8000059B079F069AFF18029B9B180293039BA2
:104E9000049A013303939A4200D06DE7FEF715F9A7
:104EA00000270397370008900293089B3A00994621
:104EB000029DB944049726E0012964D002291ED13D
:104EC00014785778E61AF143F81AC9170E40C1430F
:104ED000C91708409178F6B2CB1A8846D943C9174A
:104EE0000B40DBB2C0B201935B46697859430912AB
:104EF00005D0FC2925DD019B16705070937001329E
:104F00000235914554D051462220095C2B78032963
:104F10002BD0D1D90429F2D114785778E61AF11799
:104F2000F81A76184E40C117401848409178F6B2EA
:104F3000CB1A8846D9175B184B40DBB2C0B201933D
:104F4000D2E7CB43DBB248435F433F1840465C4364
:104F50005843019B4E435943A4194018240A3F0A61
:104F6000000A147057709070C9E714781800260072
:104F7000917857785E434B4378431B0A8846360A3C
:104F8000000A0193B0E714781E19FF2E00DDFF26FA
:104F90005778F6B2F818FF2800DDFF209178C0B2EC
:104FA00088464344FF2B00DDFF23DBB201939BE7E0
:104FB000069B049F079AFF18029B9B180293039B72
:104FC000059A013303939A4200D06EE7FEF77DF80D
:104FD00040001A180292049A002A01D100F01DFC28
:104FE000002408935346370009940393049B390027
:104FF0009C46BA4608983AE0012B5BD0022B30D190
:105000000F784E78BD1AEB43B41ADB171D40E3430B
:10501000DB171C408B78EDB29A1A9846D343DB1706
:105020001A40D3B2E4B2019363461A7843785343EB
:105030005A4653431B1414D0FD2B36D0DA43D2B258
:105040005C4356433619444657435443019A5D43E3
:1050500053437F19E4183F0A360A240A0F704E7032
:105060008C70029B0230CC444944984245D02224A3
:10507000039B02781B5D032B31D0BDD9042BF0D1EB
:105080000F784E78BD1AEB17B41AED185D40E31790
:10509000E4185C408B78EDB29A1A9846D317D21870
:1050A0005A40D3B2E4B20193BEE7019B0D704C703D
:1050B0008B70D6E70F78D519FF2D00DDFF254E78D0
:1050C000EDB2B418FF2C00DDFF248B78E4B29846D3
:1050D0004244FF2A00DDFF22D3B20193A4E70F78F8
:1050E00014003D008B784E7855435A4374439846DC
:1050F000130A2D0A240A019396E7079957468C460E
:10510000049B0B9A02999B180493069B059AFF181F
:10511000089B614463440893099B029101330993FE
:105120009A4200D062E7FDF7D0FFA3004344029308
:105130006346002B01D100F0A8FC002309936346CD
:105140004046079308960391079B02009C468246BF
:10515000089C3AE0012B5DD0022B30D12078677893
:10516000451BEB43791ADB171D40CB43DB17194076
:10517000A378EDB29E1B9846F343DB171E40F3B2B3
:10518000C9B2019363461E78D37873435E46734376
:105190001B1414D0FD2B38D0DE43F6B259437743AD
:1051A0007F1841465D4370434019000A2070019802
:1051B00071434343C9183F0A090A6770A170029BF3
:1051C0000432CC444C449A4245D02220039B1578AB
:1051D0001B5C51789678032B31D0BBD9042BEED1D0
:1051E00020786778451BEB17ED18791A5D40CB17CF
:1051F000C9185940A378EDB29E1B9846F317F618CC
:105200005E40F3B2C9B20193BCE7019B25706170A7
:10521000A370D4E720782D18FF2D00DDFF256778D7
:10522000EDB2C919FF2900DDFF21A378C9B2984664
:105230004644FF2E00DDFF26F3B20193A2E7A378D8
:10524000207867785E43454379439846330A2D0AB0
:10525000090A019396E719000A9A079B50469B1882
:105260000793059A089B9B180893069B049A9C46F3
:10527000099B614401336044099302919A4200D032
:1052800062E7FDF722FF019A53180293002F00D125
:1052900063E3002263460B9604930A9207900997F2
:1052A0000394099B019D9846079938E0012A59D03B
:1052B000022A2ED10C784F78E61AF243F81AD21748
:1052C0001640C243D21710408A78F6B2D31A9246DB
:1052D000DA43D2171340DBB29B46C0B24246049B6E
:1052E00012785A43121214D0FC2A36DCD343DBB2B4
:1052F00050435F433F1850465C4358435B46564318
:105300005A43A4198018240A3F0A000A0C704F70EF
:105310008870029B0135C8444944AB4245D02220E5
:10532000039A2B78125C032A31D0BFD9042AF0D11A
:105330000C784F78E61AF217F81AB6185640C217CA
:10534000801850408A78F6B2D31A9246DA179B1822
:105350005340DBB29B46C0B2C0E75B460E7048705C
:105360008B70D6E70C781E19FF2E00DDFF264F78D4
:10537000F6B2F818FF2800DDFF208A78C0B2924606
:105380005344FF2B00DDFF23DBB29B46A6E70C78DE
:10539000180026008A784F785E43534378431B0AEF
:1053A00092469B46360A000A98E70899099B8C4664
:1053B0000B9A02999B180993069A079B61449B18C4
:1053C0000793019B059A634401930A9B0291013361
:1053D0000A939A4200D064E7FDF777FE002901DCCA
:1053E000FDF773FE002801DCFDF76FFE0026089A2A
:1053F000059BB4464746012492460E00984648460F
:10540000B1464146002206000720D310FB5C9043C2
:10541000034123405B428B704B700B70019B013248
:1054200089199342F0D1079B3000FF1801234E46A3
:105430009C44D0446645E3D1FDF747FE002A01DCD9
:10544000FDF743FE002901DCFDF73FFE089B4E46B9
:105450009C46069B002590469946019F7C183A0081
:1054600003001178997059701178013219709B19E5
:105470009442F6D10135484467446444A845EED1CE
:10548000FDF723FE0A1E01DCFDF71FFE002801DCEC
:10549000FDF71BFE00218C460699E3468A460799D4
:1054A000B4464F4688461E00914645005D193000BF
:1054B000614606E00C704C708C700230C919854250
:1054C00018D04278002AF8D00478FC2AF2D8544345
:1054D000D2430B78D2B253431B191B0A0B704B7883
:1054E00053431B191B0A4B708B785A431219120A2B
:1054F0008A70E2E75B4601339B46D4444644454408
:105500009945D4D1FDF7E1FD002801DCFDF7DDFD73
:10551000002F01DCFDF7D9FD7A0092460A99B618F2
:105520000B9A4F460023844688469146C04D52460A
:10553000069CB01A4178C90869430912A170018814
:1055400049058A0E1101891A890089180A018918EA
:105550000912617001780230C906C90E6943091247
:105560002170E4198642E5D1069A0133424406923D
:105570004E449C45DBD1FDF7A8FD002A01DCFDF778
:10558000A4FD002F01DCFDF7A0FD069BBF009A469D
:10559000079B4E469846039BCD199C460027914693
:1055A0006046029908E004704B7843708B788370F2
:1055B000043180198D4219D0CB78002BF8D00C78AB
:1055C000FC2BF0D8DB430278DBB25A43120AA41852
:1055D000047044784A785C43240AA41844708478A0
:1055E00063438C781B0A1B198370E1E7029B013728
:1055F0004344D44402934544B945D1D1FDF765FDF8
:10560000002A01DCFDF761FD002C01DCFDF75DFDEA
:10561000059BB3469C46069B484600269946A50036
:105620004544B24643465A46060008E0177059788A
:10563000517099789170043392199D421CD0D97899
:105640000029F8D01F78FC29F0D8CC431078E4B2B8
:105650004F436043C019000A107058785778484388
:105660006743C019000A50709878414390784443CA
:105670000919090A9170DEE75B463000564663441B
:105680009B46049B0136C8444D44B342C9D1FDF743
:105690001CFD5346002409934B460B940C920A932D
:1056A000059B039C9946A046029F3FE0012B00D139
:1056B00083E0022B34D1434619780C1BE343DB17FC
:1056C0001C40E3B2049343465A78551BEB43DB1767
:1056D0001D4043469878EDB2861BF343DB171E400E
:1056E000F6B24B4654461B786343019C63431B143C
:1056F00016D0FD2B4ED0DC43E4B2A4466143049C9B
:105700005D435C4309194446090A217061467343AD
:105710004A4348435219C318120A1B0A6270A37005
:105720000A9A0437914490445F455DD0FB783C78F9
:105730009A467D78BE78002B0DD0FF20190000021C
:10574000CBF794FD46434543604336122D120012B9
:10575000F6B2EDB2C4B22222099B9B5C032B1FD090
:10576000A4D9042BDCD1434619780C1BE317E418A9
:105770005C40E3B2049343465A78551BEB17ED188F
:105780005D4043469878EDB2861BF317F6185E40ED
:10579000F6B2A6E74346049A5D701A709E70BFE7A2
:1057A000434619784C43230A049343465A78987821
:1057B000554346432D0A360A93E743461978641841
:1057C000FF2C00DDFF24E3B2049343465A78AD1862
:1057D000FF2D00DDFF2543469878EDB23618FF2EE9
:1057E00000DDFF26F6B27CE70799059B8C465946FB
:1057F000089A61449B180593069A039B8B469B1855
:105800000393029B0C9A634402930B9B01330B930B
:105810009A4200D044E7FDF758FC0493534608969B
:105820000992029E0293B246049D089929E0C0465F
:105830003A080000012B6AD0022B1ED10B784E785B
:105840009F1A9C46FB43B01ADB171F40C3438C785A
:10585000DB17A21A1840D343DB171A40D3B2FFB2AA
:10586000C0B201935A466B7853431B1205D0FC2BF0
:1058700025DD019B0F7048708B70023549445545FA
:1058800058D02220029B2A781B5C032B31D0D1D91F
:10589000042BF2D10B784E789F1A9C46FB17B01A56
:1058A000FF188C785F40C317C018A21A5840D3174E
:1058B000D218FFB2C0B25A40D3B20193D2E7DA4352
:1058C000D2B290465F436246039747467A43039FAE
:1058D0005843BF1842465643019A801953434246E3
:1058E00054431B193F0A000A1B0A0F7048708B7043
:1058F000C3E70B784E781F0030008C785743504335
:1059000062439C46130A3F0A000A0193AAE70B78F8
:105910009F189C46FF2F00DDFF274E78FFB290199D
:10592000FF2800DDFF208C78C0B21219FF2AC3DDEA
:10593000FF22C1E75646089B069A07999B180893D1
:10594000049B059A5B180493099B7618013309930D
:105950009A4200D067E7FDF7B8FB222290466246E4
:10596000D2430023D2B2049207930390019C039A7E
:1059700023E0012953D002291AD117785678F81A52
:10598000C143C9170840F11ACD43ED172940957856
:10599000C0B2EB1AAB46DD43ED172B40C9B2DBB208
:1059A0006546002D04D0FC2D24D9107051709370E1
:1059B000029B01344A44A34252D051464046095CFE
:1059C000237803293FD0D4D90429F1D11778567808
:1059D000F81AC11740184840F11ACD174919694003
:1059E0009578C0B2EB1AAB46DD175B19C9B26B40B4
:1059F000DBB2D5E76843049D6F43C019000A1070FD
:105A000060466E4341438919090A280051705D467A
:105A1000614645434B435B191B0A9370C8E71778EF
:105A2000F818FF2800DDFF205678C0B29919FF2929
:105A300000DDFF219578C9B2AB465B44FF2BD7DD73
:105A4000FF23DBB2ACE75678180031009578177861
:105A5000594378436B43AB46000A090A1B0A9FE788
:105A60000899039B8B46069A02999B180393019B06
:105A7000059A5B440193079B5944013307930291B4
:105A80009A4200D072E7FDF720FB434608934B464D
:105A90000393029B00229946079609920898079C57
:105AA00027E0012B6AD0022B1ED1237862785D1B80
:105AB0009C46EB43511ADB171D40CB43A778DB17FD
:105AC0001940CBB2BE1B0193F343DB171E40EDB26E
:105AD000F6B25946C3784B431B1205D0FC2B28DD88
:105AE000019B25706370A670039B0430E418484541
:105AF00059D0534622229B5C057841788678032B47
:105B000030D0CED9042BEFD1237862785D1B9C4630
:105B1000EB17ED18511A5D40CB17C918A7785940FB
:105B2000CBB2BE1B0193F317F618EDB25E40F6B28E
:105B3000CFE7D943C9B288465D43614602954546E1
:105B40006943029D6D182D0A2570454601996A43E7
:105B500059436F4373438918DB19090A1B0A6170A3
:105B6000A370C1E762782378A77851435D437E43F1
:105B70009C460B0A2D0A0193360AAAE723789C4615
:105B80006544FF2D00DDFF256278EDB28918FF29FD
:105B900000DDFF21A778CBB2F6190193FF2EC6DDF9
:105BA000FF26F6B295E7079B059A06999B1807937F
:105BB000089B049A5B180893099B89440133099355
:105BC0009A4200D06AE7FDF780FAC046F0B5C646B3
:105BD0000600884600B5830706D5038802365BBAFF
:105BE000038001235B42984443465F080F2B00D893
:105BF00092E03C0033004949494A1868083C050ACC
:105C000000020D401040284318605868050A000241
:105C10000D401040284358609868050A00020D4066
:105C2000104028439860D868050A00020D401040D3
:105C30002843D8601869050A00020D401040284327
:105C400018615869050A00020D4010402843586148
:105C50009869050A00020D40104028439861D869F0
:105C6000050A00020D4010402843D8612033072C5C
:105C7000C3D807231F4043461B095B019B19002F14
:105C80003ED01A682648254C1102120A01402240D3
:105C90000A431A60012F33D05A681102120A0140D8
:105CA00022400A435A60022F2AD09A681102120A2F
:105CB000014022400A439A60032F21D0DA68110282
:105CC000120A014022400A43DA60042F18D01A69F0
:105CD0001102120A014022400A431A61052F0FD017
:105CE0005A691102120A014022400A435A61062FE2
:105CF00006D09A69110A1202214002400A439A61B1
:105D00004346DB0705D54546013D6D00735B5BBA35
:105D1000735380BCB846F0BD3300B0E7FF00FF000E
:105D200000FF00FF03680A78934201D0981A704779
:105D30004B784068C01AFAE703680A88934201D09A
:105D4000981A70474B884068C01AFAE700880B8899
:105D5000C01A7047F0B5438A0600DB05DA0D0F0064
:105D6000944685B0002B1CD000250022836818685B
:105D70009C88391AA1420ED29C7C022C07D0002CA0
:105D800011D1DC68615C002901D1B84203D1D88807
:105D9000401805B0F0BD013292B21433143562459B
:105DA000E5D30020F5E7032C17D00020012CF0D11B
:105DB0000E30684401801A8A9968124B00930223BE
:105DC00001F06EFE0028E4D0B3685B199A68801A6F
:105DD000DA68DB88105AC018DBE70E2068440180BF
:105DE0001A8A9968074B0093022301F059FE002894
:105DF000CFD0B3685B199A68DB88801A4010C0184E
:105E0000C7E7C0464D5D0310F0B5DE4657464E4627
:105E10004546E0B5836985B002000291002B35D07C
:105E20000168DB008F697D68ED18437C9B0735D4E2
:105E30002B799C4661466B794B43002B26D0FB7C2B
:105E400000203F2B23D8029B3C681E69D3890E217A
:105E50009B462B6860461B031B0BE418D3F74CF9D9
:105E60001E23FA7C01901340022B1DD0042B00D17D
:105E700076E0082B00D107E1102B00D1C6E0029C90
:105E800000212000D3F744F9200000E0002005B0F5
:105E9000F0BCBB46B246A946A046F0BD2B683868A8
:105EA0001B031B0BC018F2E769790029E7D05B469A
:105EB00000222879002B00D19CE00023002800D18B
:105EC000DAE0D9460720A94F8446063800218046EB
:105ED000BA460392624620781340062B2ED85746C6
:105EE0009A00BA5897464007C01770542879013174
:105EF00001338842EEDC5F46039A6979002F28D18E
:105F0000571CBC468F42BADA019FF619002800D10F
:105F10001DE181466246D5E70007C017E5E7C006E8
:105F2000C017E2E78006C017DFE74006C017DCE7CE
:105F3000C0094042D9E78007C017D6E7424601278B
:105F400010404A467F42D21992B2914640420134F3
:105F5000CBE701328A4292DA019B4C44F618ACE757
:105F60006A79002A00D18AE75B4600212879002B54
:105F700035D000230021002800D1E0E0D8467C483D
:105F80000022032781469C4608E049468009085CB8
:105F9000B05428790132591C904215DD3B0020781D
:105FA0000B400F42F1D0012B55D0022B58D049465F
:105FB0003840085C0121B0542879494201328844B4
:105FC0000134591C9042E9DC63465F466A7901332B
:105FD000002F4AD19A4200DC51E7019FF619804612
:105FE0000028CCD1591C8A4200DC48E70233934296
:105FF000F8DB44E7DC465A4600288AD1531C994214
:1060000000DC3CE702328A42F8DB38E76B79002B90
:1060100000D134E700231F0029795B46D846002BC6
:1060200000D18846002900D129E7230000221978F1
:106030001800B1542979013201339142F7DC013C57
:106040004444241AA4B2019A1C196B790137B6187A
:10605000BB42E2DC13E7494600093840085C97E799
:10606000494680083840085C92E79A4200DC06E71F
:106070000199444476187DE701328A4200DBFEE64E
:10608000019B5C44F61818E76B79002B00D1F6E60B
:106090005A462879002A60D00022914600225946AB
:1060A000944600285CD0012062466746237802406F
:1060B000384232D12F4884460EE0270023780F2043
:1060C00003406046C35C0139B3542879013289B278
:1060D0000134904230DD7B7860461B09C35CB354C9
:1060E000287901328242E8DB01239C465A466B79CB
:1060F000002A17D14A4601329146934200DCBEE69F
:10610000019AB618011ECED14A46511C8B4200DCC2
:10611000B5E602329A42F8DBB1E6164827000022C3
:106120008446CCE74A4601329146934200DCA6E61B
:10613000019A6418B618B1E702239C46D6E70133EA
:10614000934200DB9BE601995C44761812E7931CAE
:106150001A00994200DD51E791E6D946DC46D1E7C5
:106160004A4601329A42FCDB89E6C046C0C50310AC
:10617000DCC50310E0C50310F0B54746CE4680B538
:106180000C0007001500984685B0092A52D0111E50
:106190004AD0BE693000FFF7DDFD8146002843D0BC
:1061A000F368002B07D04146002904D0B869FFF7F7
:1061B000D1FD002845D100234A46D100726852180B
:1061C000318A4B4351881B110909092D00D149001F
:1061D00008335B181B09A380537900202381062311
:1061E0001179E180D356884663810723D356A38172
:1061F000F37C327DDB061E0F3300171E08D04B43A5
:106200000733D808531E1100C018CBF757F878434E
:106210000122637CE081934363744B462674A3613F
:10622000092D09D0012000E0002005B0C0BCB9460E
:10623000B046F0BD2021ACE743465B000120E3807F
:10624000F3E7BB69DA68DB7C11009B061DD4D37AC7
:106250003F2B30D93F229343402BACD10F004B460C
:10626000BA6809680293204B920003900093920849
:10627000042302A8884601F013FC00289BD0414665
:106280007B68401A80101B5696E753684A469B5C11
:10629000002B00D18FE78A68125C002A00D18AE7C0
:1062A0000800497B013B594303689B185B18013B7D
:1062B0001B785BB280E74B46116817009268029327
:1062C0000A4B9200039000939208022302A888468A
:1062D00001F0E6FB002800D16DE741467B68401ADB
:1062E00040101B5668E7C046395D0310255D03105A
:1062F000F0B55746DE464E464546E0B500219BB018
:106300008246D2F7A9FA002801D100F0EEFCA622BD
:1063100000215046D2F706FA0023061E129002937F
:1063200001D100F0EDFC9A4C3368A34201D100F09A
:1063300023FE04230022351F18000433E9580132DC
:10634000A142F9D11792CFF779FD13901798002544
:106350008000CFF773FD15901798002801D100F049
:1063600007FE8C4B99465346B2461E0002E00135AB
:10637000854232D2AB009846534642469B584B4525
:10638000F5D1854B300000249B46D2F779FA844240
:1063900018D221003000D2F75FFA80490700CFF70A
:1063A000D9FD002808D1AE2200213800D2F7BAF971
:1063B0000E90012800D199E101343000D2F760FA43
:1063C0008442E6D35A46159B4344002A00DA002251
:1063D0001A60179801358542CCD3330056469A4649
:1063E000002801D100F0C4FD0025159B002298462D
:1063F00000240021A946674F06E0694D64191C1965
:106400000131043281420CD2B358BB42F5DC00D1D9
:1064100081E140468350179801319944043281420A
:10642000F2D34D461D2200215046D2F77BF90E9043
:1064300080465046D0F746FD179B002B28D041469A
:106440005A1E4A43801A421B1100D243D2171140F0
:10645000159A8B460192002290464E4A914642463A
:10646000B04626001400002E11D04246A700D55990
:106470004D4500DD54E1621C9A4208D24146970026
:10648000CD594D4500DD4AE102349C42EDD34646EC
:10649000029B002B00D08BE1A52200215046D2F7B1
:1064A00041F90023061E0E90029300D184E150466C
:1064B000D0F700FD364C33688046A34201D100F08E
:1064C000D9FD04230022351F18000433E958013296
:1064D000A142F9D11692CFF7B1FC12901698800024
:1064E000CFF7ACFC14901698002801D100F0C6FD3F
:1064F000B3460025274F02E0013585423AD25B467C
:10650000AE009B59BB42F7D1234B002499465B4612
:10651000B34656463000AA460193D2F7B1F98442F9
:1065200018D221003000D2F797F91C490500CFF7A7
:1065300011FD002808D1AB2200212800D2F7F2F883
:106540000E90012800D102E101343000D2F798F911
:106550008442E6D355464A46B2465E46019B9B4678
:10656000149B9B19002A00DA00221A601698013544
:106570008542C4D35E46002801D100F07FFD00278C
:10658000149B0022994600240021BB46014D10E0D7
:10659000FFFFFF1F9AFFFF1F010000E00100060040
:1065A000650000E0D54FE4191C1901310432814225
:1065B0000CD2B358AB42F5DC00D1DDE04846835045
:1065C000169801319B4404328142F2D35F461E2269
:1065D00000215046D2F7A6F8169B0E90002B28D02B
:1065E0005A1E50434246151AEA1B1100D243D217D5
:1065F0001140149A8B46019200229046C04A91465F
:106600004246B04626001400002E11D04246A70094
:10661000D5594D4500DDB4E0621C934208D941468E
:106620009700CD594D4500DDAAE002349C42EDD3E0
:106630004646029B002B00D08BE31E2200215046D1
:10664000D2F770F81D2200210E9006005046D2F7B6
:1066500069F8812200210E9007005046D2F762F8B7
:106660000122C3B200210E9050460193D2F75AF88E
:1066700002220E90040000215046D2F753F8A14B9D
:1066800002900E909C4200D1BFE05046D0F712FC21
:10669000A822804600215046D2F744F8169B149D4C
:1066A0009B46129C0E90C0B2031F022B01D800F033
:1066B0006BFC5B460021002B0BD084460022584621
:1066C0009300EB580132F318C9188242F8D383467D
:1066D000604601235B425B449946891B062801D929
:1066E00000F0AEFC884B80001B589F46AD22002175
:1066F0003800D2F717F80E90A84200D05CE63800B8
:10670000D0F7D0FB584500DA56E63800D0F7CAFB80
:106710000134834651E643469B58994470E6140081
:106720005846764B3100ED186843F30F9B195B1008
:10673000C018CAF79BFD019B0134D8515B461B1A58
:106740009B46179B761B9C4200D28CE69FE6AA22B2
:1067500000212800D1F7E6FF0E90504500D0F3E667
:106760002800D0F797FB484500DAEDE62800D0F77F
:1067700091FB01348146E8E64B469B589B4414E765
:10678000140058465D4B3100ED186843F30F9B1918
:106790005B10C018CAF76AFD019B0134D8515B46F3
:1067A0001B1A9B46169B761B9C4200D22CE73FE7A8
:1067B0003000CFF75FFB6FE65046D2F749F8A522CD
:1067C0000021D1F7AFFF051E0E9000D186E2AA226C
:1067D00000215046D1F7A6FFAB22002107000E9002
:1067E0005046D1F79FFF0E90013084002000CFF774
:1067F00025FB0600043CBF002200E919CEF734FE59
:10680000424B33510123029351E652462B23D35C72
:10681000082250461A400392D0F74CFB00218046D4
:10682000A8225046D1F77EFF1699039B8B46012183
:10683000494259448946149D129C0E90002B01D068
:1068400000F020FC002223605B46012B0ED00020CC
:10685000BC46494623688200AF580130DB199B19BA
:106860000432A3508842F6D367462268254B5B4426
:106870009B00E158EB58C918019B891A012B10D1D4
:10688000BC4600224746002088465946A358AE58C9
:10689000FB1A9B1B0130A35004328142F6D8674695
:1068A0004146184B029A18919A4233D05046D0F77D
:1068B00009FBA922814600215046D1F733FF179CDE
:1068C000159D139E0E90C0B2031F022B00D857E3F4
:1068D0000021002C07D000239A00AA580133BA18CF
:1068E0008918A342F8D3631E9846C91B062800D90D
:1068F000A4E3074B80001B589F46C046650000E09C
:106900009AFFFF1FFFFFFF3FF0C50310FFFFFF1FB0
:106910000CC6031052462B23D35C042250461A4067
:106920009346D0F7CFFAA922814600215046D1F7ED
:10693000F9FE179C159D631E98465B46139E0E90AC
:10694000002B00D0A1E300213360012C0ED0A4461F
:106950000020444633688200A95801305B18DB19D7
:106960000432B350A042F6D364463168E24B0AA821
:10697000E418A4002A5933599B185B1A10220021ED
:106980001993CEF7B7FD1A2200215046D1F7CAFE5F
:10699000382200210E9005005046D1F7C3FE3C225C
:1069A0000E90040000215046D1F7BCFE0E90400727
:1069B00000D52D19182200215046D1F7B3FE3822F8
:1069C00000210E9004005046D1F7ACFE3C220E9000
:1069D000060000215046D1F7A5FE0E90800700D595
:1069E000A41953465B695046ED18D1F7EDFC5346A8
:1069F0009B692D1A5046E4180C95D1F7EDFC5346CF
:106A000000219B68241A0D941A8E0F00002A00D1D1
:106A100041E11B68BA00D458B8492000CFF79AFA70
:106A2000061E00D030E1AB2200212000D1F77AFE13
:106A3000AE220E90804600212000D1F773FE051E85
:106A40000E9000D120E14346002B00D11CE1200034
:106A5000D1F7FEFE81220021D1F764FEAA22C3B243
:106A600000210E9020000293D1F75CFEAD228146FA
:106A700000210E902000D1F755FEAC2200210E908F
:106A800083462000D1F74EFEC1B2AF220E90059191
:106A900020000021D1F746FE0E9006904846494658
:106AA000954B4044129A1B1889009B000491515841
:106AB000D25809909446029A1498012A00D1A7E16D
:106AC000C35863445B1A08935B469B0099468A4B04
:106AD0005D44139AED18159BAD0051595B59200088
:106AE0005B184946525800219B1A81220793D1F71F
:106AF00019FE0E90C0B2012800D161E114239B461B
:106B0000A3445846E1F728FF01905846E1F72AFFD1
:106B1000029B0390012B00D19EE1059A022A00D12D
:106B2000B2E1129B04995D58032A00D105E2012AC3
:106B300000D060E1089B019A00219A1AD30F9B189C
:106B40005B10222220009846D1F7ECFDA8442322B6
:106B500005000E9000212000D1F7E4FD00222D1A3F
:106B6000EB0F5B195B1043440E9002932A23984667
:106B7000A044434608215B78D2008B43134342462E
:106B80005370FF234946069A1340139A5558022B17
:106B900000D1C3E1032B00D1A5E1012B00D186E197
:106BA000202200212000D1F7BDFD43190E9004934F
:106BB00001231E40434604225B78B60093434246BD
:106BC000334353702000D0F765F9019B984200D100
:106BD000EEE05B461868E269236AA1690E90200026
:106BE000119310920F91D0F7B7FC58460199E1F735
:106BF0005FFA03995846E1F761FA2000D0F7ACFC40
:106C000032210EAA2000CFF7A7FA2000D1F720FEEC
:106C100022002B21CFF7A0FA0C2200212000D1F76F
:106C200081FD0D22002105000E9081462000D1F744
:106C300079FD0E90060080462000D0F72BF98346A0
:106C40002000D0F72FF9C0238022DB0501902B40D4
:106C50009205934200D197E0C0238022DB053340A8
:106C60009205934200D17CE0029E0C9B4E44F618A4
:106C70006369049DF61A0D9B4544ED18A369ED1A4E
:106C800033002B4300D0CEE053469B6801371A8E69
:106C9000BA4200D9BDE61298CFF7ECF81398CFF7B7
:106CA000E9F81498CFF7E6F81598CFF7E3F8012242
:106CB00000215046D1F736FD02220E90040000213B
:106CC0005046D1F72FFD0C4B0E909C4245D0984278
:106CD00043D0002234215046CFF73EFA1BB0F0BC1F
:106CE000BB46B246A946A046F0BD2022002112A80C
:106CF000CEF700FCF2E7C046FFFFFF3F01000600B1
:106D00005046D1F7A5FDA6220021D1F70BFD051EA7
:106D10001290E3D0AD2200215046D1F703FDAE2200
:106D20000021070012905046D1F7FCFC1290013070
:106D300084002000CFF782F80600043CBF00220048
:106D4000E919CEF791FBD24B335101230293FFF7A0
:106D5000EAFA3000CFF78EF86FE45046D0F728FCFF
:106D6000B7E7CC4B1E40CA4B9E4200D17CE7802344
:106D70005B059E4201DBC84B9E1B0198642170435A
:106D8000CAF774FA80466FE72A00C248C04B024037
:106D90009A4200D160E780235B059A4201DBBE4B3B
:106DA0009A1A584664215043CAF760FA814653E75D
:106DB0002000D0F777F8039B984200D009E72BE733
:106DC000059B002B51D0022B00D097E614239B4645
:106DD000A3445846E1F7C0FD01905846E1F7C2FDD3
:106DE000029B0390012B06D14346012B03D0099B44
:106DF000013B9B000493129B049A00219D582000A4
:106E00002222D1F78FFC2B1800220E900293ADE6C0
:106E10004246012A00D153E66246049BC358CB1870
:106E20009B1A089350E62000D0F796FB6369200078
:106E30009B196361E3699B19E361A3695B19A36112
:106E4000236A5B192362D0F787FB00232A003100F5
:106E50002000D0F75FF817E74346012B00D15CE62E
:106E6000099B013B9B00049357E614239B46A344D4
:106E70005846E1F771FD01905846E1F773FD029B1A
:106E80000390012B00D185E0129B049A20009D58AD
:106E9000089BED18CFF7FEFF23222D1A00212000BA
:106EA000D1F740FC2B1A00220E9002935EE6079B5E
:106EB000039A00219A1AD30F9B185B1020222000FE
:106EC0005D19D1F72FFC81460E9021220021200070
:106ED000D1F728FC4B460E90181AC30F1B185B10F5
:106EE0005B19049364E6202200212000D1F71AFCEC
:106EF0002022431900210E9020000493D1F712FCA8
:106F0000212206000E9000212000D1F70BFC079BE8
:106F100036189B1B0E900126039349E6079B200021
:106F2000ED18CFF7BFFF21222D1A00212000D1F745
:106F3000F9FB2B1A0E9004933AE62222002120003E
:106F4000D1F7F0FB2222431900210E90200002937A
:106F5000D1F7E8FB232205000E9000212000D1F795
:106F6000E1FB089B2D185B1B01220E900193FDE5B0
:106F700000250024FFF756FA00200022FFF7E2F96F
:106F8000012C6CD00027A3E45B46012B5BD00026CC
:106F9000FFF78FFB4346012B00D175E7099B013BAF
:106FA0009B00049370E7002323604346581A494628
:106FB000CAF75CF90022060046E44346581A5946CF
:106FC000CAF754F9C20F12185210060022603BE4AF
:106FD0004346581A5B46591CCAF748F90600020096
:106FE000206031E443465A1A22602DE4002329E44C
:106FF000002333604B46581A4146CAF737F900213F
:107000000700A2E44B46581A2100CAF72FF9C10F16
:10701000091849100700316097E44B46581A611C63
:10702000CAF724F90700010030608EE44B46591A74
:1070300031608AE400230021336086E4316884E40F
:107040002268FFF701FC0023002699462968434681
:10705000591ACB0F5B185A102260FFF7F5FB00237B
:107060000027984629684B46591ACB0F59184910E2
:1070700031606AE400200022FFF72CFA0027002488
:10708000FFF7A5FAC0B2FFF70FFBC0B21CE4C04681
:10709000FFFFFF1FFFFFFF9FFFFFFF0F034B044A90
:1070A0001B6E9A610022DA611A627047400D00205F
:1070B000F162031010B5002803D00368DB6998471C
:1070C00010BDFEE770B50400150000280FD00029A0
:1070D0000ED0036C08009847A36883420BD3E26884
:1070E00052191018834280414042400070BDFEE7B3
:1070F00083680020F3E70120F8E7C04601207047CD
:107100000068704710B504004068E0F7AFFF042244
:107110000100024B2000E1F7E7FF10BD21710310D1
:1071200070B505000C001600002914D00968343031
:10713000002911D0CDF7ACFD206000280AD00368EB
:1071400068681C69E0F792FF210002003000CEF76A
:107150008BF9012070BDFEE7CDF792FDECE7C0464C
:1071600010B54420CEF76AFE041E05D0442200214B
:10717000CEF7C0F9200010BDFEE7C046F8B5061EE8
:1071800019D0070034373800CDF77EFD041E06D134
:1071900012E021003800CDF77FFD041E0CD02368DB
:1071A00071681869E0F75CFF0500E0F72DFF002823
:1071B000EFD12800F8BDFEE70025FAE7F0B5C64696
:1071C0000600884600B5002826D00700343738006E
:1071D000CDF756FD041E13D0236871681D69280081
:1071E000E0F73EFFE0F710FF002803D141462800FA
:1071F000B369984721003800CDF74AFD041EEBD152
:107200003000283000F024FC3800CDF7CBFD0023FF
:10721000F36080BCB846F0BDFEE7C046F0B5C64698
:107220000400904600B5002833D0002930D0282330
:107230009C4684446746380000F02EFB051E24D08F
:107240000269414616001000A36998473000236C7C
:107250009847E36861681B1AE3603000E0F700FFBD
:107260008046226B2B6929009B18043B38001E685E
:1072700000F02EFB4046E0F707FF200031003430DD
:10728000CDF7D6FC3000CEF7F5FD80BCB846F0BD9A
:10729000FEE7FEE7F8B5041E29D0002926D0080035
:1072A000E0F7C0FE28239C46A44466460700010080
:1072B000300000F0F1FA002817D0226B03690100BA
:1072C0009B18043B30001D6800F002FB23003433A0
:1072D00018002900CDF7ACFC2800CEF7CBFD236CBD
:1072E00038009847E3681B1AE360F8BDFEE7FEE745
:1072F000F0B5C64604000E0000B5002837D00029BE
:1073000034D034239C4684446046E046CDF7B8FC34
:1073100000280DD0036861681B6918001F00E0F7A2
:107320009FFE31000500236938009847002819D0D6
:1073300020003100283000F0AFFA051E12D0474679
:107340000369226B38009B18043B1E68CDF798FC3C
:10735000310002003800CDF7A3FC28696168E0F72E
:107360007FFE0500280080BCB846F0BDFEE7FEE7C2
:1073700070B505690400002D06D08369002B04D088
:107380004068002802D1FEE7FEE7FEE7E0F76EFE68
:10739000021D20002900283000F06EF9051E06D0DD
:1073A000200004213430CDF70BFC024B236428006D
:1073B00070BDC046FD70031070B505690400002D56
:1073C00006D08369002B04D04068002802D1FEE774
:1073D000FEE7FEE7E0F74AFE021D20002900283004
:1073E00000F04AF9051E06D0200004213430CDF704
:1073F000E7FB024B2364280070BDC04601710310F7
:10740000F0B5C64600B504000D0082B0002844D097
:10741000002941D028239C4684446046674600F0FA
:1074200041F9009000283DD00369616818001E00F2
:10743000E0F716FE2900626880463000CEF714F8A7
:1074400020003430CDF7C4FB0190002826D0042260
:107450006946CEF709F8009A236B1069043BC018FF
:10746000042201A9CEF700F8210040466268E0F747
:10747000FFFD009B002B15D061681869E0F7F0FD57
:10748000236C060028009847E3681B18E36030006F
:1074900002B080BCB846F0BDFEE7FEE738000099B8
:1074A00000F076FA0026F2E730B5040000292FD16B
:1074B0002068884200D16BE053688B422FD0197B43
:1074C000002913D1012018731173996851600029A4
:1074D00000D00A601068186000285CD0856895426A
:1074E0005BD0436051689A6013600B0059680029B3
:1074F00003D0087B012800D06CE09868002802D0F7
:10750000057B012D4FD100211973136811001A005A
:107510000B7B012BCCD008000123037330BD936893
:10752000187B002813D1012559681D7310739160D1
:10753000002900D00A601068186000282FD0456824
:1075400095422ED0836091685A6013600B00596891
:10755000002902D0087B012861D198680028D2D088
:10756000057B012DCFD0117B19730121117301739C
:1075700059689160002900D00A60116819600029DB
:107580006ED04868904272D020688B605A60136059
:107590000028C1D1C2E72360A5E78360A3E7236089
:1075A000D2E74360D0E7002935D1012101730021E2
:1075B000197341689960002900D00B601968016057
:1075C000002945D04D68AB424FD0886043601860B9
:1075D00053685968107B18730120107308739968F9
:1075E0005160002900D00A601168196000290DD08F
:1075F0008868904207D020684B609A60136000282A
:1076000000D089E78AE720688B60F6E723601800DE
:107610009A60136080E70D7B012DC6D0DAE7986889
:10762000002817D10120087300201873886858605B
:10763000002800D003601868086000281AD0856808
:10764000AB420BD041608B601960936898688AE701
:107650002060BBE7057B012DE4D084E78160F2E781
:10766000236018005A60136056E74860AEE7206850
:107670004B608BE72160E6E770B504000D00160053
:10768000002804D0002903D0002A02D1FEE7FEE73B
:10769000FEE70C220021CDF72DFF0023012068C456
:1076A00070BDC046F8B5CE46474605000E0080B511
:1076B000002800D189E00468002C0BD0300021693B
:1076C0006B689847002800D18BE000287EDBA46817
:1076D000002CF3D11420CEF7BBFB041E00D186E0B2
:1076E000A868CEF7B5FB81462061002800D17DE077
:1076F000002323732F686360A360002F00D1BFE0D5
:107700003000266104E0BB68002B09D01F0020690F
:1077100039696B6898470028F5DA7B68002BF5D14A
:1077200000232373300039696B682760984700286D
:107730005EDBBC6000222368210001269046002BFE
:107740001ED173E0002802D0077B002F67D0586855
:10775000884251D01E7343461373936858689060F3
:10776000002800D0026010681860002842D04768E6
:10777000BA4261D083605A6013600B68002B55D009
:107780001A7B002A52D11A6850689842DAD1906860
:10779000002802D0077B002F50D09868844618003C
:1077A0008C454ED01E734346137383685360002B81
:1077B00000D01A6013680360002B56D09F68BA424D
:1077C0005AD0586082601060D7E7FEE76468002CEA
:1077D00000D17FE7300021696B689847002800D00E
:1077E00073E72000C0BCB946B046F8BDFEE7FEE72F
:1077F0007C609FE72B60BEE788685860002838D01F
:10780000036018680860002831D087689F4235D02F
:10781000416008008B601960190003009AE7067345
:1078200001211973002311001373A6E701222B68AD
:107830001A734B462361D4E743609CE7012101732F
:10784000EEE748689860002821D003601868086057
:1078500000281AD047689F421BD081608C464B603D
:1078600050681960190063469CE72860AAE7296000
:10787000CFE710000A60C8E79860A3E78160C8E717
:1078800001332C6027602373ABE72960E6E7100023
:107890000A604160E2E7C04670B505000E000028AE
:1078A0000FD00468002C09D0300021696B6898471C
:1078B000002804D006DBA468002CF5D100242000A9
:1078C00070BDFEE76468002CEED10024F7E7C046E7
:1078D0004B6870B50C008968002B45D0002930D06A
:1078E0000B0049680029FBD12268002A4AD0516860
:1078F000A1424BD0936099681D7B8C4619688C42DD
:107900003ED06246002A00D0116062464A60A268FA
:107910009A60136022681A60227B1A7362685A6048
:107920001360012D05D100280AD00A006146FFF737
:10793000BBFD236920001D00CEF79CFA280070BD16
:10794000FEE7217B22688C4619000A60002A12D0CB
:107950005368A34218D091606346012BE9D10028F7
:1079600008D0FFF7A1FDE4E7237B22689C460029AD
:10797000EBD1EBE7FEE763460160012BF1D0D8E7DE
:107980001900C8E70360B6E75160E5E75360B2E766
:1079900070B50C00002839D04B688968002B36D0B0
:1079A000002948D00B0049680029FBD12268002A31
:1079B0003FD051688C4247D0936099681D7B8C46BC
:1079C00019688C423CD06246002A00D011606246A1
:1079D0004A60A2689A60136022681A60227B1A7358
:1079E00062685A601360012D03D10A006146FFF7F7
:1079F0005BFD236920001D00CEF73CFA0020002D1E
:107A000003D02800CEF736FA012070BDFEE7237BB5
:107A100022689C46002900D00A60002A12D05368D0
:107A20009C4213D091606346012BE2D1FFF73CFDED
:107A3000DFE70360C1E7217B22688C461900EBE792
:107A40001900CAE70160EEE75360B6E75160EAE764
:107A500070B5061E04D00468002C05D1346070BDDA
:107A6000FEE7AC68002C08D025006468002CF8D034
:107A700025006468002CF7D1F3E72C68002C04D0B3
:107A80006368AB4208D00023A3602869CEF7F2F9FF
:107A90002800CEF7EFF9DFE700236360F5E7C04683
:107AA000F0B54F464646D6468146C0B514000F0095
:107AB0009846002A15D001239A4605E053464544CE
:107AC000A3432F00F41A0CD04546660875437D1970
:107AD00029004846089B98470028EFDC02D0341E56
:107AE000F2D100252800E0BCBA46B146A846F0BD58
:107AF00010B5034B0100186800F00EF810BDC04629
:107B0000B006002010B5034B0100186800F078FBA8
:107B100010BDC046B0060020F0B54E46DE465746C2
:107B200045460C00E0B50B34814685B0162C21D8B3
:107B3000102900D9D0E000F0A1FA10241823022166
:107B4000C94DEB181A005F68083A974200D172E1FC
:107B500003227B68B9689343FA68CA609160012187
:107B6000FB185A6848460A435A6000F08FFA3800FA
:107B70000830B5E007239C4300D5ADE0A14200D911
:107B8000AAE000F07BFAFC235B009C4200D2B9E142
:107B9000610A00D1ABE0042900D980E138239C467A
:107BA000A1098C44E0463931CB0008225242944668
:107BB000AD4DEB189C446346DF68BC4512D00B000A
:107BC000032661469C4607E0F868002A00DB2CE1AA
:107BD000814200D12DE107007B68B3431A1B0F2AB5
:107BE000F2DD41462A002F690832974200D10BE1AD
:107BF00003207B688343181B0F2800DD86E12A6180
:107C00006A610028ABDA6A68944680229200934247
:107C100000D316E1DA08580901238340604618436F
:107C20008446D3005B199A686860FB60BA609F6005
:107C3000D76001208B10984060455FD863460342AF
:107C40000AD103239943634640000431034203D120
:107C5000400004310342FBD00323A8469C468346E0
:107C60000D00E80040440600AA46F3680BE06146B8
:107C70005A688A43171B1900DB680F2F00DD1BE1D0
:107C8000002F00DB2FE19E42F1D1534601339A468B
:107C900008369B07E9D1032205E003680838013D57
:107CA000834200D0E2E12A42F7D142465946536866
:107CB0008B4353605A46520093469A421DD8002A7D
:107CC00006D11AE05246043292465A465200934672
:107CD0001342F7D05546C4E70C234A4613600020F0
:107CE00005B0F0BCBB46B246A946A046F0BD802315
:107CF0003F22402190469B0057E745460322AF684C
:107D00007B6893439A46A34202D31B1B0F2B7EDC56
:107D1000564B08201B6810331E1900F0DBF9544B3A
:107D2000834601931B68013304D0731E1B18424223
:107D300013401E003100484600F0B0F98046431C55
:107D400000D1FDE05346FB18834200D9F6E0494AD2
:107D500011680292891911605A46013A834200D192
:107D600039E101980068013000D13FE14046C31A73
:107D70005B1802990B6041460723080018400190E8
:107D8000194200D1F9E0C446310001331B1A9C446A
:107D9000614403915B4411405B1A1A40110048464C
:107DA000E046160000F07AF9431C00D13AE1029B4C
:107DB0001968891919604346C21A012092190243B1
:107DC000AB605A60AF4213D053460F2B00D811E17D
:107DD00007220C3B93437A68024005201A437A60DD
:107DE000FA18506090600F2B00D921E143465A6881
:107DF000214B1868884200D21960204B18688842CD
:107E000000D2196047469DE06B689C4611E701224D
:107E10002100134311433C1979604846AC6063600C
:107E200000F034F9380008305AE7BA68D060826050
:107E300095E66146D6E6DF680231BB4200D1D1E665
:107E400086E65A0A042A73D9142A00D9A7E010003A
:107E50005C325B30D200AA18083A16009268884655
:107E6000964210D181E0C046A8020020C40B002039
:107E7000A0020020940B0020BC0B0020C00B0020AF
:107E80009268964204D00321506888439842F7D8FC
:107E90004146D668FE60BA60B760D760C9E614296B
:107EA0005CD9542900D982E06E239C46210B8C4476
:107EB0006F31E046CB0078E601200E0045460919F7
:107EC00004437460B4680835E36038439C60A9607B
:107ED000E9604860CD6048468D60B75000F0D6F844
:107EE00030000830FCE601200C008A185168083484
:107EF0000143516022684846D3609A6000F0C6F89A
:107F00002000EDE62300E108083319E601263919BF
:107F100034437C6029616961CA608A60320002432F
:107F20004A60F850484600F0B1F838000830D7E60B
:107F30009A09100039323830D2008CE7AF4242D073
:107F4000AF687A6803239A43131BA24202D30F2B14
:107F500000DD5CE7484600F099F8C0E65B239C46EC
:107F60008C445C31E046CB001FE601238010834047
:107F700060461843844668608CE7330059464344A2
:107F800001931340CB1A1A4011004846160000F026
:107F900085F8431C00D00AE70026019807E7542A19
:107FA0002BD81A0B10006F326E30D20053E7AA2381
:107FB0005B0099422BD8DD3B9C46E10B8C44783129
:107FC000E046CB00F1E52B4A116802928919116055
:107FD0005A46013AC5E6104200D0C2E65246012395
:107FE000A86892191A438046426001E74146019B06
:107FF0001960C0E643465860ACE7AA2040008242C0
:1080000021D8DA0B100078327730D20023E71A4BF0
:10801000994221D87C239C46A10C8C447D31E046BA
:10802000CB00C2E50198039B083800261818BEE66D
:1080300039004846083100F0E3F8029B1968AB6844
:1080400098465A68D4E60C4882420BD89A0C100025
:108050007D327C30D200FEE6FE237E227F219046D8
:108060009B00A2E5FE227E209200F4E643465B6878
:1080700020E6C046940B00205405000010B50248CD
:1080800000F024F810BDC046900B002010B5024847
:1080900000F01EF810BDC046900B0020002370B504
:1080A000064C050008002360C9F738FA431C00D0CD
:1080B00070BD2368002BFBD02B60F9E7300D00204A
:1080C000014B18687047C046B00600207047C04694
:1080D0007047C046802310B55B01082801D1180005
:1080E00010BDFFF7EDFF16230360173BF7E7C0460F
:1080F000030084469B070BD00300032102E00133F9
:108100000B4206D01A78002AF9D16246981A7047B5
:10811000030019680C4A0D488A188A4302420FD19D
:108120005968094A04338A188A43024208D15968B7
:10813000054A04338A188A430242F1D000E0013331
:108140001A78002AFBD1E0E7FFFEFEFE80808080E7
:10815000F0B5C646050000B5804608200C00FFF7C4
:10816000B9FF06002800FFF789FF224F3100BB68E6
:108170005D6803239D4328001138001B8019C9F74F
:108180009DF8441E7443A64207DC00214046FFF7D9
:1081900085FFBB685B19984206D04046FFF776FF23
:1081A000002080BCB846F0BD40466142FFF776FF34
:1081B00001300DD001222D1BBB6815430E4A5D60B6
:1081C000136840461B1B1360FFF760FF0120E8E7C0
:1081D00000214046FFF762FFBA68831A0F2BDCDDEF
:1081E000064C05492468001B086001210B435360BD
:1081F000D3E7C046A8020020940B0020A002002074
:10820000F0B5C6460C00804600B5002940D0FFF707
:1082100035FF210008394E68012533000320AB43A8
:10822000CA189446526882432800304007006448C8
:108230008468644500D171E064466260A418646893
:108240002C40002F27D10E685E4F891B9B198E682A
:10825000BE4256D0CF68F760BE60002C1DD062468B
:108260001D434D6013608022920093422DD2DA08A4
:108270005C090123A340446823434360D3001B18D7
:108280009A68CB608A609960D1604046FFF7FEFE35
:1082900080BCB846F0BD002C0FD19B18624601246B
:1082A0009268484D1C43CE18AA4259D06546ED68E5
:1082B000D560AA604C603360D5E7624635434D60B7
:1082C0001360802292009342D1D35A0A042A3DD8E7
:1082D0009A09140039323834D60086193268083EBB
:1082E0000325964203D14CE09268964203D0506831
:1082F000A8439842F8D8D668CE608A60B160D16051
:10830000C3E7002C33D1D218604663468068DB682F
:108310001543C36098604D608A50B6E79A18002FE5
:1083200006D10B68C91A8C68D218CB68E3609C60D0
:10833000012313434B60244B81601B689342A4D8F4
:10834000224B40461968FFF703FF9EE7142A13D912
:10835000542A1DD81A0B14006F326E34D600BCE7B5
:10836000D1609160CA608A604C6033608DE762467C
:108370001D434D60136088E714005C325B34D60007
:10838000ABE70123A410A340446823434360B3E751
:10839000AA246400A24205D8DA0B1400783277349C
:1083A000D6009AE70A4CA24205D89A0C14007D32F6
:1083B0007C34D60091E7FE267E24B6008DE7C046C9
:1083C000A8020020B0020020A4020020C40B00205C
:1083D000540500000000000001B40248844601BCBE
:1083E000604700BFC101002001B40248844601BCBF
:1083F000604700BF1502002001B40248844601BC5A
:10840000604700BF9901002001B40248844601BCC6
:10841000604700BF6501002001B40248844601BCEA
:10842000604700BF110200203510001061100010DD
:1084300045120010AD140010151300102114001087
:108440006D1100107D1000109D100010B110001073
:10845000DD040010B910001051080010FD0F0010CD
:088460000D040010753400103A
:1084680048656C6C6F20576F726C642100000000C7
:10847800746573745461736B0000000052544F5359
:10848800206B65726E656C206E6F742072756E6EEF
:10849800696E6721000000000A2A2A2A2050414EEE
:1084A8004943202A2A2A0A006E6F74207375707057
:1084B8006F72746564000000486172647761726568
:1084C80020616C61726D20256420616C7265616445
:1084D8007920636C61696D656400000048617264AD
:1084E80020617373657274006D697373696E6720B8
:1084F800646F75626C652066756E6374696F6E0073
:108508004F7574206F66206D656D6F72790000007D
:1085180052656C6561736500626F6F74325F7732A4
:108528003571303830000000302E3100322E332EB5
:10853800300000007069636F5F77000052455F4349
:108548006C61737369635F3335305F6D6F6473009B
:10855800417567203237203230323600546D7251FF
:1085680000000000546D72205376630053570000DA
:10857800737764726177000062696E0042494E0049
:10858800494D414745000000494D4147455F484531
:108598004144455200000000202C2E3B3A2D5F2913
:1085A8005D7D000006005250D3F075421885031017
:1085B80006005250E182887F208503100600525041
:1085C8003ABCA9113085031006005250ABB3605372
:1085D8003485031006005250BBFF3CB63C8503109F
:1085E80006005250861C03024485031006005250B0
:1085F8005422A29D5885031005005250DE65F46888
:10860800A0CE03100D0A000004E010021C07123768
:1086180032292D29252B3900010310E110031D07EC
:10862800062E2C292D2E2E373F0000021013800A0B
:1086380029806400022A040000004F2B0400000077
:108648009F000000022A040000007F2B04000000A5
:108658007F000000022A040000007F2B04000000B5
:108668009F000000022A04000200812B0400010080
:10867800A00000000F0180961180FFB103012C2D8E
:10868800B203012C2DB306012C2D012C2DB40107AA
:10869800C003A20284C101C5C2020A00C3028A2A19
:1086A800C4028AEEC5010E20003601C83A01050051
:1086B80004000000862E0010C82E0010C82E0010DE
:1086C800642F00103A2F0010722F0010C82E0010CF
:1086D800C82E0010642F00103A2F00100010161B2F
:1086E8002023272A2D30323537393B3D4041434539
:1086F80047494B4C4E505153545657595A5B5D5E3F
:1087080060616263656667686A6B6C6D6E707172D2
:10871800737475767778797A7B7C7D7E80808182A8
:10872800838485868788898A8B8C8D8E8F9090919B
:108738009293949596969798999A9B9B9C9D9E9FA9
:10874800A0A0A1A2A3A3A4A5A6A7A7A8A9AAAAABCB
:10875800ACADADAEAFB0B0B1B2B2B3B4B5B5B6B7FB
:10876800B7B8B9B9BABBBBBCBDBDBEBFC0C0C1C13B
:10877800C2C3C3C4C5C5C6C7C7C8C9C9CACBCBCC81
:10878800CCCDCECECFD0D0D1D1D2D3D3D4D4D5D6D0
:10879800D6D7D7D8D9D9DADADBDBDCDDDDDEDEDF28
:1087A800E0E0E1E1E2E2E3E3E4E5E5E6E6E7E7E885
:1087B800E8E9EAEAEBEBECECEDEDEEEEEFF0F0F1E8
:1087C800F1F2F2F3F3F4F4F5F5F6F6F7F7F8F8F951
:1087D800F9FAFAFBFBFCFCFDFDFEFEFF00003C0283
:1087E8007804B306EE08280B610D990FD011061412
:1087F8003A166C189D1ACB1CF71E212148236C25AC
:108808008E27AC29C72BDF2DF32F033210341836EF
:108818001D381C3A183C0E3E0040ED41D443B74584
:1088280094476B493D4B084DCE4E8E504752FA53F4
:10883800A6554C57EB58825A135C9D5D1F5F9A6092
:108848000E627A63DE643A668E67DA681E6A5A6B6D
:108858008D6CB86DDA6EF46F04710D720C7302745E
:10886800EF74D375AE76807748780779BC79687AE3
:108878000B7BA37B337CB87C347DA67D0E7E6D7E1E
:10888800C17E0C7F4C7F837FB07FD37FEC7FFB7FE3
:1088980000800000080000001000000040000000F8
:1088A8000004000008000000100000004000000064
:1088B800010000E0010000E0010000E0010000E02C
:1088C80026B50010AAB50010C6B50010B8B500103E
:1088D8009CB500108EB5001080B5001072B5001060
:1088E80066B5001058B500104EB5001044B500101C
:1088F80026B500101AB500105CF000105CF00010EE
:108908005CF00010C8F000104EF00010C8F0001025
:108918004EF000104EF000104EF000104EF0001017
:108928004EF0001032EF001082F10010808080813C
:108938008182828384858687898A8C8D8F9193959D
:1089480097999B9EA0A2A5A7AAADAFB2B5000000BB
:1089580022490110603C0110603C0110603C01108C
:10896800603C0110603C0110603C0110603C01104B
:10897800223E011082480110343D01109A55011021
:10898800DC470110603C0110364701106E3C0110B5
:10899800603C0110603C0110603C0110603C01101B
:1089A8001C400110103F011079610310095E03108B
:1089B80000000000100000000300000000FF01009C
:1089C800D48903100000000000000000809C031000
:1089D80090970310EC960310EC89031010000228FE
:1089E80000000000FC8903104C960310AC9503109E
:1089F8003D310000000100000000000000010000FF
:108A0800020000000002000000000000000000005A
:108A1800000000000000010000000000000000004D
:108A28000000000000010A0006FB00000000F4F34B
:108A3800020B0504F7020B01090207000000000001
:108A48000000000000000D02FE0000000000000011
:108A580000000000000400F90000000000FC04040D
:108A68000000FE00FE0200FE00FEFFFC0000000009
:108A7800FE0000FDFD0000FE00FC000000000000FC
:108A8800000000FEFE00FD00FA00E50000FC000406
:108A9800070000FC02020704FC040000F3000000C9
:108AA8000000000000000000F800000000000000C6
:108AB80000000000000000FAFDF500F7FE000000CD
:108AC80000000900F9FEFF0100FC0000FEEF0000B5
:108AD800000000000000000000EEFE090000000099
:108AE8000000000000000000F70000000000000087
:108AF8000000000700020000FC0000000000000069
:108B08000000000000000000000009020100000051
:108B1800000000000000000000000000000000004D
:108B2800000000000000000000000000000000003D
:108B380000000000F8000000000000000000000035
:108B4800000000000000000000000002040207FE10
:108B5800000004FEF9E102060400FD000800070019
:108B68000700EB00FD070007FE0402000001FE00FD
:108B780000FC12001200070009030407000000F8B7
:108B88000000000001FE0002FCFDFC0200FE0000E7
:108B980000F70000000000000000000000F10000E5
:108BA8000000000000000000000000000001F400C8
:108BB800F200000000FE0016FDFD0202FE00FD02AC
:108BC8000000F40000000000000000000000EA00BF
:108BD80002000000000000000000000000F2000D8C
:108BE8000000F8000700F1EAF1FC070000F10003BB
:108BF800FB00FD000000000000000000000000066F
:108C080007E50000000000000000000000000B0065
:108C18000200000000000202FDFC00FFFFFE000051
:108C2800FE000000FC00FE00FBFC00FAF9F9FC0065
:108C3800FC00FC00000000FE0000020002FE000133
:108C480000000002FE000000FE0202FF000000FC1F
:108C580000FF0000000000010003FE00FD00FC0012
:108C680000FE00070000FE0000000000FF01FEFEFD
:108C78000000FE00FE000000000000000000FFFFF2
:108C880000FEFD0000000000010000FE00FEFEFEE8
:108C9800000000000000000000FF00000000FEFDD2
:108CA80000FD00F9FEF9040000FC02040600FAFFCA
:108CB800FD00FFF502FE02F402000001F400F4FEDC
:108CC800EDFE00F50004060003000000000000FCB3
:108CD800FD00F9000000FE000000FE00000000009A
:108CE800FFFF00FFFD00000000000000FEFE00FE88
:108CF800FDFE0000FE000000000000000000000073
:108D0800FEFE00FD00FE00FC020000FD0102020064
:108D18000000000000FE0000000000020000FE004D
:108D2800FEFEFD000000000000000200FE00000042
:108D380000FEFD00FC0007FE01F9000006F5F4F74F
:108D4800FC0200FEF1FC00FC00FC03FCF200FA004F
:108D58000001FF02FE000200F9F700F5FBFBFBF93A
:108D6800FDFA00FCFA01000100FE0000000200020A
:108D78000000000000000000000000FE00FF00FFEF
:108D8800FE00FCFBFBFF00F9000000000000FE00F5
:108D980000000001FF0000000200000000000000C9
:108DA800000B00000000000002000000FE000000B0
:108DB8000000000000000000FC00020000000000AD
:108DC8000000000000000000FE000000FC000000A1
:108DD80000F5F9000000FDF50000FE0200FA0000B1
:108DE8000000000000000000FC0000FC0000000083
:108DF80000000000000000000200FC00000000036A
:108E08000002FCFC00FEFEFD000000000000F9006E
:108E1800FE00FDFE00FBFAF9FE00FC00F900000070
:108E280000120000010000FD000200F60000000032
:108E380000EBFC0707FEF70002FD00F5FFFD02F05E
:108E4800FE030003F8FDF8F9F70000F3000D000039
:108E5800FF000000FFFFFEFAF900EB000000000031
:108E680000000000010000000000000000000000F9
:108E78000000000000FE00FFFEFD0000FC00FE00F8
:108E88000000000000000000000000000000FF00DB
:108E9800FC000004FF0300FB02FEFFFAFE00FDFEDB
:108EA800FE00FDFC0000FEFFFEFCFD0000FE0002CF
:108EB800FE00FB000000FC00FC00FCFC02000000BF
:108EC8000000000000FC0200FD00FEFDF9FEFEFEB1
:108ED800FFFEFDFF0000000000FEFEFE0000000097
:108EE80003FE00FE000000FEFDFEFEFDFE0002097E
:108EF800FF00FA00FE0400FEF7FD030000F5FC0287
:108F0800FC0200FEFEF900FD010000FC000000026A
:108F180002FCFC00FCFEFDFEFE00FC01FCFC070060
:108F28000000000000000000020000000000000037
:108F38000000000000000000000000000000000029
:108F4800FC0000000000000000000000000000001D
:108F58000000000000000000000000000000000009
:108F6800000000000000000000000000FE000000FB
:108F780000000000000000000000000000000000E9
:108F880000000000000000000000FEFE00000000DD
:108F98000000000000000000FD0000FD0000FEFED3
:108FA80000000000FE00000000FF0000000000FEBE
:108FB80000000000FD00FC000000F90002FB0400B6
:108FC800FEF50000FBFE00F7FAFA0000F6FEF7F7E0
:108FD800F500FA00020FFD00FBFEFFFEFCFAFCF8AC
:108FE800F7FBFE0000FE00010000F0FE0705FBF89D
:108FF8000001F900F5FEFE04EBFD010000F1FDF4AF
:10900800FEF00000F0000D0100FE00000000FFFE71
:10901800F7FE00F100000000F900FE00FFFAF5007D
:1090280000FFFDF9FE00FE00000000F6FEF9F9FE63
:10903800FCFAFEFC00FCFEF9FD00FDFCFEFC000154
:1090480000FEF9000400FC00000000030002FC0917
:1090580000FEFEFD000000000000F900FE00FDFE1D
:1090680000FBFAF9FE00FC020900000000120000F3
:10907800010000FD000200000000000000000000E8
:1090880000000000FEFC0000000000FF000000FEE1
:10909800FE0000FCFE0000FC0004FF0000000000D1
:1090A800000100000000030402FE00F9FC0007F9BB
:1090B800F9FCFC090402EDFE04FE00FE02FEF800C5
:1090C800FE02FDFEF9FE0000070400FA00F4FD06AA
:1090D800FDF701FDF9F9FE090200FD00FA0002079B
:1090E800FBF8F7FA070001F0FE02FCFEFB00FBF8B4
:1090F800FDFDFE0000FBFBFE000705FEF400F4FD8D
:1091080000F8F3FFF9FCF9FA060000FD00FCFE0088
:10911800FEFC0004F9020000F400FEFBFCFEF9FA74
:10912800F9FB00F9FEFBFCF9FE0000010BFC00F95D
:10913800FE00FEFCFBFAFAF7FDFC0400FD00F5FD5D
:109148000104F9F8FCF907FE01EBFC04FBFCF8004C
:10915800F9F7FDFEFEFEFBF9FF00000706FEF10031
:10916800F3FB05F7F1FCF8F7F5F90400000000FD42
:10917800000002FD0402FC040000F9FF00FF0001EA
:1091880001FE000000000000FE00000000020700D1
:1091980000FD00000000FEFEFD00000001020000CE
:1091A80000000200FE000900040101FD00040000A7
:1091B8000002000000000000000000000007000698
:1091C8000000000000000000000000000000F300A4
:1091D800FE04000700001603FCFC0202FE01F50075
:1091E800000BF30000000000000000000000F1097F
:1091F8001F000000000000000000000000F3000055
:109208000000000000000000000000000000000056
:109218000000000000000000FC0000FCFE00000050
:109228000000000000000000000000000000000036
:10923800FE00FA0000010000021DFCFE0706FA020B
:1092480000000202FD000000000000000000000015
:10925800E30600000000000000000000000000001D
:10926800000000FA000000FA00000000FBFF000008
:1092780000FB00FD00F500000000000000000000F9
:1092880000F10000000001000000000000FE0000E6
:10929800FC00FD00FA000000FC02FD0000FAFEFBE5
:1092A8000000FA00FE00F500FE0000EEFCF7FEF8F4
:1092B8000000F100FAFF0000000000000000FDFCC3
:1092C800FEFC00000000FB00FB03FE0400FEFBFEAA
:1092D800FCFC00FDFFFE02FAFF000000ECFEFD00B2
:1092E800FB00FEF5FE0000FEFE000000000200FE8E
:1092F800FCFE040000000000000000000000000068
:109308000000000000000000000000000000000055
:109318000000000000000000000000000000030042
:109328000000000000FB00FE000000FC020000003E
:10933800FAFEFC0000FA00FE00F500000000EA005A
:10934800FCF8F50000F100FEFD0000000000000040
:1093580000FEFDFFFD01000004FD00070BFEFEF905
:10936800030B0405FA0309030605060000000000C4
:109378000000000000000E0BFCFE00FE120A1200A6
:109388000000020000080000FC00000000000000CF
:109398000000FE00000000000000000300000000C4
:1093A800EDFDFEF7F50000F10000000000000000F0
:1093B800000000000000000000FC000000000000A9
:1093C800000000FE00000000000000000300000094
:1093D80000EDFDFEF7F50000F700000000000000BA
:1093E800000000000000000000000000FE00000077
:1093F800FB0200FE020402F90000FE020002000067
:109408000000FA00FEFEFC00FEF7000EFE00FBFE68
:1094180000FEFC00FEFAFCFD000000FC000000005D
:109428000000000000FE0000000000000000030033
:10943800000000EDFDFEF7F50000F100000000005F
:10944800000B00000000000000000000FC00F9FD17
:10945800FE07FEFEF701FF01FEFA00050002010209
:10946800FBF7FD00F7FCFAF7F700FCFCFDFDFEFE3C
:10947800FDFE00FEFF030003FE00070000000000E1
:1094880000000000000000FEFEFE0000FA00FF00E1
:10949800FC0000000000000000000000F3000000D5
:1094A8000000000000000000FEFE00FD00000000BB
:1094B800FE0000FCFE0200FCFCFE00FAFEFBFEFDC6
:1094C80000FC0000000000000000000000F10007A0
:1094D8000000FC00000000FD00FE0000FF0000FE90
:1094E80000FB000009FDF9F902020200FA0203027A
:1094F800070207FEFA0000F70000F9FA0000FC0076
:10950800FDFC00FD00FD00FE0300FEF9FE08000062
:10951800FE00FC000003FB0002FE020000F900FE52
:10952800FF00FE02FE000000F7FDFB00F90000F559
:109538000008FE00FC000100FE00FEF900FE02002B
:10954800000000FE000002FD010000FDFE00FD001D
:109558000000000000000000000000000000000003
:10956800F200050000FE000000000000FEFE000002
:10957800000400050000000000F2F3010A0704F7E8
:1095880002090008000400000000000000000000BC
:10959800000C0000000000000000000000000000B7
:1095A800000000000000010200030405020607088D
:1095B800090A090A0B0C0D0E0F10110C12131415C1
:1095C8001500000016171819171919191719191A5B
:1095D8001919191917191719031B1C1D1D1E1F20EE
:1095E800212223002400252627272700272628298B
:1095F80026262A2A272A272A2B2C2D2E2E2F2E30B4
:1096080000002309310900000000000000000000EC
:109618000000000000000000000000000000000042
:109628000000000000000000000000000000000032
:109638000000000000000000000000000000000022
:1096480000000000000001020003040502060708EC
:10965800090A090A0B0C000D0E0F101112130C1435
:10966800140000001516171819161A1B1C1D1D1EAC
:109678001F201D1D1621222303241E2525262728E9
:10968800292A2B002C002D2E2F303132332D343443
:1096980035302D2D2E2E36373839333A3A3B3A3C71
:1096A800290000093D09000000000000000000003A
:1096B80000000000000000000000000000000000A2
:1096C8000000000000000000000000000000000092
:1096D8000000000000000000000000000000000082
:1096E80000000000200000005F00010000000000F2
:1096F8000000000000000200B0000000F3F7600066
:1097080014970310000000003E0003000000721FC1
:1097180051EF58EF5BEF5CEF5DEF61EF63EF65EFE3
:1097280069EF6CEF71EF76EF77EF78EF8EEF93EFED
:1097380098EF9BEF9CEF9DEFA1EFA2EFA3EFA4EFB3
:10974800B7EFB8EFBEEFC0EFC1EFC4EFC7EFC8EF98
:10975800C9EFCBEFE3EFE5EF14F015F017F019F0D0
:1097680030F037F03AF043F06CF074F0ABF03BF1C6
:1097780090F191F192F193F194F1D7F1E3F13DF287
:1097880054F2AAF412F7F2F70000000000000000FB
:109798000000C003000000000000C003030A00002E
:1097A8000F008005050500051C00D0090A0A000005
:1097B8004E00B008090F00FE9200D00B0C0A000002
:1097C800CE00A0090A0B00FF0501F0020305000501
:1097D8000D01B004040E01FD2901C004040E00FDB2
:1097E8004501A005060600055701200808070002E4
:1097F80073013003030500FE7B01600505030003C8
:1098080083013003030300008801F004070EFFFF03
:10981800B9015009090A0000E6013005040A0000F0
:10982800FA011008080A000022020008080A0000CD
:109838004A0260090A0A00007C021008080A0000AF
:10984800A402A008090A0000D1026008080A000062
:10985800F9020009090A00002603A008080A000006
:109868004E033003030800005A033003030B00FDC6
:109878006B032008080800018B0320080806000273
:10988800A303200808080001C3030008080A000011
:10989800EB03800E0E0D00FD4604400A0C0AFF0083
:1098A8008204A00A090A0100AF04200A0A0A00007B
:1098B800E104900B0A0A010013056009080A010077
:1098C8003B05E008080A01006305D00A0A0A0000FF
:1098D8009505600B090A0100C2055004020A01003F
:1098E800CC053007070AFF00EF05100A0A0A010035
:1098F80021065008080A01004906600D0B0A0100FC
:109908008006600B090A0100AD06C00B0C0A0000B6
:10991800E906200A090A01001607C00B0C0D00FD14
:109928006407300A090A01009107B008090A000013
:10993800BE073008090A0000EB07100B090A0100EE
:109948001808F0090B0AFF004F08C00F100A0000A2
:109958009F0870090A0A0000D10810090B0AFF00C5
:1099680008093009090A00003509B004040E01FD90
:109978005109F004070EFFFF8209B004040E00FD30
:109988009E09300807060102B3090007070100FF16
:10999800B709600805020109BC0960080808000049
:1099A800DC099009080B0100080A000808080000F3
:1099B800280A9009090B00005A0A900808080000B4
:1099C8007A0AF004060B00009B0AB009090B00FD97
:1099D800CD0A9009080B0100F90AE003020B010007
:1099E800040B0004050EFEFD270BA008080B010060
:1099F800530BE003020B01005E0BD00E0D080100B3
:109A0800920B900908080100B20BE0080908000051
:109A1800D60B9009080B01FD020C9009090B00FDFB
:109A2800340CC00505080100480C000707080000B1
:109A3800640CD005060A0000820C800908080100A1
:109A4800A20CD0070908FF00C60C900C0D080000F6
:109A5800FA0CC007080800001A0DD007090BFFFD13
:109A68004C0D500707080000680DF004050E00FDB6
:109A78008B0D3004020E01FD990DF004050E00FD5A
:109A8800BC0D200808030003C80DE0050605000604
:109A9800D70D600404030003DD0D000E0F0FFFFE59
:109AA8004E0E000E0E0B00009B0E000E0E0D00FF5A
:109AB800F60E000E0E0B0000430FA0090A0B000063
:109AC8007A0F000E0E0F00FEE30F000E0E0F00FEC1
:109AD8004C10C00F100D00FFB410000E0E0F00FE4A
:109AE8001D11C00F100B00007511000E0E0F00FEA7
:109AF800DE110007070C00FF0812800A0B0C00FF9C
:109B08004A12C00F100E00FEBA12000E0E0B000013
:109B18000713A0090A0F00FE5213400C0A0E01FE9B
:109B28009813400C0D0F00FEFA13400C0D0D00FFAA
:109B38004F14400C0D0D00FFA414400C0A0E01FE3A
:109B4800EA14400C0E0DFFFF4515C008090D00FF73
:109B58008015C008090D00FFBB15400C0D0D00FF56
:109B68001016400C0D0400032A16C00F100B00003D
:109B780082168011120F00FE0917C00F110FFFFE89
:109B88008917000E0E0D00FFE417400C0D080001A8
:109B98001818400C0D0800014C188011120B000019
:109BA800AF18000E0E0B0000FC18000E0E0F00FE82
:109BB8006519000E0F0FFFFED619400C0D0D00FFA2
:109BC8002B1A400C0D0F00FE8D1A400C0D0D00FFD6
:109BD800E21A400C0D0C00FF301B000E0E0B0000AB
:109BE8007D1BC0080A0FFFFEC81B400C0D0F00FEAE
:109BF8002A1C400C0D0F00FE8C1CC00F100B00001F
:109C0800E41C000E100FFFFE5C1D800A0B0F00FE07
:109C1800AF1D8011120D00FF241E8011120A0000D2
:109C28007E1E8011120A0000D81E8011120A000040
:109C3800321F8011120A00008C1F8011120A0000C6
:109C4800E61F8011120C00FF5220400C0C0F00FE82
:109C5800AC20400C0D0F00FE0E21000E0F0FFFFE72
:109C68007F218011120B0000E221800A0B0F00FEF9
:109C78003522100E0F0A00000EA0D90D90C80C80D6
:109C8800B70A60110B80D91F0991F0881F0880F06E
:109C980088000000000D203C00000F0069002FFF25
:109CA800FFFFF7015C11A610006900C300008800DF
:109CB800D2009FFFFFFFF012C523E22000D203C0AD
:109CC8000000F004B0000000700000000E0000006A
:109CD80000E0000019EFEA300CD6E6A702F40E0007
:109CE800001F80E000006FEF50000016FFE5000045
:109CF8000E0AF00100E05F13F85E6EB005CFFE912A
:109D080000000E0000000070000008DD3000A70011
:109D18004B02D004C0007700D01D20004B03D0A711
:109D2800000007DC34C4CC3000001D2D22D0000018
:109D3800A63B00B30005C03A00A3001D200D00D0CB
:109D480000A60004CC40004DFC300000F718C0000D
:109D580001F205D00000BB6E4000005FF300000771
:109D6800E6DB03802F301DBAA05F0001DF401FB47F
:109D780048FEC003BFFC40B200000000001F01F015
:109D88001F00F0000003F10B900F404F007D009B77
:109D980000AA00AA009B007D004F000F400B900313
:109DA800F15E000E6008C004F001F300F500E60063
:109DB800E600F501F304F008C00E605E00009300B1
:109DC80088A6C209FE404DDDB14293500052000002
:109DD8000450000008A0000008A0001FFFFFF303C4
:109DE80039B3300008A0000008A0000103F61E6087
:109DF800E12C00000003FFF90333100003F52E40A7
:109E080000000E400004E000009A00000E4000042C
:109E1800F000009A00000E400003F000009A0000D5
:109E28000E500003F000009A00000E500003F000EE
:109E380000004CFE70004FB68F900DB0005F32F4FA
:109E48000000E74F20000CA4F20000CA2F40000ECB
:109E580070DB0005F204FB68F90004CFE700EFFBB4
:109E680044CB00AB00AB00AB00AB00AB00AB00AB2E
:109E780000AB07DFEA108E857EC0010006F1000006
:109E880006F000000D900000CC00001CC00001DBB3
:109E980000001DE544427FFFFFF97FFFFFF02444E7
:109EA8005F900000BC000009E100003FD8100004EA
:109EB8006DD0000002F4100002F4BD757DD019DFEA
:109EC800EA1000000DA0000000AC00000007E1004F
:109ED80000004F40100002F600F5001DA000F5003C
:109EE8007FFFFFFFF3133333F730000000F5000066
:109EF8000000F50009FFFFF00AB444400C800000A0
:109F08000E7000000FFFFC4003345CF2000000F705
:109F1800100000F78E856CF108DFFB30002AEFD5C2
:109F2800003FD657400CC0000002F40000004F5B11
:109F3800FFA104FE845DD03F80003F30E80003F2BB
:109F480006F845DC0005DFE9109FFFFFFD9D44444E
:109F5800E99C0004F200000BB000002F400000ADA7
:109F6800000001F6000008E000000E8000006F10FD
:109F780000019EFE9100BE636EC00F60006F00CCB2
:109F8800202BC002EFFFE200DC424CD05F20001F14
:109F980055F20002F50ED535DE001AEFEA1003BFC0
:109FA800EA202FA44BE18E0000E99D0000DD4F71EF
:109FB80029FF07FFFC9E000210AC000002F60765AF
:109FC8008FB00AEFD7002E53F50000000000003FC5
:109FD80052E42E53F50000000000002E52F60D2129
:109FE800D001000000003100006CF2018ED6000F95
:109FF800C300000AFB40000017EE70000005C30014
:10A008000000001FFFFFF30333333000000000009F
:10A018000000001FFFFFF303333330040000000E7D
:10A02800D71000005CF92000002AF20003AFB10647
:10A03800DE82001C6000000000000007DFEA109EBE
:10A04800746EC0010006F0000009C000008E2000F8
:10A0580006F2000008700000000000000B800000FD
:10A068000C900000006CEFDA4000003DA41016D9F7
:10A078000001E509EE98CA900A80BD43AFC0D30F2E
:10A0880013F2000CC0693C06D00007C03B4B06D059
:10A098000007C02C3C03F2000CC04A0F10BD439EC1
:10A0A800E3C50A8009EE91CF9001E50000000000A9
:10A0B800003DA41028000000007CEFD9100000002B
:10A0C8000CF1000000003FD700000000B96E00004E
:10A0D8000002F20E50000009A007D000001F300057
:10A0E800F400007FFFFFFB0000E733334F2005F04B
:10A0F80000000C900C90000006F18FFFFEC408E3EE
:10A10800334BF28E00001F58E00018F18FFFFFF864
:10A1180008E33337F68E000009C8E000009D8E334F
:10A12800347F78FFFFFD700007CFFB4000CF966AB1
:10A13800F50AE20000301F600000004F2000000018
:10A148004F200000001F600000000AE200003001FC
:10A15800CF966AF50007DFFB408FFFFEA4008E4410
:10A1680046CF708E000007F38E000000DA8E0000E4
:10A17800009D8E0000009D8E000000DA8E00000712
:10A18800F38E4446BF708FFFFEA4008FFFFFF68E4C
:10A198004444418E0000008E0000008FFFFFC08EF7
:10A1A8003333208E0000008E0000008E4444428F1E
:10A1B800FFFFF98FFFFFF68E4444418E0000008EAA
:10A1C8000000008E0000008FFFFFC08E3333208E0A
:10A1D8000000008E0000008E0000000007CFFC5039
:10A1E80000CF966AF60AE20000201F600000004FC8
:10A1F800200000004F200000B91F600000B90AE3EA
:10A208000000B900CF966AF80007DFFC608E0000F6
:10A2180008E8E000008E8E000008E8E000008E8F5D
:10A22800FFFFFFE8E333339E8E000008E8E00000FC
:10A238008E8E000008E8E000008E8E8E8E8E8E8E48
:10A248008E8E8E8E02FFFFC00444BC000009C00041
:10A25800009C000009C000009C000009C02000BA52
:10A268000EB58F603CFE808E00004F508E0004F6C5
:10A27800008E003F70008E03F800008E2EC0000094
:10A288008EECF600008FB07F30008E000AE1008E61
:10A298000000CC008E00001EA08E0000008E000082
:10A2A800008E0000008E0000008E0000008E00006E
:10A2B800008E0000008E0000008E4444408FFFFF97
:10A2C800F28E00000008E8F7000002FE8FF100009F
:10A2D800BFE8DCA0004F9E8D2F300D87E8D09C068C
:10A2E800E07E8D01E7E507E8D006FC007E8D000AD8
:10A2F8002007E8D00000007E8E100008E8FC00006F
:10A308008E8FF90008E8E6F6008E8E09F308E8E07B
:10A318000CE18E8E001EB8E8E0003FEE8E00006F64
:10A32800E8E00000AE0007CFEB500000CF966BF9D5
:10A33800000AE200005F601F6000000AD04F2000A2
:10A348000006F04F20000006F01F6000000AD00A47
:10A35800E200005F6000CF966BFA000007DFEB5069
:10A36800008FFFFD7008E4458FB08E00005F38E075
:10A378000001F58E00003F48E0014DD08FFFFFB28D
:10A3880008E33310008E00000008E000000000071A
:10A39800CFEB500000CF966BF9000AE200005F6037
:10A3A8001F6000000AD04F20000006F04F20000078
:10A3B80005F01F6000000AD00AE200005F6001DFBC
:10A3C800855AFA000008DFFC5000000001EC2194D7
:10A3D8000000001BFFC10000000012008FFFFD708D
:10A3E80008E4458FB08E00005F38E00001F58E006C
:10A3F800003F38E0014DD08FFFFFC208E333DA0099
:10A408008E0002F608E00005F3019EFDA200CE646E
:10A418006B702F40000001F800000006FD95000059
:10A42800016AEE500000009F00200005F13FA5479B
:10A43800EB004BEFE910FFFFFFFF2444BD44400051
:10A4480009C00000009C00000009C00000009C003A
:10A45800000009C00000009C00000009C0000000C6
:10A468009C00009C00000BA9C00000BA9C00000BD7
:10A47800A9C00000BA9C00000BA9C00000BA8E0059
:10A48800000D94F40003F50CF868FD0009EFE910DD
:10A498000CB000000AC05F200001F500E900008E42
:10A4A8000008F0000E70001F6005F10000AD00C943
:10A4B800000003F43F3000000CBAC00000005FF554
:10A4C80000000000EE00006F10000DB00002F21F47
:10A4D80060003FF10008D00BB0008BE6000D70065D
:10A4E800F000E69B002F2001F503F14F108D0000CE
:10A4F800CA09B00E60D800006F0E6009B2F3000000
:10A508001F9F1004F9D000000CFB0000EF80000032
:10A5180007F600009F30003F50000DA008F2009D94
:10A528000000CC04F300002F9E70000006FC000021
:10A538000009FE1000004F4DB00001E802F7000BC3
:10A54800D0007F207F20000BD00CB000009C002F93
:10A5580050002F30009E000C900000E805F100002C
:10A5680005F3E60000000CFD000000003F4000007D
:10A578000002F3000000002F3000000002F300008A
:10A588004FFFFFFF9144444AF3000003F600000127
:10A59800EA000000CC0000009E1000006F400000A0
:10A5A8003F7000001ED4444436FFFFFFFC8FF68D39
:10A5B800318D008D008D008D008D008D008D008DFA
:10A5C800008D008D008D318FF65D000000F20000D7
:10A5D8000B8000006D000001F200000B8000006D90
:10A5E800000001F200000B7000006D000001F20095
:10A5F800000B7000006D000001F2BFF325F302F3B9
:10A6080002F302F302F302F302F302F302F302F39A
:10A6180002F325F3BFF300AD00001EC4000885A0B7
:10A6280000E20E105B00970B5002E0EEEEEEE00B3E
:10A63800C00009B004CFEA100B745DB0000004F04C
:10A6480004CEEEF21F8214F24F1004F21F703DF296
:10A6580004DFD7F2BA000000BA000000BA00000018
:10A66800BA8EFC30BFD54BF3BE1000CABA00007ECC
:10A67800BA00007EBE1000CABFD55BF3B98EFC30AD
:10A68800007DFD6009F748F42F5000205F000000AE
:10A698005F0000002F50002009F748F4007DFD609E
:10A6A8000000001F40000001F40000001F4008EFF8
:10A6B800C4F40AF748FF42F50007F45F00002F458D
:10A6C800F00001F42F50006F40AE637EF4008EFC62
:10A6D8004F40008EFC400AD538F42F20008C5FEEE6
:10A6E800EEFF5F2111112F70001009F846E4007D7C
:10A6F800FE80009EE305F44108C000CFFFF029D397
:10A708002008D00008D00008D00008D00008D000E9
:10A7180008D000007EFC4E60AF747FF62F50005FBB
:10A7280065F00000F65F00000F62F60006F609F714
:10A7380047FF5007EFC4F50000003F20CB646EB020
:10A7480003AEFD8000BA000000BA000000BA0000A5
:10A7580000BA8EFB20BFC56DD0BE0003F2BA000060
:10A76800F4BA0000F5BA0000F5BA0000F5BA000026
:10A77800F5BAA800BABABABABABABABA000AB000F0
:10A788009900000000AB000AB000AB000AB000ABB3
:10A79800000AB000AB000AB000AA064E71DFA0BAEA
:10A7A800000000BA000000BA000000BA001CC0BADD
:10A7B80001CC00BA1CD100BBCF6000BFDBE100BDFB
:10A7C80011DC00BA003F70BA0007F3BABABABABAD5
:10A7D800BABABABABABAB99EFA15DFD40BFB45EDC4
:10A7E800E64AF2BE0006F6000E7BA0004F2000C924
:10A7F800BA0003F1000C9BA0003F1000C9BA000387
:10A80800F1000C9BA0003F1000C9B99EFB20BFB40B
:10A818005DD0BE0003F2BA0000F4BA0000F5BA0039
:10A8280000F5BA0000F5BA0000F5007DFD60009F54
:10A83800748F702F50007F05F00001F35F00002F28
:10A8480032F50007F009F748F70007DFD600B98EA0
:10A85800FC30BFC43AF3BE1000CABA00007EBA008A
:10A86800007EBE1000CABFD55BF3BA7EFC30BA00CA
:10A878000000BA000000BA000000008EFC3F40AFA4
:10A88800748EF42F50007F45F00001F45F00002F14
:10A8980042F50007F40AF748FF4008EFC4F4000047
:10A8A800001F40000001F40000001F40B98E4BFD5E
:10A8B80071BE100BB000BA000BA000BA000BA000CC
:10A8C80005DFEA13F735A06F000001EE9610016A64
:10A8D800EF300000D96C646F62AEFD7008D00008DC
:10A8E800D000CFFFF029D32008D00008D00008D02E
:10A8F8000008D00005F551009FE3C80002F3C80026
:10A9080002F3C80002F3C80002F3C90003F3AB0066
:10A9180007F35F837EF306DFC5F30D90000AA06E90
:10A928000001F300F5007D0009C00E60003F24F02F
:10A938000000C8B9000006FF3000000FC000C800C2
:10A9480006F1000D56D000CF6003F01F302F9C0099
:10A958009A00B807B2F10E4005E0D60C74E0000F7B
:10A968006F007C990000AFA001FF400005F4000BC8
:10A97800E0004F3007E109D02F4000D9D900003F4F
:10A98800D000004FE10001E7BB000BB01E707E1045
:10A9980005F30D90000AA06F0001F300F6007D009A
:10A9A80009C00D60002F34F00000C9A9000005FFA0
:10A9B8002000000EC0000000E5000094AD00001B60
:10A9C800FC2000005FFFFFA13337F40001E700001F
:10A9D800CB00008E10004F40001EA33326FFFFFC63
:10A9E800006EA00F9201F4001F4001F4003F303FB9
:10A9F800C0006F3001F4001F4001F4001F4000FA4E
:10AA08002005EA8B8B8B8B8B8B8B8B8B8B8B8B8B20
:10AA18008BBE5002AE0005F0005F0005F0004F103D
:10AA280000DF104F5005F0005F0005F0005F002ABE
:10AA3800E00BE40007EC40B41E25DFC00100000075
:10AA480004CC302B01C05700932B01C005CC300635
:10AA5800A10FF60BE200000000000000000000005B
:10AA680000027BFB000000049DFFFFD00003AFFF46
:10AA7800FFFFFD0000AFFFFFFFDFD0000AFFFFB6BA
:10AA880010ED0000AF9400000ED0000AF1000000A5
:10AA9800ED0000AF1000000ED0000AF1000045FDE7
:10AAA8000000AF1001EFFFD0179DF1005FFFFC0E13
:10AAB800FFFF1000AFFD31FFFFE00000010003BD04
:10AAC800A3000000000050188888888405FABFDDBC
:10AAD800DDDDFDAFE47F100000CA4EE04F1000003E
:10AAE800C80EFEEF100000CFEFE03FEEEEEEF80EDE
:10AAF800F68F766666EB6FF8AF100000CC8FE03FFC
:10AB0800100000C80EFCDF655555EECFC25FFFFF91
:10AB1800FFF92C57750577777775FFFF1FFFFFFF44
:10AB2800FFFFFF2FFFFFFFFFEFFF0EFFFFFFFE01FD
:10AB3800100011111110EFFE0EFFFFFFFEFFFF2F97
:10AB4800FFFFFFFFFFFF1FFFFFFFFF6887078888E2
:10AB5800888668870788888886FFFF1FFFFFFFFFB2
:10AB6800FFFF2FFFFFFFFFDFFD0DFFFFFFFD0000D1
:10AB7800000000015000000000001DF80000000067
:10AB880001DFFD000000001DFFE22D600001DFFE77
:10AB980020DFF7001DFFE2008FFF71DFFE200008B5
:10ABA800FFFEFFE20000008FFFFE2000000008FF0C
:10ABB800E200000000007D2000000000000000000E
:10ABC8007F60000BE2EFF600BFF84FFF6BFFD10488
:10ABD800FFFFFD10005FFFE10000BFFFF6000BFF65
:10ABE800DFFF60BFFD14FFF5CFD1004FF61710004F
:10ABF800036000000011000000000000FF000000DA
:10AC0800006F21FF12F70006FF61FF16FF601FF9B2
:10AC180001FF109FF16FE001FF100EF6AF8001FFFA
:10AC28001008FACF6001FF1006FCAF8000AA0008E8
:10AC3800FB7FD00000000DF71FF80000008FF10720
:10AC4800FF91002AFF70009FFFEEFFF9000005CF7B
:10AC5800FFFD50000000024420000000000000003A
:10AC6800000000000AFFA0000000000CFFC0000068
:10AC780003D6DFFFFD6D300EFFFFFFFFFFE05FFF34
:10AC8800FFAAFFFFF51AFFF4004FFFA103FFD00052
:10AC98000DFF3004FFF0000FFF404FFFFB22BFFF06
:10ACA800F42FFFFFFFFFFFF209FEFFFFFFEF900009
:10ACB800505EFFE5050000000CFFC0000000000426
:10ACC8007740000000000003100341000000009FCF
:10ACD800F50DF50000001BFDFF8DF5000002DFB14A
:10ACE8002DFFF500004FF83EC2BFF50007FF55FFE6
:10ACF800FE39FE409FE38FFFFFF56FF6AC2AFFFF9A
:10AD0800FFFF73E6005FFFFFFFFFF100006FFFD753
:10AD18007FFFF200006FFF900DFFF200006FFF90C1
:10AD28000DFFF200004FFF700BFFE1000000003341
:10AD380000000000000BFFB0000000000CFFC00086
:10AD48000000000CFFC0000000000CFFC000000065
:10AD5800000CFFC00000008FFFFFFFF800002EFF6F
:10AD6800FFFFE2000002EFFFFE200000002DFFE2DF
:10AD78000000799982DE289997FFFFFB22BFFFFF29
:10AD8800FFFFFFFFFFFFFFFFFFFFFFFAB3CFACCCD2
:10AD9800CCCCCCCCCA0006BBBBBBBA3000004FFF42
:10ADA800FFFFFFE10000EF30000006FB0009F8009C
:10ADB800000000CF504FD0000000002FE1DF844298
:10ADC8000000344BF9FFFFFD0001FFFFFBFFFFFF11
:10ADD800988BFFFFFCFFFFFFFFFFFFFFFCFFFFFF5C
:10ADE800FFFFFFFFFB9FFFFFFFFFFFFFF6000000D5
:10ADF8000000003300018DFFC600EF004EFFFFFF8B
:10AE0800E4DF04FFB3004CFFFF0EF90000008FFFE2
:10AE18006FC00001FFFFFF8E500001DEEEED000065
:10AE2800000000000022222200000021FFFFFF1086
:10AE38000008F8FFFBBC10001EF4FFFC100001DF47
:10AE4800C0FEEFE8448EFE10FE1AFFFFFFC100FDB2
:10AE58000028BB940000000002700002EF0002EF1F
:10AE6800FDFFFFFFFFFFFFFFFFFFFFFFFFFFFFFFEC
:10AE7800FFFF3447FFF00005FF000005C000000099
:10AE88000000027000000002EF00000002EFF00076
:10AE98000DFFFFFF0220FFFFFFF08E1FFFFFFF00E7
:10AEA800E7FFFFFFF03F5FFFFFFF08903447FFF029
:10AEB80000000005FF0000000005C00000000000C1
:10AEC800000000000000000770000000027000058C
:10AED800FA0000002EF000814F600002EFF001DD63
:10AEE80007F0DFFFFFF0321E80F6FFFFFFF08E272E
:10AEF800E0B9FFFFFFF00E73F19BFFFFFFF03F5437
:10AF0800F09AFFFFFFF0890AC0D83447FFF0007FAE
:10AF180043F300005FF002F60CB0000005C000002B
:10AF2800BF10000000000009E3000000000000025C
:10AF3800100037888888888873EFFFFFFFFFFFFEBF
:10AF4800FE32DFFFFFFFFFF9007FFFFDFFFFFD106F
:10AF5800CFFFA07FFFFFFFFFFA0007FFFFF35FA00F
:10AF68000000CFFF3003000000CFFC00000000000D
:10AF7800CFFFCCCCCCCCCCFFAFFFFFFFFFFFF9005D
:10AF8800002000000001FA00000006FF1000000D7C
:10AF9800FF7000006FFFF10001EFFFFA000BFFFFE9
:10AFA800FF605FFFFFFFE0CFFFFFFFF6FEBFFFFF81
:10AFB800F9FD4FFFFFF9BF49FFFFF53FE52EFFD031
:10AFC80006FFFFFD200028BA600004300000311F92
:10AFD800E00006F91FE0007FFA1FE009FFFA1FE012
:10AFE800AFFFFA1FEBFFFFFA1FFFFFFFFA1FFFFF7C
:10AFF800FFFA1FE6FFFFFA1FE05FFFFA1FE004FFFA
:10B00800FA1FE0003EFA0FD00002D700000000004F
:10B018000200000000000CFB2000000000FFFF9071
:10B028000000000FFFFFE6000000FFFFFFFC3000FC
:10B038000FFFFFFFFF9100FFFFFFFFFFE60FFFFF7E
:10B04800FFFFFFF2FFFFFFFFFFFD0FFFFFFFFFF80E
:10B0580000FFFFFFFFB2000FFFFFFD400000FFFFF2
:10B06800F70000000FFFA1000000006A4000000088
:10B0780000001444200144420DFFFF10DFFFF1FFE0
:10B08800FFF30FFFFF3FFFFF40FFFFF4FFFFF40F49
:10B09800FFFF4FFFFF40FFFFF4FFFFF40FFFFF4FDD
:10B0A800FFFF40FFFFF4FFFFF40FFFFF4FFFFF40DC
:10B0B800FFFFF4FFFFF40FFFFF4FFFFF30FFFFF329
:10B0C8009FFFC009FFFC001444444444420DFFFFA5
:10B0D800FFFFFFF1FFFFFFFFFFFF3FFFFFFFFFFF46
:10B0E800F4FFFFFFFFFFFF4FFFFFFFFFFFF4FFFF2E
:10B0F800FFFFFFFF4FFFFFFFFFFFF4FFFFFFFFFF13
:10B10800FF4FFFFFFFFFFFF4FFFFFFFFFFFF4FFFB2
:10B11800FFFFFFFFF39FFFFFFFFFFC00021000008F
:10B12800420FE20003FB0FFE3004FB0FFFF404FBA9
:10B138000FFFFF54FB0FFFFFFAFB0FFFFFFFFB0F93
:10B14800FFFFFFFB0FFFFFD6FB0FFFFD14FB0FFFF9
:10B15800C104FB0FFB0004FB0CA00003FA00000075
:10B16800000000000012000000000003FF60000063
:10B1780000002EFFF500000001EFFFFF4000001D5A
:10B18800FFFFFFF30000CFFFFFFFFE200AFFFFFFD6
:10B19800FFFFE00EFFFFFFFFFFF2039999999999CE
:10B1A80050058888888888700FFFFFFFFFFFF30F1E
:10B1B800FFFFFFFFFFF40BFFFFFFFFFFD1000000C1
:10B1C800000000003F9000003FFC00003FFD100021
:10B1D8003FFD10003FFD10001FFD100000CFF400E0
:10B1E8000000CFF4000000CFF4000000CFF400000E
:10B1F80000CFE0000000A4000000000000CD100017
:10B20800001FFD1000003FFD1000003FFD10000072
:10B218003FFD1000003FFD000008FF900008FF9070
:10B228000008FF900008FF900002FF9000000780D0
:10B23800000000000004500000000002FF60000051
:10B2480000003FF70000000003FF70000000003F0F
:10B25800F7000006999AFFC99980FFFFFFFFFFFFDB
:10B268003DFFFFFFFFFFF201113FF7111000000340
:10B27800FF70000000003FF70000000003FF7000AF
:10B288000000000CD30000006999999999980FFF64
:10B29800FFFFFFFFF3DFFFFFFFFFFF2000000000BD
:10B2A800000000000156640000000003BFFEEFF933
:10B2B8001000007FFA1003DFE40008FFA009B41EA5
:10B2C800FF504FFF200BFF26FFE1EFFF09CFFF6381
:10B2D800FFFABFFF09FFFF54FFF61EFF51DFFB090E
:10B2E800FFB003EFE204305FFC10002CFF956AFF0B
:10B2F8009000000049DFFD920000000000000000FF
:10B30800000000CD20000000000000008FF50014B0
:10B31800664000000004EFACFFEFFF910000001C46
:10B32800FFA1004DFE300000009FF5AB31EFF400A7
:10B3380007B105FFFFE17FFE100FFE302DFFF54F2F
:10B34800FF900CFFE000AFF65FFF6002FFF400061D
:10B35800FFEFFB00004FFD10003EFFC0000002DFC2
:10B36800E85401BFE300000005AEFF6007FF60007E
:10B378000000000000004EF6000000000000000180
:10B38800A10000000000000000000000003ED00006
:10B3980000000000000CFF80000000000006FFFF16
:10B3A800200000000000EFFFFB00000000008FFC01
:10B3B800CFF4000000002FFB00FFD00000000BFFBF
:10B3C800C00FFF70000004FFFD01FFFF100000DF49
:10B3D800FFE02FFFFA00007FFFFF9BFFFFF3001F36
:10B3E800FFFFB00EFFFFC00AFFFFFE24FFFFFF6054
:10B3F800FFFFFFFFFFFFFFFA06CCCCCCCCCCCCCBB9
:10B40800300000000000360000000000007F80DDF2
:10B41800DB00008DEFF8FFFFB007FFFFFD556FF46D
:10B428006FF8AFE2000574FF907E2000003FFA003D
:10B4380000000002EFB2504A00012EFD1DF48FB04B
:10B44800FFFFD10BFFFFFBFFFE2000CFFFFB122108
:10B458000000029FC000000000005B00000007A081
:10B468000000000008FFB000000008FFFFB0000067
:10B4780008FF95FFB00008FF9005FFB007FF900098
:10B4880005FFB09F90000005FD004000000003107C
:10B498004C20000000B60BFE200000CFF02EFE204E
:10B4A80000CFF4002EFE20CFF400002EFECFF400D3
:10B4B80000002EFFF4000000002EF4000000000041
:10B4C8001300000000083000000000000000BFF377
:10B4D80008BBBBBB90000BFFFF39FFFFFFF1008FDC
:10B4E800CFCFF000000AF100382F948000000AF155
:10B4F80000002F900000000AF100002F90000003C8
:10B508000AF130002F9000001FCBF8F8002FEBBB9A
:10B51800BB39FFFFE2001FFFFFFFB09FFD200000C7
:10B528000000000008D10037888700000000EFFF06
:10B53800FFA0000000FFFFFFFDCCCCB6FFFFFFFF20
:10B54800FFFFFFFFFFFFFFFFFFFFFFFFFFFFFFFF03
:10B55800FFFFFFFFFFFFFFFFFFFFFFFFFFFFFFFFF3
:10B56800FFFFFFFFFFFFFFFFFFFFFFFFFFAFFFFF33
:10B57800FFFFFFF900000000000000000001DD10DF
:10B58800000000001DFFD100000001DFFFFD1000DA
:10B59800001DFFFFFFD100009FFFFFFFF900000122
:10B5A8001CFFC1100000000CFFC0000000000CFFD1
:10B5B800C0000000000CFFC0000079993BFFB39960
:10B5C80097FFFFB2442BFFFFFFFFFEDDEFFFFFFFFA
:10B5D800FFFFFFFAB3CFACCCCCCCCCCCCA00000078
:10B5E80000000200000000000004FFC70000000087
:10B5F80000AFFFF0000000001FFFFD000000000684
:10B60800FFFFC00000000008FFF700000000000C6A
:10B61800FF300000000004FFC00000000001EFF34D
:10B6280000004A3002DFF80005DFFE15EFFB0000DE
:10B63800EFFFFFFFFA00000BFFFFFFF70000007F9E
:10B64800FFFFA200000002BA850000000000048687
:10B658000000001006FFFA0002DFD1EF3CF101DF25
:10B66800FA0EE0AF21DFFA009FEFF6DFFA00008D57
:10B67800FFFFFB00000006FFFD00000048EFFFF69B
:10B6880000006FFFFBFFF6000EF3CF23FFF600EE7E
:10B698000AF204FFF609FEFC0004FFF108DA1000C4
:10B6A80002620000000000000000006FFFF9870040
:10B6B8000008FFFF98F708A68FFFF95990FFA8FF29
:10B6C800FFFCCC0FFA8FFFFFFFF1FFA8FFFFFFFF82
:10B6D8001FFA8FFFFFFFF1FFA8FFFFFFFF1FFA8F81
:10B6E800FFFFFFF1FFA8FFFFFFFF1FFA7FFFFFFF2C
:10B6F800F0FFE3122222210FFFFFFFF90000ACCC7C
:10B70800CCCB5000004999999995000EFFFFFFFF97
:10B71800F600FD2222224FF60FC0000001FFF3FCC5
:10B728000000001FFF6FC0000002FFF6FFFFFFFFD1
:10B73800FFFF6FFFFFDCFFFFF6FFFFB005FFFF6FA6
:10B74800FFF6000FFFF6FFFFC006FFFF6FFFFFEDDC
:10B75800FFFFF69FFFFFFFFFFD10CDDDDDDDDDDD27
:10B768002FFFFFFFFFFFF3122222222222000000F8
:10B77800000000000000000000000FFFFFFFFFFFB7
:10B78800F3DEEEEEEEEEEE2000000000000000001A
:10B79800000000000DEEEEEEEEEEE2FFFFFFFFFF11
:10B7A800FF3000000000000037888888888873EF21
:10B7B800FFFFFFFFFFFEEFFFFFFFFFFFFE1CFFFF86
:10B7C800FFFFFFC1D28FFFFFFFF82DFF64EFFFFEE1
:10B7D80045FFFFFA2BFFB2AFFFFFFFD3553DFFFF39
:10B7E800FFFFFFBBFFFFFFFFFFFFFFFFFFFFAFFFF5
:10B7F800FFFFFFFFF9000000000001FFFFF0000459
:10B80800FFFFD00006FFFF800008FFFF30000AFF9F
:10B81800FFAAA60CFFFFFFF80EFFFFFFE10BDDDF1D
:10B82800FF6000004FFD0000007FF3000000BFA094
:10B83800000000FF10000003F800000003C0000033
:10B848000000200000000455EFB5520000FFFD1F66
:10B85800FFB0000FFFFFFFFC0000FFFF5333200085
:10B868000FFF97FFFB5700FFF8AFFFC6F80FFF8ADF
:10B87800FFFC4AA1FFF8AFFFE3220FFF8AFFFFFF9B
:10B88800F4FFF8AFFFFFFF4FFF8AFFFFFFF43552C9
:10B89800AFFFFFFF40000AFFFFFFF400007FFFFF3C
:10B8A800FE20000001100000000000AF00000000B2
:10B8B800018FFA30000002EFFFFF500000BFFFFFCA
:10B8C800FF10001FFFFFFFF50003FFFFFFFF7000E1
:10B8D8005FFFFFFFF90008FFFFFFFFC000DFFFFF6A
:10B8E800FFFF209FFFFFFFFFFD0EFFFFFFFFFFF29F
:10B8F800022222222221000008FFC00000000009C5
:10B90800A20000005BBBBBBBBBBBBBA3FFFFFFFF31
:10B91800FFFFFFFBFC0C30E11D0D11FCFC0B30E0C0
:10B928001D0D10FCFFFEFFEFFEFEEFFCFFF15A08B5
:10B9380070A05FFCFFF37B2992C27FFCFFBFCBBBEB
:10B94800BBBFCBFCFC0B2000000D00FCFFCFCCCC18
:10B95800CCCFCCFB9FFFFFFFFFFFFFF600000000EE
:10B9680000000200000000000005DFB00000000039
:10B9780007EFFFD000000018FFFFFF70000029FF4D
:10B98800FFFFFF00003BFFFFFFFFF8000AFFFFFF7C
:10B99800FFFFF1000FFFFFFFFFFFA000049AAAAF0F
:10B9A800FFFF20000000000EFFFB00000000000E5B
:10B9B800FFF400000000000EFFC000000000000EB1
:10B9C800FF5000000000000DFD0000000000000412
:10B9D800B300000035555502000FFFFFF2F400FFD9
:10B9E800FFFF2FF40FFFFFF2FFF3FFFFFF32221FCD
:10B9F800FFFFFFFFF7FFFFFFFFFF8FFFFFFFFFF8CE
:10BA0800FFFFFFFFFF8FFFFFFFFFF8FFFFFFFFFFB5
:10BA18008FFFFFFFFFF8FFFFFFFFFF8FFFFFFFFF15
:10BA2800F88AAAAAAAAA300000002455310000000A
:10BA38000003AFFFFFFFC7000002BFFFFEDEFFFFEE
:10BA4800F6005FFFB51000038EFFB0DFD3000000E3
:10BA580000008FF5180005AEFEC81004600002DF74
:10BA6800FFFFFFF80000000CFF95347DFF40000049
:10BA780002A200000077000000000002960000000B
:10BA8800000000000DFF500000000000000EFF60E5
:10BA980000000000000005DA000000005BBBBBBB33
:10BAA800BBBBBBBA20FFFFFFFFFFFFFFFF90FC12ED
:10BAB80022222222220FF7FC5FFFFFFFFFFF2CFA52
:10BAC800FC5FFFFFFFFFFF21FAFC5FFFFFFFFFFFA7
:10BAD80027FAFC2666666666661FFAFEBBBBBBBB1A
:10BAE800BBBBBFB1AFFFFFFFFFFFFFFF5000000070
:10BAF8000000000000005BBBBBBBBBBBBBBA20FFA8
:10BB0800FFFFFFFFFFFFFF90FC1222222221000F00
:10BB1800F7FC5FFFFFFFF8000CFAFC5FFFFFFFF880
:10BB28000001FAFC5FFFFFFFF80007FAFC266666D3
:10BB38006663000FFAFEBBBBBBBBBBBBBFB1AFFFAD
:10BB4800FFFFFFFFFFFF50000000000000000000A3
:10BB58005BBBBBBBBBBBBBBA20FFFFFFFFFFFFFF4D
:10BB6800FF90FC1222221000000FF7FC5FFFFFD0AD
:10BB780000000CFAFC5FFFFFD0000001FAFC5FFF39
:10BB8800FFD0000007FAFC2666665000000FFAFE98
:10BB9800BBBBBBBBBBBBBFB1AFFFFFFFFFFFFFFF23
:10BBA800500000000000000000005BBBBBBBBBBB3B
:10BBB800BBBA20FFFFFFFFFFFFFFFF90FC12220030
:10BBC8000000000FF7FC5FFF300000000CFAFC5F7C
:10BBD800FF3000000001FAFC5FFF3000000007FAA8
:10BBE800FC2666100000000FFAFEBBBBBBBBBBBB4C
:10BBF800BFB1AFFFFFFFFFFFFFFF500000000000D5
:10BC0800000000005BBBBBBBBBBBBBBA20FFFFFF98
:10BC1800FFFFFFFFFF90FC0000000000000FF7FC93
:10BC28000000000000000CFAFC0000000000000109
:10BC3800FAFC00000000000007FAFC000000000009
:10BC4800000FFAFEBBBBBBBBBBBBBFB1AFFFFFFF67
:10BC5800FFFFFFFF50000000000000000000000090
:10BC6800000007B20000000000000ADFFA00000030
:10BC7800000000A93DF5000000044002E0001000AB
:10BC88000000AFF80B600000006C30FFFFFFFFFF03
:10BC9800FFFFFFF4AFF9000C5000006D40055000A5
:10BCA80004C00000100000000000C43EE8000000CE
:10BCB8000000002EEFFA000000000000004FFA001C
:10BCC800000000000000000000000000011000005B
:10BCD8000007EFFFB30000AFFD8FFF2004FFFD0951
:10BCE800FFB00AFEFD12AFF00EF55D2C0EF30FFF4C
:10BCF80033129FF50FFFF307FFF60FFFE206FFF67B
:10BD08000FFE24137FF50DF57D2C0DF30AFFFD11B1
:10BD1800BFF003FFFE0BFFA0007FFEBFFE10000375
:10BD2800ACDC810000003443000005667FFFF96643
:10BD380050FFFFFFFFFFFF356666666666501CCC46
:10BD4800CCCCCCC402FFFFFFFFFF602FF3FB7F6D5D
:10BD5800F602FF2FB7F5DF602FF2FB7F5DF602FFDB
:10BD68002FB7F5DF602FF2FB7F5DF602FF2FB7F5E7
:10BD7800DF602FF3FB7F6DF601FFFFFFFFFF50072A
:10BD8800BCCCCCCC900000000000000120000000DA
:10BD9800000004FF500000000002FFFF50000000F8
:10BDA8000439FFFE00000004FF39FFA0000004FF73
:10BDB800FF39B0000004FFFFFF20000004FFFFFF71
:10BDC800B0000004FFFFFFB0000004FFFFFFB00059
:10BDD8000004FFFFFFB0000000BFFFFFB00000003D
:10BDE8000DFFFFB000000000FFFFB00000000009D9
:10BDF800A860000000000000001788888888874035
:10BE08000002EFFFFFFFFFFFF4003EFFFFCFFFCF71
:10BE1800FFF703EFFFF908F809FFF83EFFFFFE20E0
:10BE2800402EFFF8DFFFFFFFE101EFFFF89FFFFF64
:10BE3800FF80008FFFF809FFFFF902C209FFF80031
:10BE48009FFFFE4EFE4EFFF80009FFFFFFFFFFFFBA
:10BE5800F700008FFFFFFFFFFFC100000000000098
:10BE680003EFFFFFE203FBFBCEBFA4FF1D03A1FA14
:10BE7800FFF1D03A1FAFFFFFFFFFFAFFFFFFFFFF01
:10BE8800AFFFFFFFFFFAFFFFFFFFFFAFFFFFFFFF5F
:10BE9800FAFFFFFFFFFFAFFFFFFFFFFAFFFFFFFF04
:10BEA800FFADFFFFFFFFF829AAAAAAA8000000001B
:10BEB8000000000300000000000004F1000820005A
:10BEC8000001FF100BF70000002FF10CFF94444411
:10BED80045FF1BFFFFFFFFFFFFF18FFFFFFFFFFF86
:10BEE800FD007FF70000000000006F600000000008
:10BEF80000003000000000001E6D0110146D0110DC
:10BF0800EA6A0110006D0110E86C0110D86C01108C
:10BF18001672011092720110266D011080720110C4
:10BF28006A720110C07201100200000004000000D3
:10BF380010000000000100000800000010000000D0
:10BF48004000000000040000B57C01100000000063
:10BF5800F17C0110857D011000000000C17D0110F9
:10BF68005C8401105C840110EC840110E6840110EB
:10BF7800B4840110488501103A85011044840110E9
:10BF8800E0840110C8840110988401108284011093
:10BF98005E850110A88401101C850110A48401107D
:10BFA800BE840110648501100A8501100485011002
:10BFB80040840110B0840110080102040801020441
:10BFC8000818202010181010101008002010000069
:10BFD8000000000000000000100000000000000049
:10BFE8000000040606060C0CC4910110BA91011059
:10BFF800BA910110BA910110BA910110BA910110C9
:10C00800BA910110E8910110BA910110BA9101108A
:10C01800BA910110F6910110BA910110BA9101106C
:10C02800C4910110C4910110C4910110C491011070
:10C03800C4910110BA910110BA910110BA9101107E
:10C04800CA910110CA910110CA910110CA91011038
:10C05800CA910110BA910110BA910110BA91011058
:10C06800BA910110BA910110BA910110BA91011058
:10C07800BA910110BA910110BA910110BA91011048
:10C08800BA910110BA910110BA910110BA91011038
:10C09800BA910110BA910110BA910110BA91011028
:10C0A800C4910110C4910110BA910110BA91011004
:10C0B800BA910110BA910110BA910110BA91011008
:10C0C800BA910110BA910110BA910110D4910110DE
:10C0D800BA910110BA910110BA910110BA910110E8
:10C0E800BA910110BA910110CA910110BA910110C8
:10C0F800BA910110BA910110BA910110BA910110C8
:10C10800BA910110BA910110BA910110BA910110B7
:10C11800BA910110BA910110BA910110BA910110A7
:10C12800BA910110BA910110BA910110CA91011087
:10C13800BA910110E2910110BA910110BA9101105F
:10C14800D4910110D4910110BA910110BA91011043
:10C15800BA910110BA910110BA910110BA91011067
:10C16800BA910110BA910110BA910110BA91011057
:10C17800BA910110BA910110BA910110BA91011047
:10C18800BA910110BA910110BA910110DC91011015
:10C19800BA910110BA910110DC910110FFFFFF0064
:10C1A8000004040222220000040404040C0C000011
:10C1B8000404040000000000060606060006060047
:10C1C800060606060000000000000000000000004F
:10C1D8000200000000000000040000000000000051
:10C1E8000200020200000000000002020205000036
:10C1F8000002000001000000000000000100000033
:10C208000002020200050505000000000000010010
:10C2180000100101000000000010100000000000E4
:10C2280000050000040000000000000000000000FD
:10C2380002020200020000003232000032323200F4
:10C2480004040404040404000404040404040404AA
:10C2580000000000319301100200000004000000FB
:10C268001000000046A401103EA40110D4A2011041
:10C27800D4A20110D4A20110D4A20110D4A201109A
:10C28800D4A2011036A401102CA4011024A401107A
:10C298001AA40110FAA30110D4A20110FAA30110E4
:10C2A80012A40110D4A20110D4A20110D4A201102A
:10C2B800D4A201100AA4011002A4011042A5011081
:10C2C8003AA50110D4A20110D4A20110D4A20110E1
:10C2D800D4A20110D4A20110D4A2011032A50110D9
:10C2E80028A5011020A5011016A501100EA5011002
:10C2F800D4A20110D4A2011006A50110D4A20110E5
:10C30800D4A20110D4A20110D4A20110FEA40110DD
:10C31800F6A4011038A70110B4A701103CA701101A
:10C328003CA701103CA701103CA701103CA7011035
:10C338003CA7011032A8011038A7011090A80110DD
:10C3480038A7011038A701103CA701103CA701101D
:10C358004AA701103CA701103CA701103CA70110F7
:10C368003CA701103CA7011038A7011072BC0110AE
:10C3780000BE0110C2BA0110C2BA0110C2BA01103F
:10C38800C2BA0110C2BA0110C2BA0110C2BA011071
:10C39800BCBA011062BF011026C101102EC10110E4
:10C3A800C2BA0110C2BA0110D0BA011082F301104A
:10C3B80046F9011074F1011074F1011074F10110C3
:10C3C80074F1011074F1011074F1011074F101108D
:10C3D8006CF1011032FA011050F401105AF40110F6
:10C3E80074F1011074F1011066F6011074F1011076
:10C3F80074F1011074F1011074F1011030F701109B
:10C4080082F101109C710210EE720210F86F021096
:10C41800F86F0210F86F0210F86F0210F86F021030
:10C42800F86F0210F86F0210F06F02106C740210AF
:10C43800DC750210E6750210F86F0210F86F021032
:10C4480072770210F86F0210F86F0210F86F02107E
:10C45800F86F0210F86F0210067002104C98021064
:10C46800329902102E9702102E9702102E97021062
:10C478002E9702102E9702102E9702102E97021058
:10C48800409A0210389B02104A9D02102A9C021002
:10C498002E9702102E9702103A9E02102E97021025
:10C4A8002E9702102E9702102E9702102E97021028
:10C4B8003C970210FEC3021000C60210DAC2021036
:10C4C800DAC20210DAC20210DAC20210DAC20210AC
:10C4D800DAC20210DAC20210D4C20210DCC402109E
:10C4E800D4C40210E0C70210DAC20210DAC2021085
:10C4F800CCC60210DAC20210DAC20210DAC2021086
:10C50800DAC20210FAC80210E8C20210C0F802101B
:10C51800C8FA02106AF702106AF702106AF70210E6
:10C528006AF702106AF702106AF702106AF7021037
:10C5380064F70210A2F902109AF90210B0FC021076
:10C548006AF702106AF702109AFB02106AF70210E3
:10C558006AF702106AF702106AF70210C2FD0210A9
:10C5680078F702102C3203105A330310CA30031024
:10C57800CA300310CA300310CA300310CA3003107F
:10C58800CA300310CA300310C230031090340310AD
:10C59800CC350310D6350310CA300310CA30031047
:10C5A80036370310CA300310CA300310CA300310DC
:10C5B800CA300310D8300310305F03102A5F03100D
:10C5C800245F03101E5F0310185F0310E65E03105C
:10C5D800365F03100055AAFF0011223344556677D1
:10C5E8008899AABBCCDDEEFFEC6F03104E700310E8
:10C5F800E46F031040700310D06F0310BA6F03107C
:10C60800A66F031034700310667003102C700310AB
:10C618003C7003101A70031004700310F06F0310BD
:10C6280061710310B9730310B5700310F172031030
:10C6380001740310957203101D720310BD7103106D
:10C648007D710310C570031005710310617103102B
:10C6580071730310B5700310F172031001740310A5
:10C66800957203101D720310BD7103107D710310C4
:08C67800C570031005710310E9
:10C68000AC850310B8850310C4850310D085031052
:10C69000DC850310E8850310F48503100086031081
:10C6A00003000068EFF3108C72B60268002AFCD019
:10C6B000BFF35F8F04229A56002A0BDB002900D0BB
:10C6C0000A6000201B68BFF35F8F00221A608CF3A2
:10C6D00010887047D0221206126801201A71F1E703
:10C6E000F0B51F00D023C6461B061B6804001600C9
:10C6F0009846002500B50AE0BFF35F8F156081F30F
:10C7000010883000390000F07FF8002818D1226826
:10C71000EFF3108172B61368002BFCD0BFF35F8F6C
:10C72000237922687F2BE7D943462371BFF35F8FBC
:10C730000023136081F31088012080BCB846F0BD4F
:10C740000020FAE770B582B001A9060014001D00B0
:10C75000FFF7A6FF002807D1D0221206019B12780E
:10C760005BB252B2934201D102B070BD22002B00E5
:10C770003000FFF7B5FFF7E70268EFF3108172B6FC
:10C780001368002BFCD0BFF35F8FFF230371036896
:10C79000BFF35F8F00221A6081F3108840BF70479B
:10C7A0009446130010B5002A0AD00A00CC180221C2
:10C7B000C3681942FCD0137801328360A242F7D1DA
:10C7C000C3685B0704D504218368C3681942FBD1A1
:10C7D0001021C3681942FCD1C3685B0704D504214A
:10C7E0008368C3681942FBD101230362604610BD10
:10C7F0007047C04610B5002802D000F00DF8013097
:10C8000010BDC0460000000001B40248844601BCCF
:10C81000604700BF550B001001B40248844601BCBC
:10C82000604700BF6112001010000000000000000F
:10C83000FFFFFFFFFFFFFF7F000000000000000080
:10C84000000000000000000000000000C008002000
:10C85000503300004C3300005433000052330000CA
:10C860004D5300004D43000053340000433400009A
:10C87000100014001100000000C00340FF00000081
:10C88000FFFFFFFF000002000000000000000000AA
:10C89000A8020020A8020020B0020020B002002060
:10C8A000B8020020B8020020C0020020C002002010
:10C8B000C8020020C8020020D0020020D0020020C0
:10C8C000D8020020D8020020E0020020E002002070
:10C8D000E8020020E8020020F0020020F002002020
:10C8E000F8020020F80200200003002000030020CE
:10C8F000080300200803002010030020100300207C
:10C90000180300201803002020030020200300202B
:10C9100028030020280300203003002030030020DB
:10C92000380300203803002040030020400300208B
:10C93000480300204803002050030020500300203B
:10C9400058030020580300206003002060030020EB
:10C95000680300206803002070030020700300209B
:10C96000780300207803002080030020800300204B
:10C9700088030020880300209003002090030020FB
:10C980009803002098030020A0030020A0030020AB
:10C99000A8030020A8030020B0030020B00300205B
:10C9A000B8030020B8030020C0030020C00300200B
:10C9B000C8030020C8030020D0030020D0030020BB
:10C9C000D8030020D8030020E0030020E00300206B
:10C9D000E8030020E8030020F0030020F00300201B
:10C9E000F8030020F80300200004002000040020C9
:10C9F0000804002008040020100400201004002077
:10CA00001804002018040020200400202004002026
:10CA100028040020280400203004002030040020D6
:10CA20003804002038040020400400204004002086
:10CA30004804002048040020500400205004002036
:10CA400058040020580400206004002060040020E6
:10CA50006804002068040020700400207004002096
:10CA60007804002078040020800400208004002046
:10CA700088040020880400209004002090040020F6
:10CA80009804002098040020A0040020A0040020A6
:10CA9000A8040020A8040020B0040020B004002056
:10CAA000B8040020B8040020C0040020C004002006
:10CAB000C8040020C8040020D0040020D0040020B6
:10CAC000D8040020D8040020E0040020E004002066
:10CAD000E8040020E8040020F0040020F004002016
:10CAE000F8040020F80400200005002000050020C4
:10CAF0000805002008050020100500201005002072
:10CB00001805002018050020200500202005002021
:10CB100028050020280500203005002030050020D1
:10CB20003805002038050020400500204005002081
:10CB30004805002048050020500500205005002031
:10CB400058050020580500206005002060050020E1
:10CB50006805002068050020700500207005002091
:10CB60007805002078050020800500208005002041
:10CB700088050020880500209005002090050020F1
:10CB80009805002098050020A0050020A0050020A1
:10CB9000A8050020A8050020B0050020B005002051
:10CBA000B8050020B8050020C0050020C005002001
:10CBB000C8050020C8050020D0050020D0050020B1
:10CBC000D8050020D8050020E0050020E005002061
:10CBD000E8050020E8050020F0050020F005002011
:10CBE000F8050020F80500200006002000060020BF
:10CBF000080600200806002010060020100600206D
:10CC0000180600201806002020060020200600201C
:10CC100028060020280600203006002030060020CC
:10CC2000380600203806002040060020400600207C
:10CC3000480600204806002050060020500600202C
:10CC400058060020580600206006002060060020DC
:10CC5000680600206806002070060020700600208C
:10CC6000780600207806002080060020800600203C
:10CC700088060020880600209006002090060020EC
:10CC80009806002098060020A0060020A00600209C
:10CC9000B80600200000000000000000C80B0020C3
:10CCA000300C0020980C0020000000000000000064
:10CCB0000000000000000000000000000000000074
:10CCC0000000000000000000000000000000000064
:10CCD0000000000000000000000000000000000054
:10CCE0000000000000000000000000000000000044
:10CCF0000000000000000000000000000000000034
:10CD00000000000000000000000000000000000023
:10CD10000000000000000000000000000000000013
:10CD20000000000000000000000000000000000003
:10CD300001000000000000000E33CDAB34126DE6A0
:10CD4000ECDE05000B000000000000000000000009
:10CD500000000000000000000000000000000000D3
:10CD600000000000000000000000000000000000C3
:10CD700000000000000000000000000000000000B3
:10CD800000000000000000000000000000000000A3
:10CD90000000000000000000000000000000000093
:10CDA0000000000000000000000000000000000083
:10CDB0000000000000000000000000000000000073
:10CDC0000000000000000000000000000000000063
:10CDD0000000000000000000000000000000000053
:10CDE0000000000000000000000000000000000043
:10CDF0000000000000000000000000000000000033
:10CE00000000000000000000000000000000000022
:10CE10000000000000000000000000000000000012
:10CE20000000000000000000000000000000000002
:10CE300000000000000000000000000000000000F2
:10CE400000000000000000000000000000000000E2
:10CE500000000000000000000000000000000000D2
:10CE600000000000000000000000000000000000C2
:10CE700000000000000000000000000000000000B2
:10CE800000000000000000000000000000000000A2
:10CE90000000000000000000000000000000000092
:04000005100001E9FD
:00000001FF
